{
  "101": 0.010471204188481676,
  "AMS": 0.005235602094240838,
  "About": 0.005235602094240838,
  "Agenda": 0.005235602094240838,
  "Area": 0.005235602094240838,
  "Autom": 0.005235602094240838,
  "BOF": 0.010471204188481676,
  "Blog": 0.010471204188481676,
  "Commun": 0.005235602094240838,
  "Contact": 0.010471204188481676,
  "Content": 0.005235602094240838,
  "Datatrack": 0.015706806282722512,
  "Date": 0.005235602094240838,
  "Document": 0.005235602094240838,
  "Draft": 0.005235602094240838,
  "Editor": 0.005235602094240838,
  "Email": 0.015706806282722512,
  "Face": 0.010471204188481676,
  "Format": 0.005235602094240838,
  "Go": 0.005235602094240838,
  "Group": 0.05235602094240838,
  "Guidanc": 0.005235602094240838,
  "Hide": 0.005235602094240838,
  "How": 0.005235602094240838,
  "IAB": 0.005235602094240838,
  "IANA": 0.005235602094240838,
  "IAOC": 0.005235602094240838,
  "IESG": 0.010471204188481676,
  "IETF": 0.05759162303664921,
  "IRTF": 0.005235602094240838,
  "ISOC": 0.005235602094240838,
  "Important": 0.005235602094240838,
  "In": 0.005235602094240838,
  "Info": 0.010471204188481676,
  "Intellectu": 0.005235602094240838,
  "Interim": 0.010471204188481676,
  "Internet": 0.015706806282722512,
  "Kei": 0.005235602094240838,
  "London": 0.010471204188481676,
  "Materi": 0.005235602094240838,
  "Meet": 0.02617801047120419,
  "Minut": 0.005235602094240838,
  "Mission": 0.005235602094240838,
  "New": 0.02617801047120419,
  "Next": 0.005235602094240838,
  "Online": 0.005235602094240838,
  "Particip": 0.005235602094240838,
  "Privaci": 0.005235602094240838,
  "Quick": 0.010471204188481676,
  "RFC": 0.010471204188481676,
  "Request": 0.031413612565445025,
  "Research": 0.010471204188481676,
  "Run": 0.005235602094240838,
  "Sandbox": 0.005235602094240838,
  "Search": 0.03664921465968586,
  "Secretariat": 0.005235602094240838,
  "Session": 0.010471204188481676,
  "Standard": 0.005235602094240838,
  "Statement": 0.010471204188481676,
  "Style": 0.005235602094240838,
  "Support": 0.005235602094240838,
  "The": 0.005235602094240838,
  "These": 0.005235602094240838,
  "Thing": 0.005235602094240838,
  "Tool": 0.010471204188481676,
  "Topic": 0.005235602094240838,
  "Trust": 0.005235602094240838,
  "Update": 0.005235602094240838,
  "Virtual": 0.005235602094240838,
  "WG": 0.015706806282722512,
  "WebEx": 0.005235602094240838,
  "Websit": 0.005235602094240838,
  "Who": 0.005235602094240838,
  "Work": 0.041884816753926704,
  "Writeup": 0.005235602094240838,
  "archiv": 0.010471204188481676,
  "blog": 0.010471204188481676,
  "chair": 0.031413612565445025,
  "code": 0.005235602094240838,
  "discuss": 0.005235602094240838,
  "event": 0.005235602094240838,
  "group": 0.010471204188481676,
  "interest": 0.005235602094240838,
  "link": 0.010471204188481676,
  "list": 0.015706806282722512,
  "manag": 0.005235602094240838,
  "mileston": 0.005235602094240838,
  "network": 0.005235602094240838,
  "polici": 0.005235602094240838,
  "principl": 0.005235602094240838,
  "process": 0.005235602094240838,
  "properti": 0.005235602094240838,
  "request": 0.005235602094240838,
  "resourc": 0.02617801047120419,
  "right": 0.005235602094240838,
  "search": 0.010471204188481676,
  "session": 0.02617801047120419,
  "standard": 0.005235602094240838,
  "technolog": 0.005235602094240838,
  "tool": 0.005235602094240838,
  "transport": 0.005235602094240838,
  "work": 0.010471204188481676
}