{
  "101": 0.009216589861751152,
  "2014": 0.004608294930875576,
  "A": 0.009216589861751152,
  "AD": 0.009216589861751152,
  "AMS": 0.004608294930875576,
  "About": 0.004608294930875576,
  "Agenda": 0.004608294930875576,
  "Area": 0.009216589861751152,
  "Autom": 0.004608294930875576,
  "BOF": 0.004608294930875576,
  "Blog": 0.009216589861751152,
  "Commun": 0.004608294930875576,
  "Contact": 0.009216589861751152,
  "Content": 0.004608294930875576,
  "Datatrack": 0.013824884792626729,
  "Depend": 0.004608294930875576,
  "Director": 0.004608294930875576,
  "Document": 0.013824884792626729,
  "Draft": 0.004608294930875576,
  "Editor": 0.004608294930875576,
  "Email": 0.013824884792626729,
  "Essai": 0.004608294930875576,
  "Februari": 0.004608294930875576,
  "For": 0.009216589861751152,
  "Format": 0.004608294930875576,
  "Go": 0.004608294930875576,
  "Group": 0.02304147465437788,
  "Here": 0.004608294930875576,
  "Hide": 0.004608294930875576,
  "How": 0.004608294930875576,
  "IAB": 0.004608294930875576,
  "IANA": 0.004608294930875576,
  "IAOC": 0.004608294930875576,
  "IESG": 0.013824884792626729,
  "IETF": 0.04608294930875576,
  "IRTF": 0.004608294930875576,
  "ISOC": 0.004608294930875576,
  "In": 0.009216589861751152,
  "Info": 0.009216589861751152,
  "Intellectu": 0.004608294930875576,
  "Internet": 0.013824884792626729,
  "Kei": 0.004608294930875576,
  "London": 0.009216589861751152,
  "Materi": 0.004608294930875576,
  "Meet": 0.009216589861751152,
  "Minut": 0.004608294930875576,
  "Mission": 0.004608294930875576,
  "New": 0.02304147465437788,
  "Online": 0.004608294930875576,
  "Particip": 0.004608294930875576,
  "Privaci": 0.004608294930875576,
  "Q": 0.009216589861751152,
  "Quick": 0.009216589861751152,
  "RFC": 0.009216589861751152,
  "Request": 0.004608294930875576,
  "Run": 0.004608294930875576,
  "Sandbox": 0.004608294930875576,
  "Search": 0.03225806451612903,
  "Secretariat": 0.004608294930875576,
  "Shepherd": 0.004608294930875576,
  "Standard": 0.004608294930875576,
  "Statement": 0.009216589861751152,
  "Style": 0.013824884792626729,
  "Support": 0.004608294930875576,
  "The": 0.009216589861751152,
  "There": 0.004608294930875576,
  "Thing": 0.004608294930875576,
  "Tool": 0.009216589861751152,
  "Topic": 0.004608294930875576,
  "Trust": 0.004608294930875576,
  "Update": 0.004608294930875576,
  "WG": 0.013824884792626729,
  "WebEx": 0.004608294930875576,
  "Websit": 0.004608294930875576,
  "Who": 0.004608294930875576,
  "Work": 0.02304147465437788,
  "Writeup": 0.013824884792626729,
  "altern": 0.004608294930875576,
  "answer": 0.004608294930875576,
  "approv": 0.004608294930875576,
  "archiv": 0.009216589861751152,
  "blog": 0.009216589861751152,
  "chair": 0.02304147465437788,
  "check": 0.004608294930875576,
  "choos": 0.004608294930875576,
  "code": 0.004608294930875576,
  "discuss": 0.004608294930875576,
  "document": 0.009216589861751152,
  "essai": 0.009216589861751152,
  "event": 0.004608294930875576,
  "exampl": 0.004608294930875576,
  "fill": 0.004608294930875576,
  "group": 0.018433179723502304,
  "individu": 0.009216589861751152,
  "interest": 0.004608294930875576,
  "link": 0.009216589861751152,
  "list": 0.013824884792626729,
  "manag": 0.004608294930875576,
  "mileston": 0.004608294930875576,
  "network": 0.004608294930875576,
  "polici": 0.004608294930875576,
  "prefer": 0.004608294930875576,
  "principl": 0.004608294930875576,
  "process": 0.004608294930875576,
  "properti": 0.004608294930875576,
  "question": 0.004608294930875576,
  "resourc": 0.018433179723502304,
  "respons": 0.004608294930875576,
  "right": 0.004608294930875576,
  "search": 0.009216589861751152,
  "session": 0.009216589861751152,
  "shepherd": 0.009216589861751152,
  "standard": 0.004608294930875576,
  "style": 0.027649769585253458,
  "submiss": 0.009216589861751152,
  "technolog": 0.004608294930875576,
  "tool": 0.004608294930875576,
  "transport": 0.004608294930875576,
  "version": 0.004608294930875576,
  "work": 0.018433179723502304,
  "writeup": 0.03225806451612903
}