{
  "101": 0.008733624454148471,
  "92": 0.004366812227074236,
  "AMS": 0.004366812227074236,
  "About": 0.008733624454148471,
  "Applicat": 0.004366812227074236,
  "Area": 0.056768558951965066,
  "Autom": 0.004366812227074236,
  "Blog": 0.008733624454148471,
  "Commun": 0.004366812227074236,
  "Contact": 0.008733624454148471,
  "DCCP": 0.004366812227074236,
  "Datatrack": 0.008733624454148471,
  "Draft": 0.004366812227074236,
  "Editor": 0.004366812227074236,
  "Email": 0.013100436681222707,
  "Go": 0.004366812227074236,
  "Group": 0.004366812227074236,
  "Hide": 0.004366812227074236,
  "How": 0.004366812227074236,
  "IAB": 0.004366812227074236,
  "IANA": 0.004366812227074236,
  "IAOC": 0.004366812227074236,
  "IESG": 0.008733624454148471,
  "IETF": 0.056768558951965066,
  "IPv4": 0.004366812227074236,
  "IPv6": 0.004366812227074236,
  "IRTF": 0.004366812227074236,
  "ISOC": 0.004366812227074236,
  "In": 0.004366812227074236,
  "Info": 0.004366812227074236,
  "Intellectu": 0.004366812227074236,
  "Internet": 0.017467248908296942,
  "Introduct": 0.004366812227074236,
  "Kei": 0.004366812227074236,
  "London": 0.008733624454148471,
  "Manag": 0.004366812227074236,
  "Meet": 0.004366812227074236,
  "Mission": 0.004366812227074236,
  "NFS": 0.004366812227074236,
  "New": 0.021834061135371178,
  "Online": 0.004366812227074236,
  "Operat": 0.004366812227074236,
  "Particip": 0.008733624454148471,
  "Privaci": 0.004366812227074236,
  "Quick": 0.008733624454148471,
  "RFC": 0.008733624454148471,
  "Real": 0.004366812227074236,
  "Rout": 0.004366812227074236,
  "Run": 0.004366812227074236,
  "SCTP": 0.004366812227074236,
  "Search": 0.03056768558951965,
  "Secretariat": 0.004366812227074236,
  "Secur": 0.004366812227074236,
  "Servic": 0.004366812227074236,
  "Slide": 0.004366812227074236,
  "Standard": 0.004366812227074236,
  "Statement": 0.008733624454148471,
  "Support": 0.004366812227074236,
  "TCP": 0.004366812227074236,
  "TSV": 0.017467248908296942,
  "The": 0.008733624454148471,
  "Thi": 0.004366812227074236,
  "Thing": 0.004366812227074236,
  "Time": 0.004366812227074236,
  "Tool": 0.008733624454148471,
  "Topic": 0.004366812227074236,
  "Transport": 0.021834061135371178,
  "Trust": 0.004366812227074236,
  "Tutori": 0.004366812227074236,
  "UDP": 0.004366812227074236,
  "Video": 0.004366812227074236,
  "WG": 0.008733624454148471,
  "Websit": 0.004366812227074236,
  "Who": 0.004366812227074236,
  "Work": 0.004366812227074236,
  "address": 0.004366812227074236,
  "archiv": 0.008733624454148471,
  "area": 0.008733624454148471,
  "avoid": 0.004366812227074236,
  "blog": 0.008733624454148471,
  "chair": 0.008733624454148471,
  "code": 0.004366812227074236,
  "congest": 0.008733624454148471,
  "coordin": 0.008733624454148471,
  "core": 0.004366812227074236,
  "cover": 0.008733624454148471,
  "current": 0.004366812227074236,
  "data": 0.004366812227074236,
  "develop": 0.004366812227074236,
  "discuss": 0.004366812227074236,
  "event": 0.004366812227074236,
  "firewal": 0.004366812227074236,
  "flow": 0.004366812227074236,
  "futur": 0.004366812227074236,
  "group": 0.008733624454148471,
  "high": 0.004366812227074236,
  "histori": 0.004366812227074236,
  "iFC": 0.004366812227074236,
  "iSCSI": 0.004366812227074236,
  "interest": 0.004366812227074236,
  "introduct": 0.034934497816593885,
  "level": 0.004366812227074236,
  "link": 0.008733624454148471,
  "list": 0.013100436681222707,
  "manag": 0.004366812227074236,
  "mechan": 0.004366812227074236,
  "middlebox": 0.004366812227074236,
  "mitig": 0.004366812227074236,
  "network": 0.013100436681222707,
  "notif": 0.004366812227074236,
  "optim": 0.004366812227074236,
  "organ": 0.004366812227074236,
  "overview": 0.017467248908296942,
  "polici": 0.004366812227074236,
  "principl": 0.004366812227074236,
  "process": 0.004366812227074236,
  "properti": 0.004366812227074236,
  "protocol": 0.004366812227074236,
  "resourc": 0.008733624454148471,
  "respect": 0.004366812227074236,
  "right": 0.004366812227074236,
  "search": 0.008733624454148471,
  "servic": 0.004366812227074236,
  "standard": 0.004366812227074236,
  "storag": 0.004366812227074236,
  "summar": 0.004366812227074236,
  "technolog": 0.004366812227074236,
  "tool": 0.004366812227074236,
  "traffic": 0.004366812227074236,
  "translat": 0.004366812227074236,
  "transport": 0.017467248908296942,
  "tutori": 0.017467248908296942,
  "will": 0.004366812227074236,
  "work": 0.021834061135371178
}