{
  "1003": 0.0026954177897574125,
  "101": 0.005390835579514825,
  "3": 0.0026954177897574125,
  "AMS": 0.0026954177897574125,
  "About": 0.0026954177897574125,
  "Account": 0.0026954177897574125,
  "Agenda": 0.0026954177897574125,
  "Area": 0.0026954177897574125,
  "Autom": 0.0026954177897574125,
  "BOF": 0.0026954177897574125,
  "Blog": 0.005390835579514825,
  "Call": 0.0026954177897574125,
  "Center": 0.0026954177897574125,
  "Chair": 0.0026954177897574125,
  "Chang": 0.0026954177897574125,
  "Click": 0.0026954177897574125,
  "Commun": 0.0026954177897574125,
  "Confer": 0.0026954177897574125,
  "Contact": 0.008086253369272238,
  "Content": 0.0026954177897574125,
  "DOC": 0.0026954177897574125,
  "Datatrack": 0.008086253369272238,
  "Document": 0.005390835579514825,
  "Draft": 0.0026954177897574125,
  "Each": 0.0026954177897574125,
  "Editor": 0.0026954177897574125,
  "Email": 0.008086253369272238,
  "FAQ": 0.0026954177897574125,
  "For": 0.005390835579514825,
  "Format": 0.0026954177897574125,
  "Go": 0.0026954177897574125,
  "Group": 0.016172506738544475,
  "Guidanc": 0.0026954177897574125,
  "Help": 0.0026954177897574125,
  "Hide": 0.0026954177897574125,
  "Hint": 0.0026954177897574125,
  "How": 0.0026954177897574125,
  "IAB": 0.0026954177897574125,
  "IANA": 0.0026954177897574125,
  "IAOC": 0.0026954177897574125,
  "IESG": 0.008086253369272238,
  "IETF": 0.03504043126684636,
  "IRTF": 0.0026954177897574125,
  "ISOC": 0.0026954177897574125,
  "If": 0.0026954177897574125,
  "In": 0.0026954177897574125,
  "Info": 0.005390835579514825,
  "Intellectu": 0.0026954177897574125,
  "Interim": 0.0026954177897574125,
  "Internat": 0.0026954177897574125,
  "Internet": 0.008086253369272238,
  "Jabber": 0.0026954177897574125,
  "Kei": 0.0026954177897574125,
  "London": 0.005390835579514825,
  "Materi": 0.0026954177897574125,
  "Meet": 0.013477088948787063,
  "Minut": 0.0026954177897574125,
  "Mission": 0.0026954177897574125,
  "New": 0.013477088948787063,
  "Note": 0.0026954177897574125,
  "Once": 0.0026954177897574125,
  "Online": 0.0026954177897574125,
  "Particip": 0.005390835579514825,
  "Pleas": 0.008086253369272238,
  "Present": 0.005390835579514825,
  "Privaci": 0.0026954177897574125,
  "Quick": 0.005390835579514825,
  "RFC": 0.005390835579514825,
  "Record": 0.0026954177897574125,
  "Request": 0.0026954177897574125,
  "Role": 0.0026954177897574125,
  "Run": 0.0026954177897574125,
  "S": 0.0026954177897574125,
  "Sandbox": 0.0026954177897574125,
  "Search": 0.018867924528301886,
  "Secretariat": 0.018867924528301886,
  "Session": 0.0026954177897574125,
  "Set": 0.0026954177897574125,
  "Share": 0.0026954177897574125,
  "Skype": 0.0026954177897574125,
  "Standard": 0.0026954177897574125,
  "Start": 0.0026954177897574125,
  "State": 0.0026954177897574125,
  "Statement": 0.005390835579514825,
  "Style": 0.0026954177897574125,
  "Support": 0.0026954177897574125,
  "The": 0.005390835579514825,
  "Thi": 0.005390835579514825,
  "Thing": 0.0026954177897574125,
  "To": 0.016172506738544475,
  "Tool": 0.005390835579514825,
  "Topic": 0.0026954177897574125,
  "Trust": 0.0026954177897574125,
  "U": 0.0026954177897574125,
  "Unite": 0.0026954177897574125,
  "Up": 0.0026954177897574125,
  "Update": 0.0026954177897574125,
  "WG": 0.018867924528301886,
  "WebEx": 0.026954177897574125,
  "Websit": 0.0026954177897574125,
  "Who": 0.0026954177897574125,
  "Work": 0.016172506738544475,
  "Writeup": 0.0026954177897574125,
  "You": 0.0026954177897574125,
  "Your": 0.0026954177897574125,
  "access": 0.0026954177897574125,
  "accident": 0.0026954177897574125,
  "account": 0.018867924528301886,
  "address": 0.0026954177897574125,
  "administ": 0.0026954177897574125,
  "advis": 0.0026954177897574125,
  "alia": 0.0026954177897574125,
  "allow": 0.0026954177897574125,
  "announc": 0.0026954177897574125,
  "archiv": 0.005390835579514825,
  "assign": 0.005390835579514825,
  "associ": 0.0026954177897574125,
  "audio": 0.0026954177897574125,
  "automat": 0.0026954177897574125,
  "blog": 0.005390835579514825,
  "busi": 0.0026954177897574125,
  "call": 0.0026954177897574125,
  "caller": 0.0026954177897574125,
  "chair": 0.02425876010781671,
  "chang": 0.0026954177897574125,
  "choos": 0.008086253369272238,
  "click": 0.008086253369272238,
  "code": 0.0026954177897574125,
  "confer": 0.0026954177897574125,
  "connect": 0.0026954177897574125,
  "contact": 0.005390835579514825,
  "dai": 0.0026954177897574125,
  "detail": 0.0026954177897574125,
  "discuss": 0.0026954177897574125,
  "doc": 0.0026954177897574125,
  "document": 0.005390835579514825,
  "don": 0.0026954177897574125,
  "email": 0.008086253369272238,
  "event": 0.005390835579514825,
  "facilit": 0.0026954177897574125,
  "forget": 0.0026954177897574125,
  "free": 0.005390835579514825,
  "group": 0.013477088948787063,
  "help": 0.005390835579514825,
  "http": 0.0026954177897574125,
  "icon": 0.005390835579514825,
  "iesg": 0.008086253369272238,
  "ietf": 0.01078167115902965,
  "interest": 0.0026954177897574125,
  "jabber": 0.0026954177897574125,
  "let": 0.0026954177897574125,
  "link": 0.005390835579514825,
  "list": 0.008086253369272238,
  "lock": 0.0026954177897574125,
  "login": 0.0026954177897574125,
  "manag": 0.0026954177897574125,
  "meet": 0.005390835579514825,
  "menu": 0.008086253369272238,
  "microphon": 0.0026954177897574125,
  "mileston": 0.0026954177897574125,
  "mute": 0.0026954177897574125,
  "network": 0.0026954177897574125,
  "note": 0.0026954177897574125,
  "number": 0.008086253369272238,
  "offici": 0.0026954177897574125,
  "order": 0.0026954177897574125,
  "org": 0.01078167115902965,
  "particip": 0.01078167115902965,
  "password": 0.005390835579514825,
  "polici": 0.0026954177897574125,
  "present": 0.0026954177897574125,
  "principl": 0.0026954177897574125,
  "prior": 0.0026954177897574125,
  "process": 0.0026954177897574125,
  "properti": 0.0026954177897574125,
  "receiv": 0.005390835579514825,
  "record": 0.0026954177897574125,
  "request": 0.013477088948787063,
  "requir": 0.0026954177897574125,
  "reset": 0.0026954177897574125,
  "resourc": 0.01078167115902965,
  "respons": 0.0026954177897574125,
  "right": 0.0026954177897574125,
  "schedul": 0.0026954177897574125,
  "search": 0.005390835579514825,
  "secretari": 0.008086253369272238,
  "send": 0.0026954177897574125,
  "servic": 0.0026954177897574125,
  "session": 0.008086253369272238,
  "share": 0.008086253369272238,
  "standard": 0.0026954177897574125,
  "statement": 0.0026954177897574125,
  "submit": 0.0026954177897574125,
  "sure": 0.0026954177897574125,
  "t": 0.0026954177897574125,
  "technolog": 0.0026954177897574125,
  "toll": 0.008086253369272238,
  "tool": 0.0026954177897574125,
  "transport": 0.0026954177897574125,
  "uniqu": 0.0026954177897574125,
  "unmut": 0.0026954177897574125,
  "webex": 0.0026954177897574125,
  "week": 0.0026954177897574125,
  "will": 0.01078167115902965,
  "work": 0.016172506738544475
}