{
  "101": 0.0022935779816513763,
  "98": 0.010321100917431193,
  "AMS": 0.0022935779816513763,
  "About": 0.0022935779816513763,
  "Advanc": 0.0011467889908256881,
  "After": 0.0022935779816513763,
  "Agenda": 0.0022935779816513763,
  "All": 0.0022935779816513763,
  "Announcement": 0.0022935779816513763,
  "Archive": 0.0011467889908256881,
  "Area": 0.0011467889908256881,
  "As": 0.0022935779816513763,
  "Associat": 0.0011467889908256881,
  "Attende": 0.0022935779816513763,
  "Audio": 0.0045871559633027525,
  "Autom": 0.0011467889908256881,
  "BOF": 0.0022935779816513763,
  "Blog": 0.0034403669724770644,
  "Brief": 0.0011467889908256881,
  "Chair": 0.0011467889908256881,
  "Charter": 0.0011467889908256881,
  "Chicago": 0.0022935779816513763,
  "Commun": 0.0022935779816513763,
  "Contact": 0.0045871559633027525,
  "Copyright": 0.0011467889908256881,
  "Custom": 0.0011467889908256881,
  "Datatrack": 0.0045871559633027525,
  "Date": 0.0011467889908256881,
  "Disclosur": 0.0022935779816513763,
  "Discuss": 0.0011467889908256881,
  "Draft": 0.0022935779816513763,
  "Dure": 0.0022935779816513763,
  "Each": 0.0045871559633027525,
  "Ed": 0.0011467889908256881,
  "Editor": 0.0034403669724770644,
  "Edu": 0.0011467889908256881,
  "Email": 0.0045871559633027525,
  "Enabl": 0.0011467889908256881,
  "Error": 0.0011467889908256881,
  "Extend": 0.0011467889908256881,
  "File": 0.0011467889908256881,
  "For": 0.006880733944954129,
  "Gener": 0.0022935779816513763,
  "Go": 0.0011467889908256881,
  "Group": 0.0045871559633027525,
  "Groupchat": 0.0034403669724770644,
  "Hide": 0.0011467889908256881,
  "Home": 0.0022935779816513763,
  "How": 0.0022935779816513763,
  "IAB": 0.0022935779816513763,
  "IANA": 0.0045871559633027525,
  "IAOC": 0.0011467889908256881,
  "IASA": 0.0011467889908256881,
  "IESG": 0.0034403669724770644,
  "IETF": 0.04128440366972477,
  "IETF98": 0.0022935779816513763,
  "IPR": 0.0022935779816513763,
  "IRTF": 0.0022935779816513763,
  "ISOC": 0.0022935779816513763,
  "If": 0.0022935779816513763,
  "Important": 0.0011467889908256881,
  "In": 0.006880733944954129,
  "Index": 0.0011467889908256881,
  "Info": 0.0034403669724770644,
  "Infringement": 0.0011467889908256881,
  "Intellectu": 0.0011467889908256881,
  "Interim": 0.0011467889908256881,
  "Internet": 0.0045871559633027525,
  "Jabber": 0.01261467889908257,
  "Javascript": 0.0011467889908256881,
  "Journal": 0.0011467889908256881,
  "LLC": 0.0011467889908256881,
  "Liaison": 0.0034403669724770644,
  "Link": 0.0022935779816513763,
  "List": 0.009174311926605505,
  "Log": 0.0034403669724770644,
  "London": 0.0022935779816513763,
  "Mail": 0.0045871559633027525,
  "Main": 0.0022935779816513763,
  "Manag": 0.0022935779816513763,
  "Media": 0.0011467889908256881,
  "Meet": 0.010321100917431193,
  "Meetecho": 0.017201834862385322,
  "Member": 0.0011467889908256881,
  "Mentor": 0.0011467889908256881,
  "Minut": 0.0011467889908256881,
  "Mission": 0.0022935779816513763,
  "New": 0.005733944954128441,
  "Newcom": 0.0011467889908256881,
  "No": 0.006880733944954129,
  "NomCom": 0.0011467889908256881,
  "Non": 0.0011467889908256881,
  "Normal": 0.0011467889908256881,
  "Note": 0.0011467889908256881,
  "Ombudsteam": 0.0011467889908256881,
  "Online": 0.0011467889908256881,
  "Page": 0.008027522935779817,
  "Paramet": 0.0011467889908256881,
  "Particip": 0.0045871559633027525,
  "Past": 0.0022935779816513763,
  "Pleas": 0.0034403669724770644,
  "Plenari": 0.0022935779816513763,
  "Polici": 0.0011467889908256881,
  "Privaci": 0.0011467889908256881,
  "Proceed": 0.0011467889908256881,
  "Process": 0.0011467889908256881,
  "Program": 0.0011467889908256881,
  "Protocol": 0.0011467889908256881,
  "Queue": 0.0011467889908256881,
  "Quick": 0.0022935779816513763,
  "RFC": 0.006880733944954129,
  "Record": 0.0011467889908256881,
  "Registr": 0.0045871559633027525,
  "Remot": 0.0034403669724770644,
  "Report": 0.0022935779816513763,
  "Requir": 0.0011467889908256881,
  "Resourc": 0.0011467889908256881,
  "Run": 0.0011467889908256881,
  "Search": 0.011467889908256881,
  "Secretariat": 0.0034403669724770644,
  "Servic": 0.0022935779816513763,
  "Site": 0.0011467889908256881,
  "Solut": 0.0011467889908256881,
  "Standard": 0.0022935779816513763,
  "Statement": 0.0045871559633027525,
  "Store": 0.0011467889908256881,
  "Stream": 0.0034403669724770644,
  "Submit": 0.0011467889908256881,
  "Subpoena": 0.0011467889908256881,
  "Support": 0.0011467889908256881,
  "Team": 0.0034403669724770644,
  "The": 0.01261467889908257,
  "Thing": 0.0011467889908256881,
  "Tool": 0.005733944954128441,
  "Topic": 0.0011467889908256881,
  "Transit": 0.0011467889908256881,
  "Trust": 0.0022935779816513763,
  "Tutori": 0.0011467889908256881,
  "Upcome": 0.0011467889908256881,
  "Us": 0.0011467889908256881,
  "Video": 0.0034403669724770644,
  "View": 0.0011467889908256881,
  "WG": 0.005733944954128441,
  "Web": 0.0011467889908256881,
  "Websit": 0.0011467889908256881,
  "Well": 0.0011467889908256881,
  "Who": 0.0011467889908256881,
  "Wiki": 0.0011467889908256881,
  "Work": 0.0045871559633027525,
  "XMPP": 0.0034403669724770644,
  "Ye": 0.011467889908256881,
  "You": 0.0045871559633027525,
  "access": 0.009174311926605505,
  "acronym": 0.0022935779816513763,
  "action": 0.0011467889908256881,
  "addit": 0.006880733944954129,
  "advanc": 0.0022935779816513763,
  "agenda": 0.01834862385321101,
  "alto": 0.0022935779816513763,
  "archiv": 0.0022935779816513763,
  "arrang": 0.0022935779816513763,
  "associ": 0.0022935779816513763,
  "attempt": 0.0022935779816513763,
  "attende": 0.006880733944954129,
  "audio": 0.013761467889908258,
  "blog": 0.0022935779816513763,
  "breakout": 0.0022935779816513763,
  "chair": 0.0022935779816513763,
  "chat": 0.0022935779816513763,
  "chatroom": 0.011467889908256881,
  "code": 0.0011467889908256881,
  "commentari": 0.0022935779816513763,
  "connect": 0.0045871559633027525,
  "continu": 0.0022935779816513763,
  "convers": 0.0022935779816513763,
  "current": 0.006880733944954129,
  "datatrack": 0.0022935779816513763,
  "default": 0.0022935779816513763,
  "depth": 0.0011467889908256881,
  "discuss": 0.0034403669724770644,
  "earli": 0.0022935779816513763,
  "editor": 0.0022935779816513763,
  "email": 0.006880733944954129,
  "encourag": 0.0022935779816513763,
  "event": 0.0022935779816513763,
  "experi": 0.006880733944954129,
  "fee": 0.0022935779816513763,
  "fill": 0.0022935779816513763,
  "form": 0.0022935779816513763,
  "gener": 0.0022935779816513763,
  "go": 0.0022935779816513763,
  "group": 0.0034403669724770644,
  "hallwai": 0.0022935779816513763,
  "hear": 0.0022935779816513763,
  "html": 0.0045871559633027525,
  "http": 0.0045871559633027525,
  "ietf": 0.016055045871559634,
  "improv": 0.0022935779816513763,
  "includ": 0.0022935779816513763,
  "informaiton": 0.0022935779816513763,
  "interact": 0.0011467889908256881,
  "interest": 0.0011467889908256881,
  "issu": 0.0022935779816513763,
  "jabber": 0.011467889908256881,
  "join": 0.0045871559633027525,
  "link": 0.0022935779816513763,
  "list": 0.014908256880733946,
  "local": 0.0011467889908256881,
  "mail": 0.0022935779816513763,
  "manag": 0.0011467889908256881,
  "materi": 0.0022935779816513763,
  "meet": 0.03211009174311927,
  "network": 0.0011467889908256881,
  "nonspecif": 0.0022935779816513763,
  "note": 0.0045871559633027525,
  "number": 0.0045871559633027525,
  "offer": 0.0022935779816513763,
  "offici": 0.009174311926605505,
  "onlin": 0.0022935779816513763,
  "open": 0.0022935779816513763,
  "opportun": 0.0022935779816513763,
  "option": 0.0022935779816513763,
  "org": 0.014908256880733946,
  "particip": 0.01261467889908257,
  "pass": 0.0022935779816513763,
  "plenari": 0.0045871559633027525,
  "polici": 0.0011467889908256881,
  "present": 0.006880733944954129,
  "principl": 0.0011467889908256881,
  "problem": 0.0011467889908256881,
  "process": 0.0011467889908256881,
  "properti": 0.0011467889908256881,
  "provid": 0.0034403669724770644,