{
  "101": 0.0136986301369863,
  "2018": 0.0045662100456621,
  "A": 0.0045662100456621,
  "AMS": 0.0045662100456621,
  "About": 0.0045662100456621,
  "Area": 0.0045662100456621,
  "Audio": 0.0045662100456621,
  "Autom": 0.0045662100456621,
  "Beverag": 0.0045662100456621,
  "Blog": 0.0091324200913242,
  "Center": 0.0045662100456621,
  "Commun": 0.0045662100456621,
  "Contact": 0.0091324200913242,
  "Datatrack": 0.0091324200913242,
  "Date": 0.0045662100456621,
  "Draft": 0.0045662100456621,
  "Editor": 0.0045662100456621,
  "Email": 0.0136986301369863,
  "For": 0.0091324200913242,
  "Go": 0.0045662100456621,
  "Group": 0.0045662100456621,
  "Hide": 0.0045662100456621,
  "How": 0.0091324200913242,
  "IAB": 0.0045662100456621,
  "IANA": 0.0045662100456621,
  "IAOC": 0.0045662100456621,
  "IESG": 0.0091324200913242,
  "IETF": 0.0547945205479452,
  "IRTF": 0.0045662100456621,
  "ISOC": 0.0045662100456621,
  "Important": 0.0045662100456621,
  "In": 0.0045662100456621,
  "Info": 0.0045662100456621,
  "Intellectu": 0.0045662100456621,
  "Interim": 0.0045662100456621,
  "Internet": 0.0136986301369863,
  "Jabber": 0.0045662100456621,
  "Kei": 0.0045662100456621,
  "Linespe": 0.0045662100456621,
  "London": 0.0136986301369863,
  "Meet": 0.0410958904109589,
  "Mission": 0.0045662100456621,
  "NOC": 0.0045662100456621,
  "Network": 0.0045662100456621,
  "NetworkPleas": 0.0045662100456621,
  "New": 0.0228310502283105,
  "Next": 0.0045662100456621,
  "Online": 0.0045662100456621,
  "Operat": 0.0045662100456621,
  "Particip": 0.0045662100456621,
  "Past": 0.0045662100456621,
  "Pleas": 0.0045662100456621,
  "Privaci": 0.0045662100456621,
  "Proceed": 0.0045662100456621,
  "Projector": 0.0045662100456621,
  "Quick": 0.0091324200913242,
  "RFC": 0.0091324200913242,
  "Regist": 0.0045662100456621,
  "Report": 0.0091324200913242,
  "Run": 0.0045662100456621,
  "Search": 0.0319634703196347,
  "Secretariat": 0.0091324200913242,
  "Standard": 0.0045662100456621,
  "Statement": 0.0091324200913242,
  "Stream": 0.0045662100456621,
  "Support": 0.0045662100456621,
  "Temperatur": 0.0045662100456621,
  "The": 0.0136986301369863,
  "Thing": 0.0045662100456621,
  "Tool": 0.0091324200913242,
  "Topic": 0.0045662100456621,
  "Trust": 0.0045662100456621,
  "Upcome": 0.0045662100456621,
  "V": 0.0045662100456621,
  "WG": 0.0091324200913242,
  "Websit": 0.0045662100456621,
  "What": 0.0045662100456621,
  "Who": 0.0045662100456621,
  "Work": 0.0045662100456621,
  "archiv": 0.0091324200913242,
  "audio": 0.0045662100456621,
  "blog": 0.0091324200913242,
  "chair": 0.0091324200913242,
  "code": 0.0045662100456621,
  "compos": 0.0045662100456621,
  "discuss": 0.0045662100456621,
  "email": 0.0045662100456621,
  "event": 0.0136986301369863,
  "fluctuat": 0.0045662100456621,
  "food": 0.0045662100456621,
  "group": 0.0045662100456621,
  "ietf": 0.0091324200913242,
  "interest": 0.0045662100456621,
  "issu": 0.0410958904109589,
  "link": 0.0091324200913242,
  "list": 0.0136986301369863,
  "mail": 0.0045662100456621,
  "maintain": 0.0091324200913242,
  "manag": 0.0045662100456621,
  "meet": 0.0228310502283105,
  "mtd": 0.0045662100456621,
  "network": 0.0136986301369863,
  "org": 0.0091324200913242,
  "polici": 0.0045662100456621,
  "principl": 0.0045662100456621,
  "problem": 0.0091324200913242,
  "process": 0.0045662100456621,
  "properti": 0.0045662100456621,
  "rais": 0.0045662100456621,
  "report": 0.0182648401826484,
  "resourc": 0.0091324200913242,
  "right": 0.0045662100456621,
  "room": 0.0045662100456621,
  "search": 0.0091324200913242,
  "send": 0.0091324200913242,
  "standard": 0.0045662100456621,
  "stream": 0.0045662100456621,
  "system": 0.0091324200913242,
  "t": 0.0045662100456621,
  "team": 0.0045662100456621,
  "technolog": 0.0045662100456621,
  "thing": 0.0045662100456621,
  "ticket": 0.0136986301369863,
  "tool": 0.0045662100456621,
  "track": 0.0045662100456621,
  "transport": 0.0045662100456621,
  "venu": 0.0045662100456621,
  "volunt": 0.0045662100456621,
  "will": 0.0045662100456621,
  "work": 0.0136986301369863
}