{
  "1": 0.003676470588235294,
  "101": 0.007352941176470588,
  "4071": 0.007352941176470588,
  "AMS": 0.003676470588235294,
  "About": 0.007352941176470588,
  "Activiti": 0.011029411764705883,
  "Administr": 0.04044117647058824,
  "Architectur": 0.007352941176470588,
  "Area": 0.003676470588235294,
  "Austein": 0.003676470588235294,
  "Autom": 0.003676470588235294,
  "Bibliographi": 0.003676470588235294,
  "Blog": 0.007352941176470588,
  "Board": 0.007352941176470588,
  "Committe": 0.025735294117647058,
  "Commun": 0.003676470588235294,
  "Contact": 0.007352941176470588,
  "Datatrack": 0.007352941176470588,
  "Director": 0.011029411764705883,
  "Draft": 0.003676470588235294,
  "Editor": 0.003676470588235294,
  "Email": 0.011029411764705883,
  "Engineer": 0.007352941176470588,
  "Forc": 0.007352941176470588,
  "Go": 0.003676470588235294,
  "Group": 0.025735294117647058,
  "Hide": 0.003676470588235294,
  "How": 0.003676470588235294,
  "IAB": 0.007352941176470588,
  "IAD": 0.007352941176470588,
  "IANA": 0.003676470588235294,
  "IAOC": 0.029411764705882353,
  "IASA": 0.011029411764705883,
  "IESG": 0.011029411764705883,
  "IETF": 0.08088235294117647,
  "IRSG": 0.003676470588235294,
  "IRTF": 0.007352941176470588,
  "ISOC": 0.011029411764705883,
  "In": 0.003676470588235294,
  "Info": 0.003676470588235294,
  "Intellectu": 0.003676470588235294,
  "Internet": 0.04044117647058824,
  "It": 0.003676470588235294,
  "Kei": 0.003676470588235294,
  "London": 0.007352941176470588,
  "Meet": 0.003676470588235294,
  "Mission": 0.003676470588235294,
  "New": 0.01838235294117647,
  "Nomin": 0.003676470588235294,
  "Online": 0.003676470588235294,
  "Operat": 0.011029411764705883,
  "Oversight": 0.011029411764705883,
  "Particip": 0.003676470588235294,
  "Pleas": 0.003676470588235294,
  "Privaci": 0.003676470588235294,
  "Quick": 0.007352941176470588,
  "RFC": 0.014705882352941176,
  "Research": 0.007352941176470588,
  "Rob": 0.003676470588235294,
  "Run": 0.003676470588235294,
  "Search": 0.025735294117647058,
  "Secretariat": 0.003676470588235294,
  "Societi": 0.007352941176470588,
  "Standard": 0.003676470588235294,
  "Statement": 0.007352941176470588,
  "Steer": 0.011029411764705883,
  "Structur": 0.003676470588235294,
  "Support": 0.014705882352941176,
  "Task": 0.007352941176470588,
  "Team": 0.003676470588235294,
  "The": 0.01838235294117647,
  "Thi": 0.003676470588235294,
  "Thing": 0.003676470588235294,
  "Tool": 0.011029411764705883,
  "Topic": 0.003676470588235294,
  "Trust": 0.007352941176470588,
  "WG": 0.007352941176470588,
  "Websit": 0.003676470588235294,
  "Who": 0.003676470588235294,
  "Work": 0.007352941176470588,
  "activ": 0.007352941176470588,
  "administr": 0.007352941176470588,
  "archiv": 0.007352941176470588,
  "blog": 0.007352941176470588,
  "carri": 0.003676470588235294,
  "chair": 0.007352941176470588,
  "code": 0.003676470588235294,
  "commun": 0.003676470588235294,
  "contractor": 0.003676470588235294,
  "dai": 0.007352941176470588,
  "defin": 0.003676470588235294,
  "describ": 0.003676470588235294,
  "discuss": 0.003676470588235294,
  "document": 0.003676470588235294,
  "email": 0.003676470588235294,
  "event": 0.003676470588235294,
  "fiscal": 0.007352941176470588,
  "group": 0.003676470588235294,
  "hous": 0.007352941176470588,
  "iaoc": 0.003676470588235294,
  "ietf": 0.003676470588235294,
  "interest": 0.003676470588235294,
  "link": 0.007352941176470588,
  "list": 0.011029411764705883,
  "manag": 0.003676470588235294,
  "network": 0.003676470588235294,
  "oper": 0.003676470588235294,
  "org": 0.003676470588235294,
  "overse": 0.003676470588235294,
  "polici": 0.003676470588235294,
  "principl": 0.003676470588235294,
  "process": 0.007352941176470588,
  "properti": 0.003676470588235294,
  "provid": 0.003676470588235294,
  "resourc": 0.007352941176470588,
  "respons": 0.014705882352941176,
  "right": 0.003676470588235294,
  "role": 0.003676470588235294,
  "search": 0.007352941176470588,
  "send": 0.003676470588235294,
  "standard": 0.007352941176470588,
  "structur": 0.003676470588235294,
  "support": 0.011029411764705883,
  "technolog": 0.003676470588235294,
  "tool": 0.003676470588235294,
  "transport": 0.003676470588235294,
  "volunt": 0.003676470588235294,
  "websit": 0.003676470588235294,
  "work": 0.007352941176470588
}