{
  "1": 0.00625,
  "101": 0.00625,
  "1CQ": 0.003125,
  "802": 0.0375,
  "96": 0.003125,
  "AAA": 0.003125,
  "AMS": 0.003125,
  "About": 0.00625,
  "Access": 0.003125,
  "Address": 0.009375,
  "Area": 0.0125,
  "Autom": 0.003125,
  "Binari": 0.003125,
  "Blog": 0.00625,
  "CBOR": 0.003125,
  "Coexist": 0.003125,
  "Committe": 0.003125,
  "Commun": 0.003125,
  "Concis": 0.003125,
  "Contact": 0.00625,
  "Datatrack": 0.00625,
  "Draft": 0.003125,
  "Editor": 0.003125,
  "Email": 0.009375,
  "Emerg": 0.015625,
  "Ethernet": 0.003125,
  "Fi": 0.003125,
  "Global": 0.003125,
  "Go": 0.003125,
  "Group": 0.003125,
  "Handov": 0.003125,
  "Hide": 0.003125,
  "How": 0.003125,
  "IAB": 0.003125,
  "IANA": 0.003125,
  "IAOC": 0.003125,
  "ICE": 0.003125,
  "IEEE": 0.046875,
  "IESG": 0.00625,
  "IETF": 0.0375,
  "IP": 0.003125,
  "IRTF": 0.003125,
  "ISOC": 0.003125,
  "In": 0.003125,
  "Independ": 0.003125,
  "Info": 0.003125,
  "Intellectu": 0.003125,
  "Internet": 0.0125,
  "Introduct": 0.00625,
  "Kei": 0.003125,
  "LAN": 0.00625,
  "Local": 0.0125,
  "London": 0.00625,
  "MAC": 0.015625,
  "MAN": 0.00625,
  "Media": 0.003125,
  "Meet": 0.003125,
  "Metropolitan": 0.003125,
  "Mission": 0.003125,
  "Multicast": 0.003125,
  "NETCONF": 0.003125,
  "Network": 0.015625,
  "New": 0.015625,
  "Object": 0.003125,
  "Online": 0.003125,
  "P802": 0.003125,
  "P802E": 0.00625,
  "P802c": 0.003125,
  "PAN": 0.003125,
  "PRECIS": 0.003125,
  "Particip": 0.00625,
  "Person": 0.003125,
  "Privaci": 0.0125,
  "Quick": 0.00625,
  "RAN": 0.003125,
  "RFC": 0.009375,
  "Region": 0.003125,
  "Represent": 0.003125,
  "Run": 0.003125,
  "STUN": 0.003125,
  "Search": 0.021875,
  "Secretariat": 0.003125,
  "Servic": 0.003125,
  "Slide": 0.003125,
  "Standard": 0.00625,
  "Statement": 0.00625,
  "Support": 0.003125,
  "TURN": 0.003125,
  "Technic": 0.00625,
  "The": 0.0125,
  "Thi": 0.003125,
  "Thing": 0.003125,
  "Tool": 0.00625,
  "Topic": 0.003125,
  "Trust": 0.003125,
  "Tutori": 0.003125,
  "Video": 0.003125,
  "WG": 0.00625,
  "Websit": 0.003125,
  "Who": 0.003125,
  "Wi": 0.003125,
  "Wire": 0.003125,
  "Wireless": 0.01875,
  "Work": 0.00625,
  "YANG": 0.003125,
  "access": 0.00625,
  "address": 0.015625,
  "archiv": 0.00625,
  "area": 0.003125,
  "blog": 0.00625,
  "central": 0.003125,
  "chair": 0.00625,
  "challeng": 0.003125,
  "code": 0.003125,
  "configur": 0.003125,
  "cover": 0.003125,
  "develop": 0.00625,
  "discuss": 0.003125,
  "distribut": 0.00625,
  "effort": 0.00625,
  "emerg": 0.003125,
  "encompass": 0.00625,
  "event": 0.003125,
  "focus": 0.003125,
  "group": 0.003125,
  "i18n": 0.003125,
  "identifi": 0.003125,
  "implic": 0.003125,
  "includ": 0.00625,
  "interest": 0.003125,
  "link": 0.009375,
  "list": 0.009375,
  "local": 0.003125,
  "maintain": 0.003125,
  "manag": 0.009375,
  "measur": 0.003125,
  "medium": 0.00625,
  "metropolitan": 0.003125,
  "mitig": 0.003125,
  "model": 0.003125,
  "monitor": 0.003125,
  "multipl": 0.00625,
  "network": 0.0125,
  "polici": 0.003125,
  "practic": 0.00625,
  "present": 0.003125,
  "principl": 0.003125,
  "privaci": 0.00625,
  "process": 0.003125,
  "project": 0.00625,
  "properti": 0.00625,
  "protocol": 0.003125,
  "recommend": 0.00625,
  "resourc": 0.00625,
  "right": 0.003125,
  "scope": 0.003125,
  "search": 0.00625,
  "set": 0.003125,
  "solut": 0.003125,
  "space": 0.003125,
  "standard": 0.00625,
  "technolog": 0.009375,
  "threat": 0.00625,
  "tool": 0.003125,
  "transport": 0.003125,
  "tutori": 0.009375,
  "underwai": 0.003125,
  "usag": 0.003125,
  "well": 0.003125,
  "will": 0.003125,
  "wireless": 0.003125,
  "work": 0.01875,
  "Â": 0.00625
}