{
  "0": 0.00267379679144385,
  "1": 0.00267379679144385,
  "100": 0.00267379679144385,
  "101": 0.0053475935828877,
  "17": 0.00267379679144385,
  "18": 0.00267379679144385,
  "2": 0.00267379679144385,
  "3": 0.00267379679144385,
  "AMS": 0.00267379679144385,
  "About": 0.00267379679144385,
  "Addition": 0.00267379679144385,
  "Area": 0.00267379679144385,
  "At": 0.0053475935828877,
  "Attende": 0.00267379679144385,
  "Autom": 0.00267379679144385,
  "Barri": 0.00267379679144385,
  "Befor": 0.00267379679144385,
  "Berlin": 0.00267379679144385,
  "Blog": 0.0053475935828877,
  "Chair": 0.00267379679144385,
  "Champion": 0.0106951871657754,
  "Charl": 0.00267379679144385,
  "Cisco": 0.00267379679144385,
  "Co": 0.00267379679144385,
  "Commun": 0.00267379679144385,
  "Contact": 0.0053475935828877,
  "DNS": 0.00267379679144385,
  "Datatrack": 0.0053475935828877,
  "Detail": 0.00267379679144385,
  "Don": 0.00267379679144385,
  "Draft": 0.00267379679144385,
  "Eckel": 0.00267379679144385,
  "Editor": 0.00267379679144385,
  "Email": 0.008021390374331552,
  "FD": 0.00267379679144385,
  "Go": 0.00267379679144385,
  "Group": 0.00267379679144385,
  "HERE": 0.008021390374331552,
  "HTTP": 0.00267379679144385,
  "Hack": 0.00267379679144385,
  "Hackathon": 0.05080213903743316,
  "Hide": 0.00267379679144385,
  "Hilton": 0.00267379679144385,
  "How": 0.0053475935828877,
  "Huawei": 0.00267379679144385,
  "IAB": 0.00267379679144385,
  "IANA": 0.00267379679144385,
  "IAOC": 0.00267379679144385,
  "IESG": 0.0053475935828877,
  "IETF": 0.06149732620320856,
  "IRTF": 0.00267379679144385,
  "ISOC": 0.00267379679144385,
  "If": 0.0053475935828877,
  "In": 0.00267379679144385,
  "Info": 0.00267379679144385,
  "Intellectu": 0.00267379679144385,
  "Internet": 0.008021390374331552,
  "Keep": 0.00267379679144385,
  "Kei": 0.00267379679144385,
  "Leiba": 0.00267379679144385,
  "London": 0.016042780748663103,
  "Make": 0.00267379679144385,
  "March": 0.00267379679144385,
  "Meet": 0.0053475935828877,
  "Metropol": 0.00267379679144385,
  "Mission": 0.00267379679144385,
  "NETCONF": 0.00267379679144385,
  "NETVC": 0.00267379679144385,
  "New": 0.013368983957219251,
  "Note": 0.00267379679144385,
  "ONAP": 0.00267379679144385,
  "Online": 0.00267379679144385,
  "OpenDaylight": 0.00267379679144385,
  "Optional": 0.00267379679144385,
  "Particip": 0.00267379679144385,
  "Pragu": 0.0053475935828877,
  "Privaci": 0.00267379679144385,
  "Quick": 0.0053475935828877,
  "RESTCONF": 0.00267379679144385,
  "RFC": 0.0053475935828877,
  "Read": 0.00267379679144385,
  "Recruit": 0.00267379679144385,
  "RiOT": 0.00267379679144385,
  "Room": 0.00267379679144385,
  "Run": 0.0053475935828877,
  "SFC": 0.00267379679144385,
  "Saturdai": 0.00267379679144385,
  "Search": 0.01871657754010695,
  "Secretariat": 0.00267379679144385,
  "Send": 0.00267379679144385,
  "Seoul": 0.00267379679144385,
  "Share": 0.00267379679144385,
  "Signup": 0.00267379679144385,
  "Singapor": 0.0053475935828877,
  "Standard": 0.00267379679144385,
  "Statement": 0.0053475935828877,
  "Support": 0.0053475935828877,
  "TBD": 0.00267379679144385,
  "TLS": 0.00267379679144385,
  "Technolog": 0.0053475935828877,
  "The": 0.0053475935828877,
  "Then": 0.00267379679144385,
  "Thing": 0.00267379679144385,
  "To": 0.00267379679144385,
  "Tool": 0.0053475935828877,
  "Topic": 0.00267379679144385,
  "Trust": 0.00267379679144385,
  "Update": 0.00267379679144385,
  "VPP": 0.00267379679144385,
  "View": 0.00267379679144385,
  "WG": 0.0053475935828877,
  "WebRTC": 0.00267379679144385,
  "Websit": 0.00267379679144385,
  "When": 0.00267379679144385,
  "Where": 0.00267379679144385,
  "Who": 0.00267379679144385,
  "Wiki": 0.0053475935828877,
  "Work": 0.00267379679144385,
  "YANG": 0.00267379679144385,
  "You": 0.00267379679144385,
  "account": 0.00267379679144385,
  "add": 0.008021390374331552,
  "addit": 0.00267379679144385,
  "answer": 0.00267379679144385,
  "archiv": 0.0053475935828877,
  "associ": 0.00267379679144385,
  "attend": 0.00267379679144385,
  "attende": 0.00267379679144385,
  "blog": 0.0053475935828877,
  "bottom": 0.0053475935828877,
  "button": 0.0053475935828877,
  "chair": 0.0053475935828877,
  "champion": 0.008021390374331552,
  "chart": 0.00267379679144385,
  "choos": 0.0053475935828877,
  "click": 0.0053475935828877,
  "code": 0.008021390374331552,
  "collabor": 0.00267379679144385,
  "content": 0.00267379679144385,
  "contribut": 0.00267379679144385,
  "copiou": 0.00267379679144385,
  "corner": 0.0053475935828877,
  "creat": 0.00267379679144385,
  "detail": 0.00267379679144385,
  "develop": 0.0053475935828877,
  "discuss": 0.0053475935828877,
  "displai": 0.00267379679144385,
  "email": 0.00267379679144385,
  "event": 0.00267379679144385,
  "exist": 0.00267379679144385,
  "familiar": 0.00267379679144385,
  "find": 0.00267379679144385,
  "flip": 0.00267379679144385,
  "free": 0.0053475935828877,
  "gener": 0.00267379679144385,
  "group": 0.0053475935828877,
  "hackathon": 0.0106951871657754,
  "happen": 0.00267379679144385,
  "help": 0.0053475935828877,
  "idea": 0.0053475935828877,
  "identifi": 0.00267379679144385,
  "ietf": 0.0053475935828877,
  "implement": 0.0053475935828877,
  "includ": 0.00267379679144385,
  "individu": 0.00267379679144385,
  "interest": 0.008021390374331552,
  "io": 0.00267379679144385,
  "link": 0.0053475935828877,
  "list": 0.0213903743315508,
  "login": 0.008021390374331552,
  "mail": 0.00267379679144385,
  "manag": 0.00267379679144385,
  "materi": 0.00267379679144385,
  "network": 0.00267379679144385,
  "open": 0.0053475935828877,
  "org": 0.0053475935828877,
  "paper": 0.00267379679144385,
  "particip": 0.00267379679144385,
  "password": 0.0053475935828877,
  "pen": 0.00267379679144385,
  "peopl": 0.00267379679144385,
  "plan": 0.00267379679144385,
  "plastic": 0.00267379679144385,
  "polici": 0.00267379679144385,
  "poster": 0.00267379679144385,
  "potenti": 0.00267379679144385,
  "practic": 0.00267379679144385,
  "prefer": 0.00267379679144385,
  "prepar": 0.00267379679144385,
  "principl": 0.00267379679144385,
  "process": 0.00267379679144385,
  "project": 0.0106951871657754,
  "properti": 0.00267379679144385,
  "provid": 0.0053475935828877,
  "public": 0.00267379679144385,
  "question": 0.00267379679144385,
  "regist": 0.00267379679144385,
  "request": 0.00267379679144385,
  "requir": 0.00267379679144385,
  "resourc": 0.0053475935828877,
  "right": 0.00267379679144385,
  "run": 0.00267379679144385,
  "sampl": 0.00267379679144385,
  "search": 0.0053475935828877,
  "send": 0.0053475935828877,
  "sign": 0.008021390374331552,
  "solut": 0.00267379679144385,
  "sourc": 0.00267379679144385,
  "standard": 0.0053475935828877,
  "subscrib": 0.00267379679144385,
  "t": 0.00267379679144385,
  "tabl": 0.008021390374331552,
  "technolog": 0.0213903743315508,
  "thing": 0.00267379679144385,
  "time": 0.0053475935828877,
  "tool": 0.00267379679144385,
  "top": 0.00267379679144385,
  "transport": 0.00267379679144385,
  "util": 0.00267379679144385,
  "volunt": 0.00267379679144385,
  "wiki": 0.008021390374331552,
  "will": 0.0053475935828877,
  "work": 0.0106951871657754
}