{
  "101": 0.014492753623188406,
  "95": 0.028985507246376812,
  "AMS": 0.007246376811594203,
  "About": 0.007246376811594203,
  "Aire": 0.007246376811594203,
  "Area": 0.007246376811594203,
  "Autom": 0.007246376811594203,
  "Bit": 0.021739130434782608,
  "Bite": 0.021739130434782608,
  "Blog": 0.014492753623188406,
  "Bueno": 0.007246376811594203,
  "Commun": 0.007246376811594203,
  "Contact": 0.014492753623188406,
  "Datatrack": 0.014492753623188406,
  "Draft": 0.007246376811594203,
  "Editor": 0.007246376811594203,
  "Email": 0.021739130434782608,
  "Go": 0.007246376811594203,
  "Group": 0.007246376811594203,
  "How": 0.014492753623188406,
  "IAB": 0.007246376811594203,
  "IANA": 0.007246376811594203,
  "IAOC": 0.007246376811594203,
  "IESG": 0.014492753623188406,
  "IETF": 0.09420289855072464,
  "IRTF": 0.007246376811594203,
  "ISOC": 0.007246376811594203,
  "Intellectu": 0.007246376811594203,
  "Internet": 0.021739130434782608,
  "London": 0.014492753623188406,
  "Meet": 0.021739130434782608,
  "Mission": 0.007246376811594203,
  "New": 0.036231884057971016,
  "Online": 0.007246376811594203,
  "Particip": 0.007246376811594203,
  "Past": 0.007246376811594203,
  "Privaci": 0.007246376811594203,
  "Quick": 0.014492753623188406,
  "RFC": 0.014492753623188406,
  "Run": 0.007246376811594203,
  "Search": 0.050724637681159424,
  "Secretariat": 0.007246376811594203,
  "Sponsor": 0.021739130434782608,
  "Standard": 0.007246376811594203,
  "Statement": 0.014492753623188406,
  "Support": 0.007246376811594203,
  "The": 0.007246376811594203,
  "Thing": 0.007246376811594203,
  "Tool": 0.014492753623188406,
  "Topic": 0.007246376811594203,
  "Trust": 0.007246376811594203,
  "WG": 0.014492753623188406,
  "Websit": 0.007246376811594203,
  "Who": 0.007246376811594203,
  "Work": 0.007246376811594203,
  "archiv": 0.014492753623188406,
  "blog": 0.014492753623188406,
  "chair": 0.014492753623188406,
  "code": 0.007246376811594203,
  "discuss": 0.007246376811594203,
  "event": 0.014492753623188406,
  "group": 0.007246376811594203,
  "interest": 0.007246376811594203,
  "link": 0.014492753623188406,
  "list": 0.021739130434782608,
  "manag": 0.007246376811594203,
  "network": 0.007246376811594203,
  "polici": 0.007246376811594203,
  "principl": 0.007246376811594203,
  "process": 0.007246376811594203,
  "properti": 0.007246376811594203,
  "resourc": 0.014492753623188406,
  "right": 0.007246376811594203,
  "search": 0.014492753623188406,
  "standard": 0.007246376811594203,
  "technolog": 0.007246376811594203,
  "tool": 0.007246376811594203,
  "transport": 0.007246376811594203,
  "work": 0.014492753623188406
}