{
  "0": 0.002551020408163265,
  "1": 0.002551020408163265,
  "101": 0.00510204081632653,
  "12": 0.002551020408163265,
  "13": 0.00510204081632653,
  "19": 0.002551020408163265,
  "2": 0.002551020408163265,
  "3": 0.002551020408163265,
  "97": 0.00510204081632653,
  "97hackathon": 0.002551020408163265,
  "AMS": 0.002551020408163265,
  "About": 0.002551020408163265,
  "Addition": 0.00510204081632653,
  "Area": 0.002551020408163265,
  "At": 0.002551020408163265,
  "Attende": 0.002551020408163265,
  "Autom": 0.002551020408163265,
  "Barri": 0.002551020408163265,
  "Befor": 0.002551020408163265,
  "Berlin": 0.00510204081632653,
  "Blog": 0.00510204081632653,
  "Chair": 0.007653061224489796,
  "Champion": 0.007653061224489796,
  "Charl": 0.002551020408163265,
  "Cisco": 0.002551020408163265,
  "Co": 0.007653061224489796,
  "Commun": 0.002551020408163265,
  "Conrad": 0.002551020408163265,
  "Contact": 0.00510204081632653,
  "Creat": 0.002551020408163265,
  "DNS": 0.002551020408163265,
  "Datatrack": 0.00510204081632653,
  "Detail": 0.002551020408163265,
  "Don": 0.002551020408163265,
  "Draft": 0.002551020408163265,
  "Eckel": 0.002551020408163265,
  "Editor": 0.002551020408163265,
  "Email": 0.007653061224489796,
  "Engineer": 0.002551020408163265,
  "FD": 0.002551020408163265,
  "Forc": 0.002551020408163265,
  "Go": 0.002551020408163265,
  "Group": 0.002551020408163265,
  "HERE": 0.00510204081632653,
  "HTTP": 0.002551020408163265,
  "Hack": 0.002551020408163265,
  "Hackathon": 0.04591836734693878,
  "Hide": 0.002551020408163265,
  "How": 0.00510204081632653,
  "Huawei": 0.002551020408163265,
  "IAB": 0.002551020408163265,
  "IANA": 0.002551020408163265,
  "IAOC": 0.002551020408163265,
  "IESG": 0.00510204081632653,
  "IETF": 0.058673469387755105,
  "IRTF": 0.002551020408163265,
  "ISOC": 0.002551020408163265,
  "If": 0.00510204081632653,
  "In": 0.002551020408163265,
  "Info": 0.002551020408163265,
  "Infrastructur": 0.002551020408163265,
  "Intellectu": 0.002551020408163265,
  "Internet": 0.01020408163265306,
  "Keep": 0.002551020408163265,
  "Kei": 0.002551020408163265,
  "Korea": 0.002551020408163265,
  "Leiba": 0.002551020408163265,
  "London": 0.007653061224489796,
  "Make": 0.002551020408163265,
  "Meet": 0.00510204081632653,
  "MeetingWiki": 0.002551020408163265,
  "Mission": 0.002551020408163265,
  "NETCONF": 0.002551020408163265,
  "NETVC": 0.002551020408163265,
  "New": 0.012755102040816327,
  "Note": 0.002551020408163265,
  "Novemb": 0.007653061224489796,
  "ONOS": 0.002551020408163265,
  "Online": 0.002551020408163265,
  "OpenDaylight": 0.002551020408163265,
  "Particip": 0.002551020408163265,
  "Pragu": 0.00510204081632653,
  "Privaci": 0.002551020408163265,
  "Prize": 0.002551020408163265,
  "Quick": 0.00510204081632653,
  "RESTCONF": 0.002551020408163265,
  "RFC": 0.00510204081632653,
  "Read": 0.002551020408163265,
  "Recruit": 0.002551020408163265,
  "RiOT": 0.002551020408163265,
  "Run": 0.00510204081632653,
  "SFC": 0.002551020408163265,
  "Saturdai": 0.002551020408163265,
  "Search": 0.017857142857142856,
  "Secretariat": 0.002551020408163265,
  "Send": 0.002551020408163265,
  "Seoul": 0.012755102040816327,
  "Share": 0.002551020408163265,
  "Signup": 0.002551020408163265,
  "Singapor": 0.002551020408163265,
  "South": 0.002551020408163265,
  "Sponsorship": 0.002551020408163265,
  "Standard": 0.002551020408163265,
  "Statement": 0.00510204081632653,
  "Sundai": 0.002551020408163265,
  "Support": 0.002551020408163265,
  "TBD": 0.002551020408163265,
  "TLS": 0.002551020408163265,
  "Task": 0.002551020408163265,
  "Technolog": 0.00510204081632653,
  "The": 0.007653061224489796,
  "Then": 0.002551020408163265,
  "Thing": 0.002551020408163265,
  "To": 0.002551020408163265,
  "Tool": 0.00510204081632653,
  "Topic": 0.002551020408163265,
  "Trust": 0.002551020408163265,
  "Update": 0.002551020408163265,
  "VPP": 0.002551020408163265,
  "View": 0.002551020408163265,
  "WG": 0.00510204081632653,
  "WebRTC": 0.002551020408163265,
  "Websit": 0.002551020408163265,
  "When": 0.002551020408163265,
  "Where": 0.002551020408163265,
  "Who": 0.002551020408163265,
  "Wiki": 0.002551020408163265,
  "Work": 0.002551020408163265,
  "YANG": 0.002551020408163265,
  "You": 0.002551020408163265,
  "account": 0.002551020408163265,
  "add": 0.007653061224489796,
  "answer": 0.002551020408163265,
  "archiv": 0.00510204081632653,
  "associ": 0.002551020408163265,
  "attend": 0.002551020408163265,
  "attende": 0.002551020408163265,
  "blog": 0.00510204081632653,
  "bottom": 0.00510204081632653,
  "button": 0.00510204081632653,
  "chair": 0.00510204081632653,
  "champion": 0.00510204081632653,
  "choos": 0.00510204081632653,
  "click": 0.00510204081632653,
  "code": 0.007653061224489796,
  "collabor": 0.002551020408163265,
  "content": 0.002551020408163265,
  "contribut": 0.002551020408163265,
  "copiou": 0.002551020408163265,
  "corner": 0.00510204081632653,
  "detail": 0.002551020408163265,
  "develop": 0.00510204081632653,
  "discuss": 0.00510204081632653,
  "displai": 0.002551020408163265,
  "easi": 0.002551020408163265,
  "email": 0.002551020408163265,
  "encourag": 0.002551020408163265,
  "event": 0.002551020408163265,
  "exist": 0.002551020408163265,
  "familiar": 0.002551020408163265,
  "find": 0.00510204081632653,
  "free": 0.00510204081632653,
  "gener": 0.002551020408163265,
  "group": 0.00510204081632653,
  "hackathon": 0.01020408163265306,
  "happen": 0.002551020408163265,
  "help": 0.00510204081632653,
  "hold": 0.002551020408163265,
  "http": 0.00510204081632653,
  "idea": 0.00510204081632653,
  "ietf": 0.01020408163265306,
  "implement": 0.002551020408163265,
  "includ": 0.002551020408163265,
  "individu": 0.002551020408163265,
  "infrastructur": 0.002551020408163265,
  "interest": 0.007653061224489796,
  "introduc": 0.002551020408163265,
  "io": 0.002551020408163265,
  "link": 0.00510204081632653,
  "list": 0.017857142857142856,
  "listinfo": 0.002551020408163265,
  "login": 0.007653061224489796,
  "mailman": 0.002551020408163265,
  "manag": 0.002551020408163265,
  "materi": 0.002551020408163265,
  "network": 0.002551020408163265,
  "open": 0.00510204081632653,
  "org": 0.01020408163265306,
  "particip": 0.002551020408163265,
  "password": 0.00510204081632653,
  "peopl": 0.002551020408163265,
  "place": 0.002551020408163265,
  "plan": 0.002551020408163265,
  "polici": 0.002551020408163265,
  "poster": 0.002551020408163265,
  "potenti": 0.002551020408163265,
  "practic": 0.002551020408163265,
  "prefer": 0.002551020408163265,
  "prepar": 0.002551020408163265,
  "principl": 0.002551020408163265,
  "process": 0.002551020408163265,
  "project": 0.00510204081632653,
  "properti": 0.002551020408163265,
  "provid": 0.007653061224489796,
  "public": 0.002551020408163265,
  "question": 0.002551020408163265,
  "regist": 0.002551020408163265,
  "registr": 0.002551020408163265,
  "request": 0.002551020408163265,
  "requir": 0.002551020408163265,
  "resourc": 0.00510204081632653,
  "right": 0.002551020408163265,
  "room": 0.002551020408163265,
  "run": 0.002551020408163265,
  "sampl": 0.002551020408163265,
  "search": 0.00510204081632653,
  "send": 0.00510204081632653,
  "sign": 0.002551020408163265,
  "solut": 0.002551020408163265,
  "sourc": 0.002551020408163265,
  "standard": 0.00510204081632653,
  "subscrib": 0.002551020408163265,
  "support": 0.002551020408163265,
  "t": 0.002551020408163265,
  "take": 0.002551020408163265,
  "technolog": 0.02295918367346939,
  "thing": 0.002551020408163265,
  "time": 0.00510204081632653,
  "tohackathon": 0.002551020408163265,
  "tool": 0.002551020408163265,
  "transport": 0.002551020408163265,
  "util": 0.002551020408163265,
  "volunt": 0.002551020408163265,
  "wiki": 0.01020408163265306,
  "will": 0.002551020408163265,
  "work": 0.01020408163265306
}