{
  "00": 0.0037313432835820895,
  "101": 0.007462686567164179,
  "12": 0.007462686567164179,
  "2017": 0.0037313432835820895,
  "2G": 0.0037313432835820895,
  "30": 0.0037313432835820895,
  "3GPP": 0.0037313432835820895,
  "45": 0.0037313432835820895,
  "4G": 0.0037313432835820895,
  "5G": 0.007462686567164179,
  "98": 0.014925373134328358,
  "AMS": 0.0037313432835820895,
  "About": 0.0037313432835820895,
  "Administr": 0.0037313432835820895,
  "Area": 0.0037313432835820895,
  "Autom": 0.0037313432835820895,
  "Blog": 0.007462686567164179,
  "Busi": 0.0037313432835820895,
  "Cellular": 0.0037313432835820895,
  "Chicago": 0.007462686567164179,
  "Commun": 0.0037313432835820895,
  "Contact": 0.007462686567164179,
  "Cryptographi": 0.0037313432835820895,
  "Datatrack": 0.007462686567164179,
  "Deal": 0.0037313432835820895,
  "Draft": 0.0037313432835820895,
  "E": 0.0037313432835820895,
  "Econom": 0.0037313432835820895,
  "Editor": 0.0037313432835820895,
  "Email": 0.011194029850746268,
  "Engineer": 0.0037313432835820895,
  "Ericsson": 0.011194029850746268,
  "F": 0.0037313432835820895,
  "Go": 0.0037313432835820895,
  "Group": 0.0037313432835820895,
  "He": 0.0037313432835820895,
  "Hide": 0.0037313432835820895,
  "Host": 0.007462686567164179,
  "How": 0.007462686567164179,
  "IAB": 0.0037313432835820895,
  "IANA": 0.0037313432835820895,
  "IAOC": 0.0037313432835820895,
  "IESG": 0.007462686567164179,
  "IETF": 0.055970149253731345,
  "IRTF": 0.0037313432835820895,
  "ISOC": 0.0037313432835820895,
  "In": 0.007462686567164179,
  "Institut": 0.0037313432835820895,
  "Intellectu": 0.0037313432835820895,
  "Internet": 0.011194029850746268,
  "IoT": 0.007462686567164179,
  "John": 0.011194029850746268,
  "KTH": 0.0037313432835820895,
  "Logist": 0.0037313432835820895,
  "London": 0.007462686567164179,
  "Lunch": 0.011194029850746268,
  "M": 0.007462686567164179,
  "March": 0.0037313432835820895,
  "Mattsson": 0.007462686567164179,
  "Meet": 0.011194029850746268,
  "Mission": 0.0037313432835820895,
  "Much": 0.0037313432835820895,
  "NOT": 0.0037313432835820895,
  "New": 0.018656716417910446,
  "Online": 0.0037313432835820895,
  "Particip": 0.0037313432835820895,
  "Past": 0.0037313432835820895,
  "Physic": 0.0037313432835820895,
  "Present": 0.0037313432835820895,
  "Privaci": 0.0037313432835820895,
  "Protocol": 0.0037313432835820895,
  "Quick": 0.007462686567164179,
  "RFC": 0.007462686567164179,
  "Real": 0.0037313432835820895,
  "Research": 0.007462686567164179,
  "Room": 0.0037313432835820895,
  "Royal": 0.0037313432835820895,
  "Run": 0.0037313432835820895,
  "Sc": 0.007462686567164179,
  "Search": 0.026119402985074626,
  "Secretariat": 0.0037313432835820895,
  "Secur": 0.014925373134328358,
  "Senior": 0.007462686567164179,
  "Seri": 0.007462686567164179,
  "Speaker": 0.007462686567164179,
  "Specialist": 0.007462686567164179,
  "Standard": 0.0037313432835820895,
  "Statement": 0.007462686567164179,
  "Stockholm": 0.0037313432835820895,
  "Support": 0.0037313432835820895,
  "Sweden": 0.0037313432835820895,
  "Technolog": 0.0037313432835820895,
  "The": 0.011194029850746268,
  "Thi": 0.0037313432835820895,
  "Thing": 0.0037313432835820895,
  "Thursdai": 0.011194029850746268,
  "Time": 0.0037313432835820895,
  "Tool": 0.007462686567164179,
  "Topic": 0.007462686567164179,
  "Trust": 0.0037313432835820895,
  "Univers": 0.0037313432835820895,
  "WG": 0.007462686567164179,
  "Websit": 0.0037313432835820895,
  "Who": 0.0037313432835820895,
  "Work": 0.0037313432835820895,
  "Zurich": 0.0037313432835820895,
  "activ": 0.007462686567164179,
  "algorithm": 0.007462686567164179,
  "archiv": 0.007462686567164179,
  "blog": 0.007462686567164179,
  "case": 0.0037313432835820895,
  "cellular": 0.0037313432835820895,
  "chair": 0.007462686567164179,
  "code": 0.0037313432835820895,
  "coordin": 0.0037313432835820895,
  "cryptographi": 0.0037313432835820895,
  "current": 0.0037313432835820895,
  "depth": 0.0037313432835820895,
  "describ": 0.007462686567164179,
  "discuss": 0.0037313432835820895,
  "dispel": 0.0037313432835820895,
  "earlier": 0.0037313432835820895,
  "enabl": 0.0037313432835820895,
  "event": 0.007462686567164179,
  "evolv": 0.0037313432835820895,
  "flexibl": 0.0037313432835820895,
  "focu": 0.0037313432835820895,
  "gener": 0.0037313432835820895,
  "global": 0.0037313432835820895,
  "goal": 0.0037313432835820895,
  "group": 0.0037313432835820895,
  "happen": 0.0037313432835820895,
  "hold": 0.0037313432835820895,
  "improv": 0.0037313432835820895,
  "increas": 0.0037313432835820895,
  "industri": 0.0037313432835820895,
  "interest": 0.0037313432835820895,
  "larg": 0.0037313432835820895,
  "link": 0.007462686567164179,
  "list": 0.011194029850746268,
  "manag": 0.0037313432835820895,
  "market": 0.0037313432835820895,
  "mass": 0.0037313432835820895,
  "myth": 0.0037313432835820895,
  "network": 0.0037313432835820895,
  "number": 0.0037313432835820895,
  "polici": 0.0037313432835820895,
  "principl": 0.0037313432835820895,
  "privaci": 0.007462686567164179,
  "process": 0.0037313432835820895,
  "product": 0.0037313432835820895,
  "properti": 0.0037313432835820895,
  "protocol": 0.0037313432835820895,
  "provid": 0.0037313432835820895,
  "public": 0.0037313432835820895,
  "resourc": 0.007462686567164179,
  "right": 0.0037313432835820895,
  "search": 0.007462686567164179,
  "secret": 0.0037313432835820895,
  "secur": 0.014925373134328358,
  "situat": 0.0037313432835820895,
  "standard": 0.0037313432835820895,
  "system": 0.0037313432835820895,
  "talk": 0.007462686567164179,
  "technolog": 0.0037313432835820895,
  "time": 0.007462686567164179,
  "tool": 0.0037313432835820895,
  "topic": 0.0037313432835820895,
  "transport": 0.0037313432835820895,
  "vision": 0.0037313432835820895,
  "well": 0.0037313432835820895,
  "will": 0.011194029850746268,
  "work": 0.007462686567164179,
  "â": 0.0037313432835820895
}