{
  "101": 0.006825938566552901,
  "AD": 0.006825938566552901,
  "AMS": 0.0034129692832764505,
  "About": 0.0034129692832764505,
  "Add": 0.0034129692832764505,
  "Agenda": 0.0034129692832764505,
  "Area": 0.017064846416382253,
  "Autom": 0.0034129692832764505,
  "Await": 0.0034129692832764505,
  "BOF": 0.0034129692832764505,
  "Blog": 0.006825938566552901,
  "Click": 0.0034129692832764505,
  "Commun": 0.0034129692832764505,
  "Contact": 0.006825938566552901,
  "Content": 0.0034129692832764505,
  "DONE": 0.0034129692832764505,
  "Datatrack": 0.013651877133105802,
  "Director": 0.013651877133105802,
  "Document": 0.0034129692832764505,
  "Draft": 0.0034129692832764505,
  "Edit": 0.0034129692832764505,
  "Editor": 0.0034129692832764505,
  "Email": 0.010238907849829351,
  "Format": 0.0034129692832764505,
  "Go": 0.0034129692832764505,
  "Group": 0.020477815699658702,
  "Hide": 0.0034129692832764505,
  "How": 0.0034129692832764505,
  "IAB": 0.0034129692832764505,
  "IANA": 0.0034129692832764505,
  "IAOC": 0.0034129692832764505,
  "IESG": 0.006825938566552901,
  "IETF": 0.03754266211604096,
  "IRTF": 0.0034129692832764505,
  "ISOC": 0.0034129692832764505,
  "If": 0.0034129692832764505,
  "In": 0.0034129692832764505,
  "Info": 0.006825938566552901,
  "Intellectu": 0.0034129692832764505,
  "Internet": 0.010238907849829351,
  "Kei": 0.0034129692832764505,
  "London": 0.006825938566552901,
  "Materi": 0.0034129692832764505,
  "Meet": 0.006825938566552901,
  "Mileston": 0.010238907849829351,
  "Minut": 0.0034129692832764505,
  "Mission": 0.0034129692832764505,
  "New": 0.017064846416382253,
  "Note": 0.0034129692832764505,
  "On": 0.006825938566552901,
  "Once": 0.006825938566552901,
  "Online": 0.0034129692832764505,
  "Particip": 0.0034129692832764505,
  "Privaci": 0.0034129692832764505,
  "Quick": 0.006825938566552901,
  "RFC": 0.006825938566552901,
  "Request": 0.0034129692832764505,
  "Resolv": 0.0034129692832764505,
  "Review": 0.0034129692832764505,
  "Run": 0.0034129692832764505,
  "Sandbox": 0.0034129692832764505,
  "Save": 0.006825938566552901,
  "Search": 0.023890784982935155,
  "Secretariat": 0.0034129692832764505,
  "Standard": 0.0034129692832764505,
  "Statement": 0.006825938566552901,
  "Style": 0.0034129692832764505,
  "Support": 0.0034129692832764505,
  "The": 0.0034129692832764505,
  "Thi": 0.020477815699658702,
  "Thing": 0.0034129692832764505,
  "To": 0.013651877133105802,
  "Tool": 0.006825938566552901,
  "Topic": 0.0034129692832764505,
  "Trust": 0.0034129692832764505,
  "Update": 0.010238907849829351,
  "WG": 0.010238907849829351,
  "WebEx": 0.0034129692832764505,
  "Websit": 0.0034129692832764505,
  "Who": 0.0034129692832764505,
  "Work": 0.020477815699658702,
  "Writeup": 0.0034129692832764505,
  "accept": 0.006825938566552901,
  "action": 0.013651877133105802,
  "activ": 0.0034129692832764505,
  "add": 0.0034129692832764505,
  "addit": 0.0034129692832764505,
  "alert": 0.0034129692832764505,
  "appear": 0.0034129692832764505,
  "approv": 0.017064846416382253,
  "archiv": 0.006825938566552901,
  "blog": 0.006825938566552901,
  "blue": 0.006825938566552901,
  "box": 0.0034129692832764505,
  "button": 0.017064846416382253,
  "chair": 0.017064846416382253,
  "chang": 0.023890784982935155,
  "charter": 0.006825938566552901,
  "check": 0.0034129692832764505,
  "choic": 0.006825938566552901,
  "click": 0.020477815699658702,
  "code": 0.0034129692832764505,
  "correct": 0.0034129692832764505,
  "current": 0.0034129692832764505,
  "datatrack": 0.0034129692832764505,
  "discuss": 0.0034129692832764505,
  "edit": 0.0034129692832764505,
  "email": 0.0034129692832764505,
  "event": 0.0034129692832764505,
  "expand": 0.006825938566552901,
  "exsist": 0.0034129692832764505,
  "extra": 0.0034129692832764505,
  "fill": 0.0034129692832764505,
  "flag": 0.0034129692832764505,
  "group": 0.023890784982935155,
  "guid": 0.0034129692832764505,
  "interest": 0.0034129692832764505,
  "link": 0.006825938566552901,
  "list": 0.017064846416382253,
  "manag": 0.0034129692832764505,
  "mark": 0.006825938566552901,
  "mileston": 0.05802047781569966,
  "month": 0.0034129692832764505,
  "network": 0.0034129692832764505,
  "polici": 0.0034129692832764505,
  "pop": 0.0034129692832764505,
  "principl": 0.0034129692832764505,
  "process": 0.0034129692832764505,
  "properti": 0.0034129692832764505,
  "requir": 0.010238907849829351,
  "resourc": 0.013651877133105802,
  "review": 0.0034129692832764505,
  "right": 0.0034129692832764505,
  "search": 0.006825938566552901,
  "session": 0.006825938566552901,
  "standard": 0.0034129692832764505,
  "technolog": 0.0034129692832764505,
  "tool": 0.0034129692832764505,
  "top": 0.0034129692832764505,
  "transport": 0.0034129692832764505,
  "updat": 0.0034129692832764505,
  "will": 0.010238907849829351,
  "work": 0.023890784982935155,
  "year": 0.0034129692832764505
}