{
  "1": 0.0024875621890547263,
  "10": 0.0024875621890547263,
  "101": 0.004975124378109453,
  "14": 0.0024875621890547263,
  "15": 0.0024875621890547263,
  "2": 0.0024875621890547263,
  "2014": 0.0024875621890547263,
  "3": 0.0024875621890547263,
  "4": 0.0024875621890547263,
  "9": 0.0024875621890547263,
  "91": 0.017412935323383085,
  "AMS": 0.0024875621890547263,
  "About": 0.0024875621890547263,
  "Activiti": 0.004975124378109453,
  "Ali": 0.004975124378109453,
  "Area": 0.0024875621890547263,
  "Autom": 0.0024875621890547263,
  "Blog": 0.004975124378109453,
  "Call": 0.0024875621890547263,
  "Commun": 0.0024875621890547263,
  "Connect": 0.0024875621890547263,
  "Contact": 0.004975124378109453,
  "Datatrack": 0.004975124378109453,
  "Deposit": 0.0024875621890547263,
  "Draft": 0.0024875621890547263,
  "Editor": 0.0024875621890547263,
  "Email": 0.007462686567164179,
  "Emergenc": 0.0024875621890547263,
  "Familiar": 0.0024875621890547263,
  "Find": 0.0024875621890547263,
  "For": 0.004975124378109453,
  "Fresh": 0.0024875621890547263,
  "Gener": 0.004975124378109453,
  "Go": 0.0024875621890547263,
  "Group": 0.0024875621890547263,
  "HI": 0.0024875621890547263,
  "Hawaiian": 0.007462686567164179,
  "Hide": 0.0024875621890547263,
  "Hilton": 0.007462686567164179,
  "Honolulu": 0.009950248756218905,
  "Hotel": 0.009950248756218905,
  "How": 0.004975124378109453,
  "IAB": 0.0024875621890547263,
  "IANA": 0.0024875621890547263,
  "IAOC": 0.0024875621890547263,
  "IESG": 0.004975124378109453,
  "IETF": 0.04477611940298507,
  "II": 0.0024875621890547263,
  "IRTF": 0.0024875621890547263,
  "ISOC": 0.0024875621890547263,
  "If": 0.0024875621890547263,
  "In": 0.0024875621890547263,
  "Info": 0.0024875621890547263,
  "Informat": 0.0024875621890547263,
  "Intellectu": 0.0024875621890547263,
  "Internet": 0.007462686567164179,
  "Keep": 0.0024875621890547263,
  "Kei": 0.0024875621890547263,
  "Know": 0.004975124378109453,
  "Lock": 0.0024875621890547263,
  "London": 0.004975124378109453,
  "Make": 0.0024875621890547263,
  "Meet": 0.012437810945273632,
  "MeetingWiki": 0.0024875621890547263,
  "Miscellan": 0.0024875621890547263,
  "Mission": 0.0024875621890547263,
  "Never": 0.0024875621890547263,
  "New": 0.012437810945273632,
  "Note": 0.009950248756218905,
  "Novemb": 0.0024875621890547263,
  "Online": 0.0024875621890547263,
  "Paradis": 0.0024875621890547263,
  "Particip": 0.004975124378109453,
  "Past": 0.0024875621890547263,
  "Pickl": 0.004975124378109453,
  "Pool": 0.0024875621890547263,
  "Privaci": 0.0024875621890547263,
  "Procedur": 0.0024875621890547263,
  "Pronto": 0.004975124378109453,
  "Quick": 0.004975124378109453,
  "RFC": 0.004975124378109453,
  "Remot": 0.0024875621890547263,
  "Resort": 0.004975124378109453,
  "Restaur": 0.004975124378109453,
  "Run": 0.0024875621890547263,
  "Safeti": 0.004975124378109453,
  "Search": 0.017412935323383085,
  "Secretariat": 0.0024875621890547263,
  "Standard": 0.0024875621890547263,
  "Statement": 0.004975124378109453,
  "Support": 0.0024875621890547263,
  "The": 0.012437810945273632,
  "There": 0.0024875621890547263,
  "Thing": 0.007462686567164179,
  "Tip": 0.004975124378109453,
  "To": 0.007462686567164179,
  "Tool": 0.004975124378109453,
  "Topic": 0.0024875621890547263,
  "Tower": 0.004975124378109453,
  "Trust": 0.0024875621890547263,
  "Tutori": 0.0024875621890547263,
  "USA": 0.0024875621890547263,
  "Use": 0.004975124378109453,
  "Villag": 0.007462686567164179,
  "WG": 0.004975124378109453,
  "Watch": 0.0024875621890547263,
  "Websit": 0.0024875621890547263,
  "Who": 0.0024875621890547263,
  "Wiki": 0.009950248756218905,
  "Work": 0.0024875621890547263,
  "Worth": 0.0024875621890547263,
  "You": 0.004975124378109453,
  "Your": 0.007462686567164179,
  "access": 0.004975124378109453,
  "account": 0.0024875621890547263,
  "activ": 0.004975124378109453,
  "address": 0.0024875621890547263,
  "archiv": 0.004975124378109453,
  "area": 0.0024875621890547263,
  "arrang": 0.004975124378109453,
  "attende": 0.004975124378109453,
  "automat": 0.0024875621890547263,
  "badg": 0.0024875621890547263,
  "benefit": 0.0024875621890547263,
  "block": 0.0024875621890547263,
  "blog": 0.004975124378109453,
  "call": 0.0024875621890547263,
  "cash": 0.0024875621890547263,
  "chair": 0.004975124378109453,
  "chang": 0.0024875621890547263,
  "charg": 0.0024875621890547263,
  "check": 0.0024875621890547263,
  "clean": 0.0024875621890547263,
  "club": 0.004975124378109453,
  "code": 0.0024875621890547263,
  "complet": 0.0024875621890547263,
  "confirm": 0.0024875621890547263,
  "control": 0.0024875621890547263,
  "creat": 0.004975124378109453,
  "dai": 0.0024875621890547263,
  "deliveri": 0.0024875621890547263,
  "deposit": 0.0024875621890547263,
  "desk": 0.009950248756218905,
  "digit": 0.0024875621890547263,
  "discuss": 0.0024875621890547263,
  "door": 0.004975124378109453,
  "doubl": 0.0024875621890547263,
  "email": 0.0024875621890547263,
  "enter": 0.0024875621890547263,
  "entri": 0.0024875621890547263,
  "event": 0.004975124378109453,
  "exchang": 0.0024875621890547263,
  "exit": 0.0024875621890547263,
  "fee": 0.0024875621890547263,
  "fire": 0.0024875621890547263,
  "front": 0.007462686567164179,
  "grab": 0.0024875621890547263,
  "group": 0.0024875621890547263,
  "guest": 0.0024875621890547263,
  "health": 0.004975124378109453,
  "hear": 0.0024875621890547263,
  "hiltonhawaiianvillag": 0.0024875621890547263,
  "hotel": 0.017412935323383085,
  "html": 0.0024875621890547263,
  "http": 0.007462686567164179,
  "hula": 0.0024875621890547263,
  "ident": 0.0024875621890547263,
  "identif": 0.0024875621890547263,
  "identifi": 0.0024875621890547263,
  "ietf": 0.004975124378109453,
  "ietf91": 0.0024875621890547263,
  "includ": 0.004975124378109453,
  "initi": 0.0024875621890547263,
  "interest": 0.0024875621890547263,
  "inventori": 0.0024875621890547263,
  "keep": 0.0024875621890547263,
  "kei": 0.009950248756218905,
  "leav": 0.007462686567164179,
  "left": 0.0024875621890547263,
  "lesson": 0.0024875621890547263,
  "link": 0.004975124378109453,
  "list": 0.009950248756218905,
  "locat": 0.004975124378109453,
  "lock": 0.0024875621890547263,
  "luggag": 0.004975124378109453,
  "manag": 0.0024875621890547263,
  "map": 0.004975124378109453,
  "meet": 0.007462686567164179,
  "network": 0.0024875621890547263,
  "number": 0.004975124378109453,
  "offer": 0.0024875621890547263,
  "opportun": 0.0024875621890547263,
  "opt": 0.004975124378109453,
  "option": 0.0024875621890547263,
  "order": 0.0024875621890547263,
  "org": 0.004975124378109453,
  "password": 0.004975124378109453,
  "person": 0.0024875621890547263,
  "polici": 0.004975124378109453,
  "post": 0.0024875621890547263,
  "principl": 0.0024875621890547263,
  "process": 0.0024875621890547263,
  "profil": 0.0024875621890547263,
  "properti": 0.0024875621890547263,
  "rate": 0.0024875621890547263,
  "reduc": 0.0024875621890547263,
  "regist": 0.004975124378109453,
  "registr": 0.0024875621890547263,
  "repair": 0.0024875621890547263,
  "report": 0.0024875621890547263,
  "request": 0.0024875621890547263,
  "resort": 0.004975124378109453,
  "resourc": 0.004975124378109453,
  "restaur": 0.0024875621890547263,
  "right": 0.0024875621890547263,
  "room": 0.029850746268656716,
  "rout": 0.0024875621890547263,
  "safe": 0.0024875621890547263,
  "schedul": 0.0024875621890547263,
  "search": 0.004975124378109453,
  "servic": 0.004975124378109453,
  "set": 0.0024875621890547263,
  "staff": 0.0024875621890547263,
  "standard": 0.0024875621890547263,
  "sure": 0.0024875621890547263,
  "suspici": 0.0024875621890547263,
  "technolog": 0.0024875621890547263,
  "time": 0.0024875621890547263,
  "tool": 0.0024875621890547263,
  "tradit": 0.0024875621890547263,
  "transport": 0.0024875621890547263,
  "user": 0.004975124378109453,
  "valuabl": 0.004975124378109453,
  "varieti": 0.0024875621890547263,
  "verifi": 0.0024875621890547263,
  "viewer": 0.0024875621890547263,