{
  "101": 0.013986013986013986,
  "AMS": 0.006993006993006993,
  "About": 0.006993006993006993,
  "Area": 0.006993006993006993,
  "Autom": 0.006993006993006993,
  "Blog": 0.013986013986013986,
  "Comment": 0.006993006993006993,
  "Commun": 0.006993006993006993,
  "Contact": 0.027972027972027972,
  "Datatrack": 0.013986013986013986,
  "Draft": 0.006993006993006993,
  "Editor": 0.006993006993006993,
  "Email": 0.03496503496503497,
  "First": 0.006993006993006993,
  "Go": 0.006993006993006993,
  "Group": 0.006993006993006993,
  "How": 0.006993006993006993,
  "IAB": 0.006993006993006993,
  "IANA": 0.006993006993006993,
  "IAOC": 0.006993006993006993,
  "IESG": 0.013986013986013986,
  "IETF": 0.08391608391608392,
  "IRTF": 0.006993006993006993,
  "ISOC": 0.006993006993006993,
  "If": 0.006993006993006993,
  "Inquiri": 0.006993006993006993,
  "Intellectu": 0.006993006993006993,
  "Internet": 0.02097902097902098,
  "Last": 0.006993006993006993,
  "London": 0.013986013986013986,
  "Meet": 0.006993006993006993,
  "Mission": 0.006993006993006993,
  "New": 0.03496503496503497,
  "Online": 0.006993006993006993,
  "Particip": 0.006993006993006993,
  "Phone": 0.006993006993006993,
  "Prefer": 0.006993006993006993,
  "Privaci": 0.006993006993006993,
  "Quick": 0.013986013986013986,
  "RFC": 0.013986013986013986,
  "Run": 0.006993006993006993,
  "Search": 0.04895104895104895,
  "Secretariat": 0.02097902097902098,
  "Standard": 0.006993006993006993,
  "Statement": 0.013986013986013986,
  "Support": 0.006993006993006993,
  "Telephon": 0.006993006993006993,
  "The": 0.006993006993006993,
  "Thing": 0.006993006993006993,
  "Tool": 0.013986013986013986,
  "Topic": 0.006993006993006993,
  "Trust": 0.006993006993006993,
  "WG": 0.013986013986013986,
  "Websit": 0.006993006993006993,
  "Who": 0.006993006993006993,
  "Work": 0.006993006993006993,
  "address": 0.006993006993006993,
  "archiv": 0.013986013986013986,
  "blog": 0.013986013986013986,
  "chair": 0.013986013986013986,
  "code": 0.006993006993006993,
  "contact": 0.02097902097902098,
  "discuss": 0.006993006993006993,
  "email": 0.02097902097902098,
  "event": 0.006993006993006993,
  "form": 0.013986013986013986,
  "group": 0.006993006993006993,
  "interest": 0.006993006993006993,
  "link": 0.013986013986013986,
  "list": 0.027972027972027972,
  "manag": 0.006993006993006993,
  "method": 0.006993006993006993,
  "network": 0.006993006993006993,
  "polici": 0.006993006993006993,
  "principl": 0.006993006993006993,
  "problem": 0.006993006993006993,
  "process": 0.006993006993006993,
  "properti": 0.006993006993006993,
  "resourc": 0.013986013986013986,
  "right": 0.006993006993006993,
  "search": 0.013986013986013986,
  "send": 0.006993006993006993,
  "standard": 0.006993006993006993,
  "technolog": 0.006993006993006993,
  "tool": 0.006993006993006993,
  "transport": 0.006993006993006993,
  "work": 0.006993006993006993
}