{
  "101": 0.006600660066006601,
  "A": 0.0033003300330033004,
  "AMS": 0.0033003300330033004,
  "About": 0.006600660066006601,
  "Alvaro": 0.0033003300330033004,
  "America": 0.0033003300330033004,
  "Area": 0.0033003300330033004,
  "Asked": 0.006600660066006601,
  "Autom": 0.0033003300330033004,
  "Becom": 0.0033003300330033004,
  "Blog": 0.006600660066006601,
  "Christian": 0.0033003300330033004,
  "Commun": 0.0033003300330033004,
  "Contact": 0.006600660066006601,
  "Datatrack": 0.006600660066006601,
  "Dhodi": 0.0033003300330033004,
  "Dhruv": 0.0033003300330033004,
  "Draft": 0.0033003300330033004,
  "Editor": 0.0033003300330033004,
  "Email": 0.009900990099009901,
  "FAQ": 0.006600660066006601,
  "Fellowship": 0.0033003300330033004,
  "Flaherti": 0.0033003300330033004,
  "For": 0.006600660066006601,
  "Frequent": 0.006600660066006601,
  "Go": 0.0033003300330033004,
  "Group": 0.0033003300330033004,
  "Hegd": 0.0033003300330033004,
  "Here": 0.0033003300330033004,
  "How": 0.0033003300330033004,
  "IAB": 0.0033003300330033004,
  "IANA": 0.0033003300330033004,
  "IAOC": 0.0033003300330033004,
  "IESG": 0.006600660066006601,
  "IETF": 0.07590759075907591,
  "IRTF": 0.0033003300330033004,
  "ISOC": 0.0033003300330033004,
  "If": 0.0033003300330033004,
  "India": 0.0033003300330033004,
  "Intellectu": 0.0033003300330033004,
  "Internet": 0.013201320132013201,
  "Latin": 0.0033003300330033004,
  "London": 0.006600660066006601,
  "Meet": 0.0033003300330033004,
  "Mentor": 0.0429042904290429,
  "Mission": 0.0033003300330033004,
  "New": 0.0165016501650165,
  "O": 0.0033003300330033004,
  "Online": 0.0033003300330033004,
  "Particip": 0.009900990099009901,
  "Pleas": 0.0033003300330033004,
  "Privaci": 0.0033003300330033004,
  "Program": 0.0165016501650165,
  "Question": 0.006600660066006601,
  "Quick": 0.006600660066006601,
  "RFC": 0.006600660066006601,
  "Region": 0.0033003300330033004,
  "Request": 0.0033003300330033004,
  "Retana": 0.0033003300330033004,
  "Run": 0.0033003300330033004,
  "Search": 0.0231023102310231,
  "Secretariat": 0.0033003300330033004,
  "Sign": 0.0033003300330033004,
  "Societi": 0.0033003300330033004,
  "Standard": 0.0033003300330033004,
  "Statement": 0.006600660066006601,
  "Support": 0.0033003300330033004,
  "The": 0.013201320132013201,
  "These": 0.0033003300330033004,
  "Thi": 0.0033003300330033004,
  "Thing": 0.0033003300330033004,
  "To": 0.009900990099009901,
  "Tool": 0.006600660066006601,
  "Topic": 0.0033003300330033004,
  "Trust": 0.0033003300330033004,
  "Vinayak": 0.0033003300330033004,
  "WG": 0.006600660066006601,
  "We": 0.0033003300330033004,
  "Websit": 0.0033003300330033004,
  "Who": 0.0033003300330033004,
  "Work": 0.0033003300330033004,
  "You": 0.0033003300330033004,
  "activ": 0.0033003300330033004,
  "addit": 0.0033003300330033004,
  "advic": 0.0033003300330033004,
  "advisor": 0.0033003300330033004,
  "aid": 0.0033003300330033004,
  "answer": 0.006600660066006601,
  "archiv": 0.006600660066006601,
  "aretana": 0.0033003300330033004,
  "ask": 0.0033003300330033004,
  "assist": 0.006600660066006601,
  "blog": 0.006600660066006601,
  "chair": 0.006600660066006601,
  "cisco": 0.0033003300330033004,
  "coach": 0.0033003300330033004,
  "code": 0.0033003300330033004,
  "collect": 0.0033003300330033004,
  "common": 0.0033003300330033004,
  "commonli": 0.0033003300330033004,
  "commun": 0.0033003300330033004,
  "contact": 0.0033003300330033004,
  "contribut": 0.0033003300330033004,
  "coordin": 0.006600660066006601,
  "current": 0.0033003300330033004,
  "develop": 0.0033003300330033004,
  "dhruv": 0.0033003300330033004,
  "discuss": 0.0033003300330033004,
  "effect": 0.0033003300330033004,
  "email": 0.006600660066006601,
  "event": 0.0033003300330033004,
  "experienc": 0.0033003300330033004,
  "focus": 0.0033003300330033004,
  "gmail": 0.006600660066006601,
  "group": 0.0033003300330033004,
  "guid": 0.0033003300330033004,
  "guidanc": 0.009900990099009901,
  "help": 0.0033003300330033004,
  "ietf": 0.009900990099009901,
  "integr": 0.0033003300330033004,
  "interest": 0.0033003300330033004,
  "isoc": 0.0033003300330033004,
  "leas": 0.0033003300330033004,
  "link": 0.006600660066006601,
  "list": 0.009900990099009901,
  "manag": 0.0033003300330033004,
  "match": 0.0033003300330033004,
  "meet": 0.0033003300330033004,
  "member": 0.0033003300330033004,
  "mentor": 0.033003300330033,
  "need": 0.006600660066006601,
  "network": 0.0033003300330033004,
  "newcom": 0.009900990099009901,
  "note": 0.0033003300330033004,
  "oflaherti": 0.0033003300330033004,
  "open": 0.0033003300330033004,
  "order": 0.0033003300330033004,
  "org": 0.009900990099009901,
  "particip": 0.019801980198019802,
  "peopl": 0.006600660066006601,
  "plai": 0.0033003300330033004,
  "polici": 0.0033003300330033004,
  "potenti": 0.006600660066006601,
  "principl": 0.0033003300330033004,
  "process": 0.006600660066006601,
  "program": 0.006600660066006601,
  "properti": 0.0033003300330033004,
  "provid": 0.009900990099009901,
  "question": 0.009900990099009901,
  "region": 0.009900990099009901,
  "requir": 0.0033003300330033004,
  "resourc": 0.006600660066006601,
  "review": 0.0033003300330033004,
  "right": 0.0033003300330033004,
  "role": 0.0033003300330033004,
  "search": 0.006600660066006601,
  "send": 0.006600660066006601,
  "separ": 0.0033003300330033004,
  "serv": 0.0033003300330033004,
  "sign": 0.0033003300330033004,
  "skill": 0.006600660066006601,
  "specif": 0.006600660066006601,
  "speed": 0.0033003300330033004,
  "standard": 0.006600660066006601,
  "take": 0.0033003300330033004,
  "teacher": 0.0033003300330033004,
  "team": 0.0033003300330033004,
  "technolog": 0.0033003300330033004,
  "time": 0.0033003300330033004,
  "tool": 0.0033003300330033004,
  "transport": 0.0033003300330033004,
  "vinayakh": 0.0033003300330033004,
  "wide": 0.0033003300330033004,
  "will": 0.0033003300330033004,
  "wisdom": 0.0033003300330033004,
  "work": 0.0033003300330033004
}