{
  "101": 0.027777777777777776,
  "17": 0.006944444444444444,
  "2018": 0.010416666666666666,
  "23": 0.006944444444444444,
  "AMS": 0.003472222222222222,
  "About": 0.003472222222222222,
  "Addition": 0.003472222222222222,
  "Agenda": 0.006944444444444444,
  "Android": 0.003472222222222222,
  "App": 0.006944444444444444,
  "Area": 0.006944444444444444,
  "Attendanc": 0.003472222222222222,
  "Attende": 0.003472222222222222,
  "Autom": 0.003472222222222222,
  "Blog": 0.006944444444444444,
  "Code": 0.006944444444444444,
  "Codesprint": 0.003472222222222222,
  "Commun": 0.006944444444444444,
  "Connect": 0.003472222222222222,
  "Contact": 0.010416666666666666,
  "Dai": 0.003472222222222222,
  "Datatrack": 0.006944444444444444,
  "Date": 0.006944444444444444,
  "Draft": 0.003472222222222222,
  "EDU": 0.003472222222222222,
  "Editor": 0.003472222222222222,
  "Email": 0.010416666666666666,
  "Emergenc": 0.003472222222222222,
  "Event": 0.006944444444444444,
  "FAQ": 0.003472222222222222,
  "Floor": 0.003472222222222222,
  "Fridai": 0.003472222222222222,
  "Go": 0.003472222222222222,
  "Group": 0.003472222222222222,
  "Guest": 0.003472222222222222,
  "HTML": 0.003472222222222222,
  "Hackathon": 0.006944444444444444,
  "Harass": 0.003472222222222222,
  "Hilton": 0.003472222222222222,
  "Host": 0.003472222222222222,
  "Hotel": 0.003472222222222222,
  "How": 0.006944444444444444,
  "Hub": 0.003472222222222222,
  "IAB": 0.003472222222222222,
  "IANA": 0.003472222222222222,
  "IAOC": 0.003472222222222222,
  "IESG": 0.006944444444444444,
  "IETF": 0.06597222222222222,
  "IRTF": 0.003472222222222222,
  "ISOC": 0.003472222222222222,
  "Important": 0.006944444444444444,
  "Info": 0.003472222222222222,
  "Informat": 0.013888888888888888,
  "Intellectu": 0.003472222222222222,
  "Interim": 0.003472222222222222,
  "Internet": 0.010416666666666666,
  "Invitat": 0.003472222222222222,
  "Kei": 0.003472222222222222,
  "Letter": 0.003472222222222222,
  "List": 0.010416666666666666,
  "Local": 0.006944444444444444,
  "London": 0.020833333333333332,
  "Loung": 0.003472222222222222,
  "Mail": 0.003472222222222222,
  "Mar": 0.006944444444444444,
  "March": 0.006944444444444444,
  "Materi": 0.006944444444444444,
  "Meet": 0.04861111111111111,
  "Metropol": 0.003472222222222222,
  "Mission": 0.003472222222222222,
  "Network": 0.003472222222222222,
  "New": 0.020833333333333332,
  "Newcom": 0.006944444444444444,
  "Next": 0.003472222222222222,
  "Online": 0.003472222222222222,
  "Page": 0.003472222222222222,
  "Pai": 0.003472222222222222,
  "Particip": 0.013888888888888888,
  "Past": 0.003472222222222222,
  "Plan": 0.003472222222222222,
  "Potenti": 0.003472222222222222,
  "Privaci": 0.003472222222222222,
  "Problem": 0.003472222222222222,
  "Proceed": 0.003472222222222222,
  "Quick": 0.006944444444444444,
  "RFC": 0.006944444444444444,
  "Recept": 0.003472222222222222,
  "Regist": 0.010416666666666666,
  "Registr": 0.006944444444444444,
  "Remot": 0.010416666666666666,
  "Report": 0.006944444444444444,
  "Retriev": 0.003472222222222222,
  "Run": 0.003472222222222222,
  "Saturdai": 0.003472222222222222,
  "Search": 0.024305555555555556,
  "Secretariat": 0.003472222222222222,
  "Seri": 0.003472222222222222,
  "Silver": 0.003472222222222222,
  "Social": 0.003472222222222222,
  "Speaker": 0.003472222222222222,
  "Sponsor": 0.013888888888888888,
  "Sprint": 0.003472222222222222,
  "Standard": 0.003472222222222222,
  "Statement": 0.006944444444444444,
  "Sundai": 0.003472222222222222,
  "Support": 0.003472222222222222,
  "The": 0.010416666666666666,
  "Thing": 0.003472222222222222,
  "Thursdai": 0.003472222222222222,
  "Tool": 0.006944444444444444,
  "Topic": 0.003472222222222222,
  "Trust": 0.003472222222222222,
  "Tutori": 0.003472222222222222,
  "UK": 0.003472222222222222,
  "Upcome": 0.003472222222222222,
  "VAT": 0.003472222222222222,
  "Venu": 0.010416666666666666,
  "WG": 0.006944444444444444,
  "Websit": 0.003472222222222222,
  "Welcom": 0.003472222222222222,
  "Who": 0.003472222222222222,
  "Wiki": 0.003472222222222222,
  "Work": 0.003472222222222222,
  "afternoon": 0.006944444444444444,
  "archiv": 0.006944444444444444,
  "blog": 0.006944444444444444,
  "chair": 0.006944444444444444,
  "close": 0.003472222222222222,
  "code": 0.003472222222222222,
  "detail": 0.003472222222222222,
  "discuss": 0.003472222222222222,
  "event": 0.010416666666666666,
  "group": 0.003472222222222222,
  "iPad": 0.003472222222222222,
  "iPhon": 0.003472222222222222,
  "interest": 0.003472222222222222,
  "link": 0.006944444444444444,
  "list": 0.010416666666666666,
  "manag": 0.003472222222222222,
  "meet": 0.003472222222222222,
  "network": 0.003472222222222222,
  "place": 0.006944444444444444,
  "plan": 0.003472222222222222,
  "polici": 0.003472222222222222,
  "principl": 0.003472222222222222,
  "process": 0.003472222222222222,
  "properti": 0.003472222222222222,
  "resourc": 0.006944444444444444,
  "right": 0.003472222222222222,
  "run": 0.003472222222222222,
  "schedul": 0.003472222222222222,
  "search": 0.006944444444444444,
  "standard": 0.003472222222222222,
  "start": 0.006944444444444444,
  "technic": 0.003472222222222222,
  "technolog": 0.003472222222222222,
  "tool": 0.003472222222222222,
  "train": 0.003472222222222222,
  "transport": 0.003472222222222222,
  "travel": 0.003472222222222222,
  "tutori": 0.003472222222222222,
  "updat": 0.003472222222222222,
  "vcf": 0.003472222222222222,
  "venu": 0.003472222222222222,
  "weekend": 0.003472222222222222,
  "work": 0.006944444444444444
}