{
  "101": 0.008264462809917356,
  "802": 0.008264462809917356,
  "93": 0.004132231404958678,
  "AAA": 0.004132231404958678,
  "AMS": 0.004132231404958678,
  "About": 0.008264462809917356,
  "Area": 0.004132231404958678,
  "Atla": 0.004132231404958678,
  "Autom": 0.004132231404958678,
  "BMWG": 0.004132231404958678,
  "Binari": 0.004132231404958678,
  "Blog": 0.008264462809917356,
  "CBOR": 0.004132231404958678,
  "Commun": 0.004132231404958678,
  "Concis": 0.004132231404958678,
  "Contact": 0.008264462809917356,
  "Datatrack": 0.008264462809917356,
  "Draft": 0.004132231404958678,
  "Editor": 0.004132231404958678,
  "Email": 0.012396694214876033,
  "Emerg": 0.004132231404958678,
  "Go": 0.004132231404958678,
  "Group": 0.004132231404958678,
  "Hide": 0.004132231404958678,
  "How": 0.004132231404958678,
  "IAB": 0.004132231404958678,
  "IANA": 0.004132231404958678,
  "IAOC": 0.004132231404958678,
  "ICE": 0.004132231404958678,
  "IEEE": 0.008264462809917356,
  "IESG": 0.008264462809917356,
  "IETF": 0.05785123966942149,
  "IP": 0.004132231404958678,
  "IPPM": 0.004132231404958678,
  "IRTF": 0.004132231404958678,
  "ISOC": 0.004132231404958678,
  "In": 0.004132231404958678,
  "Info": 0.004132231404958678,
  "Intellectu": 0.004132231404958678,
  "Internet": 0.03305785123966942,
  "Introduct": 0.008264462809917356,
  "It": 0.008264462809917356,
  "Kei": 0.004132231404958678,
  "LMAP": 0.004132231404958678,
  "Lab": 0.004132231404958678,
  "London": 0.008264462809917356,
  "M": 0.004132231404958678,
  "Measur": 0.004132231404958678,
  "Meet": 0.004132231404958678,
  "Mission": 0.004132231404958678,
  "Monitor": 0.004132231404958678,
  "NETCONF": 0.004132231404958678,
  "Network": 0.004132231404958678,
  "New": 0.02066115702479339,
  "Object": 0.004132231404958678,
  "Online": 0.004132231404958678,
  "PMOL": 0.004132231404958678,
  "PRECIS": 0.004132231404958678,
  "Particip": 0.008264462809917356,
  "Privaci": 0.004132231404958678,
  "Quick": 0.008264462809917356,
  "RFC": 0.012396694214876033,
  "RIPE": 0.004132231404958678,
  "Represent": 0.004132231404958678,
  "Run": 0.004132231404958678,
  "STUN": 0.004132231404958678,
  "Search": 0.028925619834710745,
  "Secretariat": 0.004132231404958678,
  "Slide": 0.004132231404958678,
  "Standard": 0.004132231404958678,
  "Statement": 0.008264462809917356,
  "Support": 0.004132231404958678,
  "TCP": 0.004132231404958678,
  "TURN": 0.004132231404958678,
  "Technic": 0.008264462809917356,
  "The": 0.008264462809917356,
  "There": 0.004132231404958678,
  "Thi": 0.008264462809917356,
  "Thing": 0.004132231404958678,
  "Tool": 0.008264462809917356,
  "Topic": 0.004132231404958678,
  "Trust": 0.004132231404958678,
  "Tutori": 0.004132231404958678,
  "WG": 0.01652892561983471,
  "Websit": 0.004132231404958678,
  "Who": 0.004132231404958678,
  "Wireless": 0.004132231404958678,
  "Work": 0.004132231404958678,
  "YANG": 0.004132231404958678,
  "activ": 0.004132231404958678,
  "archiv": 0.008264462809917356,
  "benefit": 0.004132231404958678,
  "blog": 0.008264462809917356,
  "central": 0.004132231404958678,
  "chair": 0.008264462809917356,
  "challeng": 0.004132231404958678,
  "code": 0.004132231404958678,
  "configur": 0.004132231404958678,
  "cover": 0.004132231404958678,
  "cross": 0.004132231404958678,
  "data": 0.004132231404958678,
  "deal": 0.004132231404958678,
  "differ": 0.004132231404958678,
  "discuss": 0.012396694214876033,
  "distribut": 0.004132231404958678,
  "engin": 0.004132231404958678,
  "event": 0.004132231404958678,
  "exampl": 0.004132231404958678,
  "exist": 0.004132231404958678,
  "familiar": 0.004132231404958678,
  "focu": 0.004132231404958678,
  "group": 0.004132231404958678,
  "help": 0.004132231404958678,
  "i18n": 0.004132231404958678,
  "implic": 0.008264462809917356,
  "includ": 0.004132231404958678,
  "interest": 0.004132231404958678,
  "issu": 0.004132231404958678,
  "layer": 0.004132231404958678,
  "life": 0.004132231404958678,
  "link": 0.012396694214876033,
  "list": 0.012396694214876033,
  "manag": 0.012396694214876033,
  "measur": 0.028925619834710745,
  "model": 0.008264462809917356,
  "monitor": 0.01652892561983471,
  "network": 0.02066115702479339,
  "number": 0.008264462809917356,
  "part": 0.004132231404958678,
  "passiv": 0.004132231404958678,
  "polici": 0.004132231404958678,
  "present": 0.004132231404958678,
  "principl": 0.004132231404958678,
  "process": 0.004132231404958678,
  "properti": 0.008264462809917356,
  "real": 0.004132231404958678,
  "resourc": 0.008264462809917356,
  "right": 0.004132231404958678,
  "search": 0.008264462809917356,
  "set": 0.004132231404958678,
  "solut": 0.004132231404958678,
  "standard": 0.004132231404958678,
  "statist": 0.004132231404958678,
  "technolog": 0.004132231404958678,
  "tool": 0.008264462809917356,
  "transport": 0.004132231404958678,
  "tutori": 0.02066115702479339,
  "underli": 0.004132231404958678,
  "wireless": 0.004132231404958678,
  "work": 0.012396694214876033
}