{
  "101": 0.009259259259259259,
  "A": 0.004629629629629629,
  "AMS": 0.004629629629629629,
  "About": 0.004629629629629629,
  "Area": 0.004629629629629629,
  "Autom": 0.004629629629629629,
  "Blog": 0.009259259259259259,
  "Commun": 0.004629629629629629,
  "Contact": 0.023148148148148147,
  "Copyright": 0.004629629629629629,
  "Datatrack": 0.009259259259259259,
  "Draft": 0.004629629629629629,
  "Editor": 0.004629629629629629,
  "Email": 0.018518518518518517,
  "For": 0.013888888888888888,
  "Go": 0.004629629629629629,
  "Group": 0.004629629629629629,
  "Hide": 0.004629629629629629,
  "How": 0.004629629629629629,
  "IAB": 0.004629629629629629,
  "IANA": 0.004629629629629629,
  "IAOC": 0.004629629629629629,
  "IESG": 0.009259259259259259,
  "IETF": 0.05555555555555555,
  "IRTF": 0.004629629629629629,
  "ISOC": 0.004629629629629629,
  "In": 0.004629629629629629,
  "Info": 0.004629629629629629,
  "Infringement": 0.004629629629629629,
  "Intellectu": 0.004629629629629629,
  "Internet": 0.013888888888888888,
  "Kei": 0.004629629629629629,
  "London": 0.009259259259259259,
  "Meet": 0.004629629629629629,
  "Mission": 0.004629629629629629,
  "New": 0.023148148148148147,
  "Note": 0.004629629629629629,
  "Ombudsteam": 0.004629629629629629,
  "Online": 0.004629629629629629,
  "Particip": 0.004629629629629629,
  "Pleas": 0.009259259259259259,
  "Privaci": 0.004629629629629629,
  "Quick": 0.009259259259259259,
  "RFC": 0.009259259259259259,
  "Report": 0.004629629629629629,
  "Run": 0.004629629629629629,
  "Search": 0.032407407407407406,
  "Secretariat": 0.009259259259259259,
  "Standard": 0.004629629629629629,
  "Statement": 0.009259259259259259,
  "Support": 0.004629629629629629,
  "The": 0.009259259259259259,
  "Thing": 0.004629629629629629,
  "To": 0.004629629629629629,
  "Tool": 0.009259259259259259,
  "Topic": 0.004629629629629629,
  "Trust": 0.004629629629629629,
  "URL": 0.004629629629629629,
  "WG": 0.009259259259259259,
  "Websit": 0.018518518518518517,
  "Who": 0.004629629629629629,
  "Work": 0.004629629629629629,
  "You": 0.004629629629629629,
  "applic": 0.004629629629629629,
  "appropri": 0.004629629629629629,
  "archiv": 0.009259259259259259,
  "autom": 0.004629629629629629,
  "blog": 0.009259259259259259,
  "chair": 0.009259259259259259,
  "channel": 0.004629629629629629,
  "code": 0.004629629629629629,
  "datatrack": 0.009259259259259259,
  "detail": 0.004629629629629629,
  "discuss": 0.004629629629629629,
  "email": 0.018518518518518517,
  "encount": 0.004629629629629629,
  "event": 0.004629629629629629,
  "exampl": 0.004629629629629629,
  "feedback": 0.032407407407407406,
  "follow": 0.004629629629629629,
  "group": 0.004629629629629629,
  "help": 0.004629629629629629,
  "ietf": 0.032407407407407406,
  "includ": 0.004629629629629629,
  "interest": 0.004629629629629629,
  "issu": 0.013888888888888888,
  "link": 0.009259259259259259,
  "list": 0.018518518518518517,
  "manag": 0.004629629629629629,
  "network": 0.004629629629629629,
  "note": 0.004629629629629629,
  "onlin": 0.004629629629629629,
  "open": 0.004629629629629629,
  "org": 0.037037037037037035,
  "polici": 0.004629629629629629,
  "principl": 0.004629629629629629,
  "process": 0.004629629629629629,
  "project": 0.004629629629629629,
  "properti": 0.004629629629629629,
  "provid": 0.013888888888888888,
  "publicli": 0.004629629629629629,
  "receiv": 0.004629629629629629,
  "relev": 0.004629629629629629,
  "repli": 0.004629629629629629,
  "resolv": 0.009259259259259259,
  "resourc": 0.009259259259259259,
  "respons": 0.004629629629629629,
  "right": 0.004629629629629629,
  "search": 0.009259259259259259,
  "send": 0.018518518518518517,
  "standard": 0.004629629629629629,
  "suggest": 0.004629629629629629,
  "technolog": 0.004629629629629629,
  "ticket": 0.004629629629629629,
  "tool": 0.013888888888888888,
  "transport": 0.004629629629629629,
  "visibl": 0.004629629629629629,
  "webmast": 0.013888888888888888,
  "websit": 0.013888888888888888,
  "will": 0.009259259259259259,
  "work": 0.004629629629629629
}