{
  "101": 0.009433962264150943,
  "91": 0.0047169811320754715,
  "AMS": 0.0047169811320754715,
  "About": 0.009433962264150943,
  "Applicat": 0.009433962264150943,
  "Area": 0.0660377358490566,
  "Autom": 0.0047169811320754715,
  "Blog": 0.009433962264150943,
  "Commun": 0.0047169811320754715,
  "Contact": 0.009433962264150943,
  "Cypto": 0.0047169811320754715,
  "DANE": 0.0047169811320754715,
  "Datatrack": 0.009433962264150943,
  "Draft": 0.0047169811320754715,
  "Editor": 0.0047169811320754715,
  "Email": 0.014150943396226415,
  "Forc": 0.0047169811320754715,
  "Forum": 0.0047169811320754715,
  "Go": 0.0047169811320754715,
  "Group": 0.009433962264150943,
  "Hide": 0.0047169811320754715,
  "How": 0.0047169811320754715,
  "IAB": 0.0047169811320754715,
  "IANA": 0.0047169811320754715,
  "IAOC": 0.0047169811320754715,
  "IESG": 0.009433962264150943,
  "IETF": 0.06132075471698113,
  "IRTF": 0.0047169811320754715,
  "ISOC": 0.0047169811320754715,
  "In": 0.0047169811320754715,
  "Info": 0.0047169811320754715,
  "Intellectu": 0.0047169811320754715,
  "Internet": 0.02358490566037736,
  "Introduct": 0.0047169811320754715,
  "Kei": 0.0047169811320754715,
  "London": 0.009433962264150943,
  "Manag": 0.0047169811320754715,
  "Meet": 0.0047169811320754715,
  "Mission": 0.0047169811320754715,
  "New": 0.02358490566037736,
  "OAuth": 0.0047169811320754715,
  "Online": 0.0047169811320754715,
  "Operat": 0.0047169811320754715,
  "Particip": 0.009433962264150943,
  "Privaci": 0.0047169811320754715,
  "Quick": 0.009433962264150943,
  "RFC": 0.009433962264150943,
  "Real": 0.0047169811320754715,
  "Research": 0.009433962264150943,
  "Rout": 0.009433962264150943,
  "Run": 0.0047169811320754715,
  "SEC": 0.0047169811320754715,
  "Search": 0.0330188679245283,
  "Secretariat": 0.0047169811320754715,
  "Secur": 0.0330188679245283,
  "Slide": 0.0047169811320754715,
  "Standard": 0.0047169811320754715,
  "Statement": 0.009433962264150943,
  "Support": 0.0047169811320754715,
  "TLS": 0.0047169811320754715,
  "Task": 0.0047169811320754715,
  "The": 0.014150943396226415,
  "Thi": 0.0047169811320754715,
  "Thing": 0.0047169811320754715,
  "Time": 0.0047169811320754715,
  "Tool": 0.009433962264150943,
  "Topic": 0.0047169811320754715,
  "Transport": 0.0047169811320754715,
  "Trust": 0.0047169811320754715,
  "Tutori": 0.0047169811320754715,
  "WG": 0.009433962264150943,
  "Websit": 0.0047169811320754715,
  "Who": 0.0047169811320754715,
  "Work": 0.0047169811320754715,
  "archiv": 0.009433962264150943,
  "area": 0.0047169811320754715,
  "areasâ": 0.0047169811320754715,
  "authent": 0.0047169811320754715,
  "block": 0.0047169811320754715,
  "blog": 0.009433962264150943,
  "build": 0.0047169811320754715,
  "chair": 0.009433962264150943,
  "code": 0.0047169811320754715,
  "confidenti": 0.0047169811320754715,
  "cover": 0.0047169811320754715,
  "develop": 0.0047169811320754715,
  "discuss": 0.0047169811320754715,
  "event": 0.0047169811320754715,
  "focus": 0.0047169811320754715,
  "group": 0.014150943396226415,
  "high": 0.0047169811320754715,
  "includ": 0.0047169811320754715,
  "interest": 0.0047169811320754715,
  "introduct": 0.03773584905660377,
  "level": 0.0047169811320754715,
  "link": 0.009433962264150943,
  "list": 0.014150943396226415,
  "maintain": 0.0047169811320754715,
  "manag": 0.0047169811320754715,
  "mechan": 0.0047169811320754715,
  "network": 0.0047169811320754715,
  "overview": 0.018867924528301886,
  "polici": 0.0047169811320754715,
  "present": 0.0047169811320754715,
  "principl": 0.0047169811320754715,
  "process": 0.0047169811320754715,
  "properti": 0.0047169811320754715,
  "provid": 0.0047169811320754715,
  "resourc": 0.009433962264150943,
  "right": 0.0047169811320754715,
  "search": 0.009433962264150943,
  "secur": 0.009433962264150943,
  "servic": 0.009433962264150943,
  "standard": 0.0047169811320754715,
  "technolog": 0.0047169811320754715,
  "tool": 0.0047169811320754715,
  "transport": 0.0047169811320754715,
  "tutori": 0.018867924528301886,
  "well": 0.0047169811320754715,
  "work": 0.009433962264150943
}