{
  "0": 0.0025575447570332483,
  "03": 0.0025575447570332483,
  "06": 0.0025575447570332483,
  "1": 0.0025575447570332483,
  "11": 0.0025575447570332483,
  "13": 0.0025575447570332483,
  "2": 0.0025575447570332483,
  "2018": 0.0025575447570332483,
  "6": 0.0025575447570332483,
  "7": 0.0025575447570332483,
  "74": 0.0025575447570332483,
  "AG": 0.005115089514066497,
  "About": 0.0076726342710997444,
  "Acronym": 0.0025575447570332483,
  "Active": 0.03836317135549872,
  "Addition": 0.0025575447570332483,
  "Address": 0.0025575447570332483,
  "Agenda": 0.005115089514066497,
  "Applicat": 0.005115089514066497,
  "Archive": 0.0025575447570332483,
  "Area": 0.010230179028132993,
  "BOF": 0.005115089514066497,
  "By": 0.005115089514066497,
  "Chair": 0.0025575447570332483,
  "Charter": 0.005115089514066497,
  "Conclud": 0.005115089514066497,
  "Datatrack": 0.005115089514066497,
  "Director": 0.017902813299232736,
  "Django": 0.0025575447570332483,
  "Document": 0.005115089514066497,
  "Donoghu": 0.0025575447570332483,
  "Downref": 0.005115089514066497,
  "Draft": 0.005115089514066497,
  "Editor": 0.0025575447570332483,
  "Educat": 0.010230179028132993,
  "Email": 0.005115089514066497,
  "Enabl": 0.0025575447570332483,
  "Final": 0.0025575447570332483,
  "Floor": 0.005115089514066497,
  "GEN": 0.0025575447570332483,
  "Gener": 0.010230179028132993,
  "Group": 0.005115089514066497,
  "Histori": 0.0025575447570332483,
  "IAB": 0.0076726342710997444,
  "IANA": 0.0025575447570332483,
  "IAOC": 0.0025575447570332483,
  "IASA": 0.0025575447570332483,
  "IESG": 0.010230179028132993,
  "IETF": 0.03324808184143223,
  "IPR": 0.005115089514066497,
  "IRTF": 0.01278772378516624,
  "ISE": 0.005115089514066497,
  "ISOC": 0.0025575447570332483,
  "Important": 0.005115089514066497,
  "In": 0.0025575447570332483,
  "Internet": 0.0076726342710997444,
  "Issue": 0.0025575447570332483,
  "Javascript": 0.0025575447570332483,
  "Karen": 0.0025575447570332483,
  "Kuehn": 0.0025575447570332483,
  "Liaison": 0.005115089514066497,
  "List": 0.0025575447570332483,
  "Mail": 0.0025575447570332483,
  "Materi": 0.005115089514066497,
  "Meet": 0.005115089514066497,
  "Mentor": 0.010230179028132993,
  "Mgmt": 0.005115089514066497,
  "Mirjam": 0.0025575447570332483,
  "Name": 0.0025575447570332483,
  "New": 0.010230179028132993,
  "Non": 0.005115089514066497,
  "O": 0.0025575447570332483,
  "Op": 0.005115089514066497,
  "Other": 0.015345268542199489,
  "Outreach": 0.010230179028132993,
  "Password": 0.005115089514066497,
  "Past": 0.010230179028132993,
  "Personnel": 0.0025575447570332483,
  "Photo": 0.0025575447570332483,
  "Prefer": 0.005115089514066497,
  "Program": 0.005115089514066497,
  "Python": 0.0025575447570332483,
  "RFC": 0.0076726342710997444,
  "RG": 0.005115089514066497,
  "Real": 0.005115089514066497,
  "Report": 0.0076726342710997444,
  "Request": 0.005115089514066497,
  "Rout": 0.005115089514066497,
  "Search": 0.005115089514066497,
  "Secur": 0.005115089514066497,
  "Session": 0.005115089514066497,
  "Sign": 0.010230179028132993,
  "State": 0.0025575447570332483,
  "Statist": 0.005115089514066497,
  "Team": 0.005115089514066497,
  "The": 0.0076726342710997444,
  "Thi": 0.0025575447570332483,
  "Time": 0.005115089514066497,
  "To": 0.0025575447570332483,
  "Toggl": 0.0025575447570332483,
  "Tool": 0.0025575447570332483,
  "Tracker": 0.0025575447570332483,
  "Transport": 0.005115089514066497,
  "Trust": 0.0025575447570332483,
  "Tutori": 0.005115089514066497,
  "URL": 0.0025575447570332483,
  "Upcome": 0.005115089514066497,
  "User": 0.005115089514066497,
  "Version": 0.0025575447570332483,
  "WG": 0.010230179028132993,
  "Wiki": 0.0025575447570332483,
  "access": 0.0025575447570332483,
  "account": 0.005115089514066497,
  "activ": 0.015345268542199489,
  "addit": 0.0025575447570332483,
  "agenda": 0.005115089514066497,
  "arch": 0.0025575447570332483,
  "archiv": 0.0025575447570332483,
  "area": 0.0076726342710997444,
  "assess": 0.0025575447570332483,
  "associ": 0.0025575447570332483,
  "broadli": 0.0025575447570332483,
  "brows": 0.0025575447570332483,
  "bug": 0.0076726342710997444,
  "chair": 0.0025575447570332483,
  "coordin": 0.0076726342710997444,
  "date": 0.005115089514066497,
  "defin": 0.0025575447570332483,
  "develop": 0.0025575447570332483,
  "dir": 0.005115089514066497,
  "direct": 0.0025575447570332483,
  "director": 0.017902813299232736,
  "disclosur": 0.005115089514066497,
  "divers": 0.0025575447570332483,
  "doc": 0.005115089514066497,
  "educ": 0.010230179028132993,
  "effect": 0.0025575447570332483,
  "emo": 0.005115089514066497,
  "emodir": 0.0076726342710997444,
  "enabl": 0.005115089514066497,
  "enhanc": 0.0025575447570332483,
  "ensur": 0.0025575447570332483,
  "establish": 0.0025575447570332483,
  "execut": 0.0025575447570332483,
  "expand": 0.0025575447570332483,
  "expans": 0.0025575447570332483,
  "facilit": 0.0025575447570332483,
  "focu": 0.0025575447570332483,
  "full": 0.0025575447570332483,
  "function": 0.005115089514066497,
  "gen": 0.0025575447570332483,
  "goal": 0.0025575447570332483,
  "group": 0.015345268542199489,
  "guid": 0.0025575447570332483,
  "help": 0.0025575447570332483,
  "http": 0.0025575447570332483,
  "ietf": 0.005115089514066497,
  "improv": 0.0025575447570332483,
  "includ": 0.0025575447570332483,
  "inclus": 0.0025575447570332483,
  "innov": 0.0025575447570332483,
  "leader": 0.0025575447570332483,
  "liaison": 0.0025575447570332483,
  "list": 0.0076726342710997444,
  "mailarch": 0.0025575447570332483,
  "materi": 0.0025575447570332483,
  "measur": 0.0025575447570332483,
  "member": 0.0025575447570332483,
  "mentor": 0.0076726342710997444,
  "metric": 0.0025575447570332483,
  "navig": 0.0025575447570332483,
  "need": 0.0025575447570332483,
  "org": 0.005115089514066497,
  "outreach": 0.005115089514066497,
  "p1": 0.0025575447570332483,
  "parent": 0.005115089514066497,
  "particip": 0.0076726342710997444,
  "plan": 0.005115089514066497,
  "proceed": 0.005115089514066497,
  "product": 0.005115089514066497,
  "program": 0.0025575447570332483,
  "project": 0.005115089514066497,
  "registri": 0.005115089514066497,
  "relationship": 0.0025575447570332483,
  "relev": 0.0025575447570332483,
  "request": 0.005115089514066497,
  "reset": 0.005115089514066497,
  "reusabl": 0.0025575447570332483,
  "select": 0.0025575447570332483,
  "serv": 0.005115089514066497,
  "session": 0.005115089514066497,
  "statement": 0.005115089514066497,
  "stream": 0.005115089514066497,
  "strive": 0.0025575447570332483,
  "structur": 0.0025575447570332483,
  "submiss": 0.005115089514066497,
  "subscrib": 0.0025575447570332483,
  "support": 0.005115089514066497,
  "technic": 0.0025575447570332483,
  "track": 0.005115089514066497,
  "tracker": 0.0025575447570332483,
  "understand": 0.0025575447570332483,
  "will": 0.005115089514066497,
  "work": 0.010230179028132993
}