{
  "00": 0.0033222591362126247,
  "08": 0.0011074197120708748,
  "1": 0.0011074197120708748,
  "101": 0.0022148394241417496,
  "17": 0.0011074197120708748,
  "24": 0.0011074197120708748,
  "3979": 0.0022148394241417496,
  "A": 0.0011074197120708748,
  "AD": 0.0022148394241417496,
  "AMS": 0.0011074197120708748,
  "About": 0.0011074197120708748,
  "Account": 0.0011074197120708748,
  "Active": 0.0011074197120708748,
  "All": 0.0011074197120708748,
  "An": 0.004429678848283499,
  "Any": 0.0011074197120708748,
  "Approval": 0.0011074197120708748,
  "Area": 0.007751937984496124,
  "Autom": 0.0011074197120708748,
  "BOF": 0.0011074197120708748,
  "Bibliographi": 0.0011074197120708748,
  "Blog": 0.0022148394241417496,
  "Call": 0.0011074197120708748,
  "Chair": 0.005537098560354375,
  "Commun": 0.004429678848283499,
  "Connect": 0.0011074197120708748,
  "Contact": 0.0022148394241417496,
  "D": 0.005537098560354375,
  "Datatrack": 0.004429678848283499,
  "Director": 0.006644518272425249,
  "Disclosur": 0.0011074197120708748,
  "Draft": 0.019933554817275746,
  "Each": 0.0011074197120708748,
  "Editor": 0.0022148394241417496,
  "Email": 0.004429678848283499,
  "Expire": 0.0011074197120708748,
  "External": 0.0011074197120708748,
  "Fridai": 0.0011074197120708748,
  "Go": 0.0011074197120708748,
  "Group": 0.0011074197120708748,
  "Hide": 0.0011074197120708748,
  "How": 0.0033222591362126247,
  "Howev": 0.0022148394241417496,
  "I": 0.005537098560354375,
  "IAB": 0.004429678848283499,
  "IANA": 0.0011074197120708748,
  "IAOC": 0.0011074197120708748,
  "ID": 0.0022148394241417496,
  "IDNit": 0.0011074197120708748,
  "IESG": 0.009966777408637873,
  "IETF": 0.06090808416389812,
  "IP": 0.0011074197120708748,
  "IPR": 0.008859357696566999,
  "IPv4": 0.0011074197120708748,
  "IPv6": 0.0011074197120708748,
  "IRTF": 0.0033222591362126247,
  "ISOC": 0.0011074197120708748,
  "In": 0.0033222591362126247,
  "Info": 0.0011074197120708748,
  "Initial": 0.0011074197120708748,
  "Intellectu": 0.004429678848283499,
  "Intend": 0.0011074197120708748,
  "Internet": 0.0221483942414175,
  "It": 0.0022148394241417496,
  "Kei": 0.0011074197120708748,
  "Last": 0.0011074197120708748,
  "Liaison": 0.004429678848283499,
  "List": 0.0022148394241417496,
  "London": 0.0022148394241417496,
  "Mail": 0.0022148394241417496,
  "Manag": 0.0033222591362126247,
  "Materi": 0.0022148394241417496,
  "Meet": 0.006644518272425249,
  "Mission": 0.0011074197120708748,
  "Model": 0.0011074197120708748,
  "Mondai": 0.0011074197120708748,
  "Most": 0.0011074197120708748,
  "New": 0.005537098560354375,
  "Note": 0.0011074197120708748,
  "Once": 0.0022148394241417496,
  "Online": 0.004429678848283499,
  "PING": 0.0011074197120708748,
  "PT": 0.0011074197120708748,
  "Page": 0.0011074197120708748,
  "Particip": 0.0011074197120708748,
  "Pleas": 0.0011074197120708748,
  "Privaci": 0.0011074197120708748,
  "Properti": 0.0033222591362126247,
  "Publish": 0.0011074197120708748,
  "Quick": 0.0022148394241417496,
  "RFC": 0.01107419712070875,
  "RFCdiff": 0.0011074197120708748,
  "Replac": 0.0011074197120708748,
  "Request": 0.0022148394241417496,
  "Right": 0.0033222591362126247,
  "Run": 0.0022148394241417496,
  "SDO": 0.0022148394241417496,
  "Search": 0.008859357696566999,
  "Secretariat": 0.007751937984496124,
  "Session": 0.0011074197120708748,
  "Some": 0.0011074197120708748,
  "Standard": 0.0011074197120708748,
  "State": 0.0011074197120708748,
  "Statement": 0.004429678848283499,
  "Statu": 0.0011074197120708748,
  "Submiss": 0.0022148394241417496,
  "Support": 0.0011074197120708748,
  "Technolog": 0.0022148394241417496,
  "The": 0.017718715393133997,
  "These": 0.0011074197120708748,
  "Thi": 0.015503875968992248,
  "Thing": 0.0011074197120708748,
  "To": 0.0011074197120708748,
  "Tool": 0.015503875968992248,
  "Topic": 0.0011074197120708748,
  "Tracerout": 0.0022148394241417496,
  "Tracker": 0.004429678848283499,
  "Trust": 0.0011074197120708748,
  "Use": 0.0011074197120708748,
  "User": 0.0011074197120708748,
  "Valid": 0.0011074197120708748,
  "Version": 0.0011074197120708748,
  "WG": 0.0022148394241417496,
  "Web": 0.004429678848283499,
  "Websit": 0.0011074197120708748,
  "Who": 0.0011074197120708748,
  "Withdrawn": 0.0011074197120708748,
  "Work": 0.0022148394241417496,
  "XML": 0.0011074197120708748,
  "XML2RFC": 0.0022148394241417496,
  "YANG": 0.0022148394241417496,
  "You": 0.0011074197120708748,
  "access": 0.006644518272425249,
  "account": 0.008859357696566999,
  "action": 0.0022148394241417496,
  "activ": 0.005537098560354375,
  "addit": 0.0011074197120708748,
  "address": 0.0011074197120708748,
  "agenda": 0.0033222591362126247,
  "allow": 0.007751937984496124,
  "altern": 0.0011074197120708748,
  "appear": 0.0011074197120708748,
  "applic": 0.0022148394241417496,
  "appropri": 0.0011074197120708748,
  "approv": 0.008859357696566999,
  "archiv": 0.0022148394241417496,
  "area": 0.0022148394241417496,
  "assign": 0.0011074197120708748,
  "assist": 0.0011074197120708748,
  "ballot": 0.005537098560354375,
  "base": 0.0033222591362126247,
  "blog": 0.0022148394241417496,
  "boilerpl": 0.0011074197120708748,
  "busi": 0.0011074197120708748,
  "cancel": 0.0011074197120708748,
  "case": 0.0022148394241417496,
  "categori": 0.0011074197120708748,
  "chair": 0.007751937984496124,
  "check": 0.0022148394241417496,
  "code": 0.0022148394241417496,
  "combin": 0.0011074197120708748,
  "comment": 0.004429678848283499,
  "commun": 0.006644518272425249,
  "compar": 0.0011074197120708748,
  "connect": 0.0011074197120708748,
  "consist": 0.0011074197120708748,
  "constraint": 0.0011074197120708748,
  "continu": 0.0011074197120708748,
  "convert": 0.0011074197120708748,
  "creat": 0.0033222591362126247,
  "current": 0.0011074197120708748,
  "dai": 0.0022148394241417496,
  "databas": 0.0022148394241417496,
  "datatrack": 0.0011074197120708748,
  "defin": 0.0011074197120708748,
  "design": 0.0011074197120708748,
  "desir": 0.0011074197120708748,
  "detail": 0.0011074197120708748,
  "develop": 0.0033222591362126247,
  "diagnos": 0.0011074197120708748,
  "differ": 0.0011074197120708748,
  "disclosur": 0.005537098560354375,
  "discuss": 0.005537098560354375,
  "displai": 0.0011074197120708748,
  "document": 0.007751937984496124,
  "domain": 0.0011074197120708748,
  "draft": 0.0033222591362126247,
  "effort": 0.0011074197120708748,
  "ensur": 0.0011074197120708748,
  "entiti": 0.0011074197120708748,
  "evalu": 0.0022148394241417496,
  "event": 0.0022148394241417496,
  "exist": 0.0022148394241417496,
  "featur": 0.0011074197120708748,
  "fetch": 0.0011074197120708748,
  "filenam": 0.0011074197120708748,
  "fill": 0.0011074197120708748,
  "formal": 0.0011074197120708748,
  "format": 0.0022148394241417496,
  "forward": 0.0011074197120708748,
  "gain": 0.0022148394241417496,
  "group": 0.019933554817275746,
  "help": 0.0011074197120708748,
  "host": 0.0022148394241417496,
  "hostnam": 0.0011074197120708748,
  "hour": 0.0022148394241417496,
  "html": 0.0011074197120708748,
  "http": 0.0011074197120708748,
  "idnit": 0.0011074197120708748,
  "ietf": 0.008859357696566999,
  "includ": 0.0011074197120708748,
  "inclus": 0.0011074197120708748,
  "independ": 0.0011074197120708748,
  "intellectu": 0.0022148394241417496,
  "intend": 0.0022148394241417496,
  "interest": 0.0011074197120708748,
  "interfac": 0.0033222591362126247,
  "intervent": 0.0011074197120708748,
  "issu": 0.0011074197120708748,
  "keep": 0.0011074197120708748,
  "kei": 0.0011074197120708748,
  "liaison": 0.004429678848283499,
  "link": 0.0022148394241417496,
  "list": 0.012181616832779624,
  "log": 0.0011074197120708748,
  "mail": 0.006644518272425249,
  "main": 0.0011074197120708748,
  "manag": 0.0011074197120708748,
  "mark": 0.0011074197120708748,
  "materi": 0.0011074197120708748,
  "mechan": 0.0011074197120708748,
  "meet": 0.005537098560354375,
  "member": 0.0022148394241417496,
  "memo": 0.0011074197120708748,
  "messag": 0.0011074197120708748,