{
  "101": 0.005970149253731343,
  "2": 0.0029850746268656717,
  "AMS": 0.0029850746268656717,
  "About": 0.0029850746268656717,
  "Another": 0.0029850746268656717,
  "Area": 0.014925373134328358,
  "As": 0.0029850746268656717,
  "Autom": 0.005970149253731343,
  "Blog": 0.005970149253731343,
  "Commun": 0.0029850746268656717,
  "Contact": 0.005970149253731343,
  "Control": 0.0029850746268656717,
  "DTNWG": 0.0029850746268656717,
  "Datagram": 0.0029850746268656717,
  "Datatrack": 0.005970149253731343,
  "Delai": 0.0029850746268656717,
  "Disrupt": 0.0029850746268656717,
  "Draft": 0.0029850746268656717,
  "Editor": 0.0029850746268656717,
  "Email": 0.008955223880597015,
  "Even": 0.0029850746268656717,
  "For": 0.0029850746268656717,
  "Go": 0.0029850746268656717,
  "Group": 0.0029850746268656717,
  "HTTP": 0.0029850746268656717,
  "HTTPbi": 0.0029850746268656717,
  "Hide": 0.0029850746268656717,
  "How": 0.0029850746268656717,
  "IAB": 0.0029850746268656717,
  "IANA": 0.0029850746268656717,
  "IAOC": 0.0029850746268656717,
  "IESG": 0.005970149253731343,
  "IETF": 0.041791044776119404,
  "IRTF": 0.0029850746268656717,
  "ISOC": 0.0029850746268656717,
  "In": 0.0029850746268656717,
  "Intellectu": 0.0029850746268656717,
  "Internet": 0.026865671641791045,
  "London": 0.005970149253731343,
  "MPTCP": 0.0029850746268656717,
  "Meet": 0.0029850746268656717,
  "Mission": 0.0029850746268656717,
  "More": 0.0029850746268656717,
  "Multipath": 0.0029850746268656717,
  "Network": 0.0029850746268656717,
  "New": 0.023880597014925373,
  "Online": 0.0029850746268656717,
  "Particip": 0.0029850746268656717,
  "Privaci": 0.0029850746268656717,
  "Protocol": 0.005970149253731343,
  "QUIC": 0.011940298507462687,
  "Quick": 0.005970149253731343,
  "RFC": 0.005970149253731343,
  "Rout": 0.0029850746268656717,
  "Run": 0.0029850746268656717,
  "Search": 0.020895522388059702,
  "Secretariat": 0.0029850746268656717,
  "Secur": 0.0029850746268656717,
  "Servic": 0.0029850746268656717,
  "Similarli": 0.0029850746268656717,
  "Standard": 0.0029850746268656717,
  "Statement": 0.005970149253731343,
  "Support": 0.0029850746268656717,
  "TAPS": 0.0029850746268656717,
  "TCP": 0.011940298507462687,
  "TCPINC": 0.0029850746268656717,
  "TSV": 0.0029850746268656717,
  "The": 0.011940298507462687,
  "There": 0.0029850746268656717,
  "Thing": 0.005970149253731343,
  "Toler": 0.0029850746268656717,
  "Tool": 0.005970149253731343,
  "Topic": 0.008955223880597015,
  "Transmiss": 0.0029850746268656717,
  "Transport": 0.008955223880597015,
  "Trust": 0.0029850746268656717,
  "Two": 0.0029850746268656717,
  "UDP": 0.005970149253731343,
  "User": 0.0029850746268656717,
  "WG": 0.005970149253731343,
  "Websit": 0.0029850746268656717,
  "While": 0.0029850746268656717,
  "Who": 0.0029850746268656717,
  "Work": 0.0029850746268656717,
  "abil": 0.005970149253731343,
  "activ": 0.0029850746268656717,
  "aim": 0.008955223880597015,
  "allow": 0.0029850746268656717,
  "amount": 0.005970149253731343,
  "applic": 0.008955223880597015,
  "archiv": 0.005970149253731343,
  "area": 0.0029850746268656717,
  "base": 0.0029850746268656717,
  "best": 0.0029850746268656717,
  "blog": 0.005970149253731343,
  "broadli": 0.0029850746268656717,
  "build": 0.0029850746268656717,
  "capabl": 0.0029850746268656717,
  "center": 0.0029850746268656717,
  "central": 0.0029850746268656717,
  "chair": 0.005970149253731343,
  "close": 0.0029850746268656717,
  "code": 0.0029850746268656717,
  "commun": 0.0029850746268656717,
  "connect": 0.005970149253731343,
  "constrain": 0.0029850746268656717,
  "continu": 0.0029850746268656717,
  "current": 0.0029850746268656717,
  "data": 0.011940298507462687,
  "delai": 0.0029850746268656717,
  "deploy": 0.0029850746268656717,
  "develop": 0.01791044776119403,
  "develp": 0.0029850746268656717,
  "devic": 0.0029850746268656717,
  "differ": 0.0029850746268656717,
  "discuss": 0.0029850746268656717,
  "effect": 0.0029850746268656717,
  "effici": 0.0029850746268656717,
  "enabl": 0.0029850746268656717,
  "encompas": 0.0029850746268656717,
  "encrypt": 0.005970149253731343,
  "establish": 0.0029850746268656717,
  "event": 0.0029850746268656717,
  "evolv": 0.0029850746268656717,
  "exampl": 0.005970149253731343,
  "extend": 0.0029850746268656717,
  "extens": 0.0029850746268656717,
  "fact": 0.0029850746268656717,
  "global": 0.0029850746268656717,
  "group": 0.01791044776119403,
  "grow": 0.0029850746268656717,
  "implement": 0.0029850746268656717,
  "improv": 0.005970149253731343,
  "includ": 0.0029850746268656717,
  "increas": 0.0029850746268656717,
  "integr": 0.0029850746268656717,
  "interest": 0.011940298507462687,
  "interfac": 0.0029850746268656717,
  "intermitt": 0.0029850746268656717,
  "involv": 0.0029850746268656717,
  "link": 0.005970149253731343,
  "list": 0.008955223880597015,
  "long": 0.0029850746268656717,
  "manag": 0.005970149253731343,
  "map": 0.0029850746268656717,
  "mechan": 0.0029850746268656717,
  "meet": 0.0029850746268656717,
  "move": 0.0029850746268656717,
  "multipl": 0.0029850746268656717,
  "multiplex": 0.0029850746268656717,
  "network": 0.011940298507462687,
  "ongo": 0.0029850746268656717,
  "particip": 0.0029850746268656717,
  "path": 0.0029850746268656717,
  "plai": 0.0029850746268656717,
  "polici": 0.0029850746268656717,
  "pre": 0.005970149253731343,
  "presenc": 0.0029850746268656717,
  "principl": 0.0029850746268656717,
  "process": 0.0029850746268656717,
  "properti": 0.0029850746268656717,
  "protect": 0.0029850746268656717,
  "protocol": 0.026865671641791045,
  "provid": 0.005970149253731343,
  "refin": 0.0029850746268656717,
  "reflect": 0.0029850746268656717,
  "resourc": 0.005970149253731343,
  "right": 0.0029850746268656717,
  "role": 0.0029850746268656717,
  "root": 0.0029850746268656717,
  "search": 0.005970149253731343,
  "secur": 0.0029850746268656717,
  "send": 0.005970149253731343,
  "simultan": 0.0029850746268656717,
  "specifi": 0.0029850746268656717,
  "standard": 0.005970149253731343,
  "stream": 0.005970149253731343,
  "technolog": 0.014925373134328358,
  "technologist": 0.0029850746268656717,
  "tool": 0.0029850746268656717,
  "transport": 0.03283582089552239,
  "unauthent": 0.0029850746268656717,
  "underli": 0.0029850746268656717,
  "understand": 0.005970149253731343,
  "underwai": 0.0029850746268656717,
  "user": 0.0029850746268656717,
  "well": 0.0029850746268656717,
  "will": 0.0029850746268656717,
  "work": 0.03880597014925373
}