{
  "101": 0.007936507936507936,
  "AMS": 0.003968253968253968,
  "About": 0.007936507936507936,
  "Also": 0.003968253968253968,
  "Appendix": 0.003968253968253968,
  "Area": 0.007936507936507936,
  "Attend": 0.003968253968253968,
  "Autom": 0.003968253968253968,
  "Blog": 0.007936507936507936,
  "Commun": 0.003968253968253968,
  "Contact": 0.007936507936507936,
  "Datatrack": 0.007936507936507936,
  "Document": 0.003968253968253968,
  "Draft": 0.003968253968253968,
  "Editor": 0.003968253968253968,
  "Email": 0.011904761904761904,
  "Engineer": 0.003968253968253968,
  "Forc": 0.003968253968253968,
  "Get": 0.011904761904761904,
  "Glossari": 0.003968253968253968,
  "Go": 0.003968253968253968,
  "Group": 0.011904761904761904,
  "Here": 0.003968253968253968,
  "Hide": 0.003968253968253968,
  "How": 0.007936507936507936,
  "IAB": 0.003968253968253968,
  "IANA": 0.003968253968253968,
  "IAOC": 0.003968253968253968,
  "IESG": 0.007936507936507936,
  "IETF": 0.0992063492063492,
  "IRTF": 0.003968253968253968,
  "ISOC": 0.003968253968253968,
  "If": 0.003968253968253968,
  "In": 0.007936507936507936,
  "Info": 0.003968253968253968,
  "Intellectu": 0.003968253968253968,
  "Internet": 0.015873015873015872,
  "It": 0.003968253968253968,
  "Kei": 0.003968253968253968,
  "London": 0.007936507936507936,
  "Meet": 0.007936507936507936,
  "Mission": 0.003968253968253968,
  "New": 0.01984126984126984,
  "Newcom": 0.003968253968253968,
  "Note": 0.003968253968253968,
  "Official": 0.003968253968253968,
  "Online": 0.003968253968253968,
  "Particip": 0.007936507936507936,
  "Photo": 0.003968253968253968,
  "Privaci": 0.003968253968253968,
  "Quick": 0.007936507936507936,
  "RFC": 0.015873015873015872,
  "Resourc": 0.011904761904761904,
  "Run": 0.003968253968253968,
  "Search": 0.027777777777777776,
  "Secretariat": 0.003968253968253968,
  "Standard": 0.003968253968253968,
  "Start": 0.015873015873015872,
  "Statement": 0.007936507936507936,
  "Support": 0.003968253968253968,
  "Tao": 0.007936507936507936,
  "Task": 0.003968253968253968,
  "The": 0.027777777777777776,
  "These": 0.003968253968253968,
  "Thi": 0.01984126984126984,
  "Thing": 0.003968253968253968,
  "Tool": 0.007936507936507936,
  "Topic": 0.003968253968253968,
  "Trust": 0.003968253968253968,
  "Tutori": 0.007936507936507936,
  "WG": 0.01984126984126984,
  "Websit": 0.003968253968253968,
  "Well": 0.003968253968253968,
  "Where": 0.003968253968253968,
  "Who": 0.003968253968253968,
  "Work": 0.011904761904761904,
  "acronym": 0.003968253968253968,
  "appli": 0.003968253968253968,
  "archiv": 0.007936507936507936,
  "area": 0.003968253968253968,
  "aspect": 0.003968253968253968,
  "blog": 0.007936507936507936,
  "chair": 0.015873015873015872,
  "charter": 0.007936507936507936,
  "clear": 0.003968253968253968,
  "code": 0.003968253968253968,
  "current": 0.003968253968253968,
  "directori": 0.003968253968253968,
  "discuss": 0.011904761904761904,
  "document": 0.003968253968253968,
  "draft": 0.003968253968253968,
  "event": 0.003968253968253968,
  "explain": 0.003968253968253968,
  "find": 0.003968253968253968,
  "group": 0.003968253968253968,
  "hear": 0.003968253968253968,
  "help": 0.007936507936507936,
  "histori": 0.003968253968253968,
  "includ": 0.003968253968253968,
  "instruct": 0.003968253968253968,
  "interest": 0.007936507936507936,
  "introduct": 0.007936507936507936,
  "issu": 0.003968253968253968,
  "join": 0.003968253968253968,
  "link": 0.015873015873015872,
  "list": 0.01984126984126984,
  "mail": 0.003968253968253968,
  "manag": 0.003968253968253968,
  "network": 0.003968253968253968,
  "number": 0.007936507936507936,
  "offici": 0.003968253968253968,
  "oper": 0.003968253968253968,
  "overview": 0.003968253968253968,
  "particip": 0.007936507936507936,
  "person": 0.003968253968253968,
  "polici": 0.003968253968253968,
  "principl": 0.003968253968253968,
  "process": 0.007936507936507936,
  "produc": 0.003968253968253968,
  "properti": 0.003968253968253968,
  "provid": 0.003968253968253968,
  "question": 0.003968253968253968,
  "read": 0.011904761904761904,
  "resourc": 0.011904761904761904,
  "right": 0.003968253968253968,
  "rule": 0.003968253968253968,
  "search": 0.007936507936507936,
  "standard": 0.003968253968253968,
  "start": 0.003968253968253968,
  "statement": 0.003968253968253968,
  "structur": 0.003968253968253968,
  "technic": 0.003968253968253968,
  "technolog": 0.003968253968253968,
  "term": 0.003968253968253968,
  "thorough": 0.003968253968253968,
  "tool": 0.007936507936507936,
  "transport": 0.003968253968253968,
  "underwai": 0.003968253968253968,
  "updat": 0.003968253968253968,
  "work": 0.007936507936507936
}