{
  "101": 0.00851063829787234,
  "AMS": 0.00425531914893617,
  "About": 0.01276595744680851,
  "Administr": 0.00425531914893617,
  "Announcement": 0.00425531914893617,
  "Area": 0.00425531914893617,
  "Autom": 0.00425531914893617,
  "Blog": 0.00851063829787234,
  "Chair": 0.00425531914893617,
  "Charter": 0.00425531914893617,
  "Checklist": 0.00425531914893617,
  "Commun": 0.00851063829787234,
  "Contact": 0.01276595744680851,
  "D": 0.00425531914893617,
  "Datatrack": 0.01276595744680851,
  "Date": 0.00425531914893617,
  "Director": 0.00425531914893617,
  "Disclosur": 0.00851063829787234,
  "Discuss": 0.00425531914893617,
  "Draft": 0.00851063829787234,
  "Ds": 0.00425531914893617,
  "EMO": 0.00425531914893617,
  "Ed": 0.00425531914893617,
  "Editor": 0.00851063829787234,
  "Email": 0.01702127659574468,
  "File": 0.00425531914893617,
  "Go": 0.00425531914893617,
  "Group": 0.00851063829787234,
  "Hide": 0.00425531914893617,
  "Home": 0.00425531914893617,
  "How": 0.00851063829787234,
  "I": 0.00851063829787234,
  "IAB": 0.00425531914893617,
  "IANA": 0.00851063829787234,
  "IAOC": 0.00425531914893617,
  "IESG": 0.01276595744680851,
  "IETF": 0.04680851063829787,
  "IPR": 0.00851063829787234,
  "IRTF": 0.00425531914893617,
  "ISOC": 0.00425531914893617,
  "Important": 0.00425531914893617,
  "In": 0.00851063829787234,
  "Index": 0.00425531914893617,
  "Info": 0.00425531914893617,
  "Intellectu": 0.00425531914893617,
  "Interim": 0.00425531914893617,
  "Internet": 0.02127659574468085,
  "Liaison": 0.01276595744680851,
  "Link": 0.00851063829787234,
  "List": 0.01702127659574468,
  "London": 0.00851063829787234,
  "Mail": 0.00425531914893617,
  "Manag": 0.00425531914893617,
  "Meet": 0.02127659574468085,
  "Member": 0.00425531914893617,
  "Mentor": 0.00425531914893617,
  "Minut": 0.00425531914893617,
  "Mission": 0.00851063829787234,
  "New": 0.02127659574468085,
  "Newcom": 0.00425531914893617,
  "Nit": 0.00425531914893617,
  "NomCom": 0.00425531914893617,
  "Non": 0.00851063829787234,
  "Note": 0.00425531914893617,
  "Ombudsteam": 0.00425531914893617,
  "Online": 0.00425531914893617,
  "Page": 0.02127659574468085,
  "Paramet": 0.00425531914893617,
  "Particip": 0.00425531914893617,
  "Past": 0.00425531914893617,
  "Polici": 0.00425531914893617,
  "Privaci": 0.00425531914893617,
  "Proceed": 0.00425531914893617,
  "Process": 0.00425531914893617,
  "Program": 0.00425531914893617,
  "Protocol": 0.00425531914893617,
  "Queue": 0.00425531914893617,
  "Quick": 0.00851063829787234,
  "RFC": 0.02553191489361702,
  "Resourc": 0.00425531914893617,
  "Run": 0.00425531914893617,
  "Search": 0.0425531914893617,
  "Secretariat": 0.00425531914893617,
  "Standard": 0.00851063829787234,
  "Statement": 0.01702127659574468,
  "Submit": 0.00425531914893617,
  "Support": 0.00425531914893617,
  "Team": 0.00425531914893617,
  "Technic": 0.00425531914893617,
  "The": 0.00425531914893617,
  "Thi": 0.00425531914893617,
  "Thing": 0.00425531914893617,
  "Tool": 0.02127659574468085,
  "Topic": 0.00851063829787234,
  "Trust": 0.00425531914893617,
  "Tutori": 0.00425531914893617,
  "Upcome": 0.00425531914893617,
  "WG": 0.02127659574468085,
  "Websit": 0.00425531914893617,
  "Well": 0.00425531914893617,
  "Who": 0.00425531914893617,
  "Wiki": 0.00425531914893617,
  "Work": 0.00851063829787234,
  "archiv": 0.00851063829787234,
  "blog": 0.00851063829787234,
  "chair": 0.00851063829787234,
  "code": 0.00425531914893617,
  "commonli": 0.00425531914893617,
  "contact": 0.00425531914893617,
  "depth": 0.00425531914893617,
  "discuss": 0.00425531914893617,
  "email": 0.00425531914893617,
  "event": 0.00425531914893617,
  "group": 0.00425531914893617,
  "interest": 0.00851063829787234,
  "issu": 0.00425531914893617,
  "link": 0.01276595744680851,
  "list": 0.01276595744680851,
  "manag": 0.00425531914893617,
  "network": 0.00425531914893617,
  "polici": 0.00425531914893617,
  "principl": 0.00425531914893617,
  "process": 0.00425531914893617,
  "properti": 0.00425531914893617,
  "quick": 0.00425531914893617,
  "resourc": 0.01276595744680851,
  "right": 0.00425531914893617,
  "search": 0.00851063829787234,
  "server": 0.00425531914893617,
  "standard": 0.00851063829787234,
  "support": 0.00425531914893617,
  "technolog": 0.00425531914893617,
  "tool": 0.00425531914893617,
  "transport": 0.00425531914893617,
  "work": 0.00851063829787234
}