{
  "101": 0.0078125,
  "92": 0.00390625,
  "AMS": 0.00390625,
  "About": 0.0078125,
  "Area": 0.00390625,
  "Autom": 0.00390625,
  "Blog": 0.0078125,
  "Commun": 0.00390625,
  "Contact": 0.0078125,
  "Creat": 0.00390625,
  "Datatrack": 0.0078125,
  "Design": 0.00390625,
  "Document": 0.00390625,
  "Draft": 0.03515625,
  "Editor": 0.0078125,
  "Email": 0.01171875,
  "Go": 0.00390625,
  "Group": 0.0078125,
  "Hide": 0.00390625,
  "How": 0.00390625,
  "IAB": 0.00390625,
  "IANA": 0.00390625,
  "IAOC": 0.00390625,
  "IESG": 0.0078125,
  "IETF": 0.046875,
  "IRTF": 0.00390625,
  "ISOC": 0.00390625,
  "In": 0.00390625,
  "Info": 0.00390625,
  "Intellectu": 0.00390625,
  "Internet": 0.046875,
  "It": 0.00390625,
  "Kei": 0.00390625,
  "London": 0.0078125,
  "Markdown": 0.00390625,
  "Meet": 0.00390625,
  "Microsoft": 0.00390625,
  "Mission": 0.00390625,
  "New": 0.0234375,
  "Online": 0.00390625,
  "Particip": 0.0078125,
  "Present": 0.00390625,
  "Privaci": 0.0078125,
  "Process": 0.0078125,
  "Protocol": 0.00390625,
  "Quick": 0.0078125,
  "RFC": 0.03515625,
  "Recent": 0.00390625,
  "Run": 0.00390625,
  "Search": 0.02734375,
  "Secretariat": 0.00390625,
  "Slide": 0.00390625,
  "Standard": 0.00390625,
  "Statement": 0.0078125,
  "Support": 0.00390625,
  "The": 0.00390625,
  "Thi": 0.0078125,
  "Thing": 0.00390625,
  "Tool": 0.01171875,
  "Topic": 0.00390625,
  "Trust": 0.00390625,
  "Tutori": 0.00390625,
  "WG": 0.0078125,
  "Websit": 0.00390625,
  "Who": 0.00390625,
  "Word": 0.00390625,
  "Work": 0.0078125,
  "Write": 0.01953125,
  "XML": 0.0078125,
  "YAML": 0.01953125,
  "accept": 0.00390625,
  "allow": 0.00390625,
  "archiv": 0.0078125,
  "automat": 0.00390625,
  "bit": 0.01953125,
  "blog": 0.0078125,
  "chair": 0.0078125,
  "chore": 0.00390625,
  "code": 0.00390625,
  "collabor": 0.00390625,
  "commun": 0.00390625,
  "contributor": 0.00390625,
  "convert": 0.00390625,
  "cover": 0.00390625,
  "creat": 0.00390625,
  "discuss": 0.00390625,
  "edit": 0.00390625,
  "editor": 0.00390625,
  "enhanc": 0.00390625,
  "event": 0.00390625,
  "finicki": 0.00390625,
  "focu": 0.00390625,
  "format": 0.0078125,
  "group": 0.00390625,
  "hard": 0.00390625,
  "help": 0.00390625,
  "interest": 0.00390625,
  "involv": 0.00390625,
  "kramdown": 0.00390625,
  "leadership": 0.00390625,
  "link": 0.0078125,
  "list": 0.01171875,
  "manag": 0.0078125,
  "manual": 0.0078125,
  "markdown": 0.0234375,
  "minim": 0.00390625,
  "network": 0.00390625,
  "number": 0.00390625,
  "optim": 0.00390625,
  "orient": 0.0078125,
  "perform": 0.00390625,
  "plaintext": 0.00390625,
  "polici": 0.00390625,
  "popular": 0.0078125,
  "present": 0.00390625,
  "principl": 0.00390625,
  "process": 0.0078125,
  "properti": 0.00390625,
  "rang": 0.00390625,
  "read": 0.00390625,
  "refer": 0.00390625,
  "resourc": 0.0078125,
  "review": 0.00390625,
  "right": 0.00390625,
  "search": 0.0078125,
  "set": 0.00390625,
  "shepherd": 0.00390625,
  "skill": 0.00390625,
  "standard": 0.00390625,
  "structur": 0.00390625,
  "technolog": 0.00390625,
  "templat": 0.00390625,
  "text": 0.00390625,
  "tool": 0.01953125,
  "tradition": 0.00390625,
  "train": 0.0078125,
  "transport": 0.00390625,
  "tutori": 0.015625,
  "type": 0.00390625,
  "wide": 0.00390625,
  "work": 0.01171875,
  "workflow": 0.00390625,
  "write": 0.0078125
}