{
  "101": 0.006993006993006993,
  "101attende": 0.006993006993006993,
  "101companion": 0.006993006993006993,
  "A": 0.006993006993006993,
  "AMS": 0.0034965034965034965,
  "About": 0.0034965034965034965,
  "Area": 0.0034965034965034965,
  "Attende": 0.0034965034965034965,
  "Autom": 0.0034965034965034965,
  "Blog": 0.006993006993006993,
  "Commun": 0.0034965034965034965,
  "Companion": 0.0034965034965034965,
  "Contact": 0.01048951048951049,
  "Datatrack": 0.006993006993006993,
  "Discuss": 0.006993006993006993,
  "Draft": 0.0034965034965034965,
  "Each": 0.006993006993006993,
  "Editor": 0.0034965034965034965,
  "Email": 0.013986013986013986,
  "Go": 0.0034965034965034965,
  "Group": 0.0034965034965034965,
  "How": 0.006993006993006993,
  "IAB": 0.0034965034965034965,
  "IAD": 0.0034965034965034965,
  "IANA": 0.0034965034965034965,
  "IAOC": 0.0034965034965034965,
  "IESG": 0.006993006993006993,
  "IETF": 0.07692307692307693,
  "IRTF": 0.0034965034965034965,
  "ISOC": 0.0034965034965034965,
  "Intellectu": 0.0034965034965034965,
  "Internet": 0.01048951048951049,
  "Issue": 0.0034965034965034965,
  "List": 0.01048951048951049,
  "London": 0.006993006993006993,
  "Mail": 0.0034965034965034965,
  "Meet": 0.013986013986013986,
  "Mission": 0.0034965034965034965,
  "New": 0.017482517482517484,
  "Online": 0.0034965034965034965,
  "Particip": 0.0034965034965034965,
  "Privaci": 0.0034965034965034965,
  "Quick": 0.006993006993006993,
  "RFC": 0.006993006993006993,
  "Run": 0.0034965034965034965,
  "Runner": 0.0034965034965034965,
  "Search": 0.024475524475524476,
  "Secretariat": 0.013986013986013986,
  "Social": 0.0034965034965034965,
  "Standard": 0.0034965034965034965,
  "Statement": 0.006993006993006993,
  "Subscript": 0.01048951048951049,
  "Support": 0.0034965034965034965,
  "The": 0.0034965034965034965,
  "Thi": 0.006993006993006993,
  "Thing": 0.0034965034965034965,
  "To": 0.013986013986013986,
  "Tool": 0.006993006993006993,
  "Topic": 0.0034965034965034965,
  "Travel": 0.0034965034965034965,
  "Trust": 0.0034965034965034965,
  "WG": 0.006993006993006993,
  "Websit": 0.0034965034965034965,
  "Who": 0.0034965034965034965,
  "Work": 0.0034965034965034965,
  "archiv": 0.027972027972027972,
  "attende": 0.02097902097902098,
  "blog": 0.006993006993006993,
  "chair": 0.006993006993006993,
  "code": 0.0034965034965034965,
  "companion": 0.01048951048951049,
  "connect": 0.006993006993006993,
  "contact": 0.006993006993006993,
  "current": 0.0034965034965034965,
  "dai": 0.0034965034965034965,
  "dinner": 0.0034965034965034965,
  "discuss": 0.013986013986013986,
  "email": 0.01048951048951049,
  "event": 0.006993006993006993,
  "experi": 0.0034965034965034965,
  "find": 0.0034965034965034965,
  "good": 0.0034965034965034965,
  "group": 0.0034965034965034965,
  "ietf": 0.01048951048951049,
  "interest": 0.0034965034965034965,
  "involv": 0.0034965034965034965,
  "issu": 0.01048951048951049,
  "link": 0.017482517482517484,
  "list": 0.06643356643356643,
  "lunch": 0.0034965034965034965,
  "mail": 0.024475524475524476,
  "manag": 0.0034965034965034965,
  "meet": 0.04195804195804196,
  "messag": 0.006993006993006993,
  "mtd": 0.0034965034965034965,
  "network": 0.0034965034965034965,
  "open": 0.0034965034965034965,
  "opportun": 0.0034965034965034965,
  "order": 0.006993006993006993,
  "org": 0.0034965034965034965,
  "organ": 0.0034965034965034965,
  "particip": 0.0034965034965034965,
  "polici": 0.0034965034965034965,
  "principl": 0.0034965034965034965,
  "process": 0.0034965034965034965,
  "properti": 0.0034965034965034965,
  "quicker": 0.0034965034965034965,
  "regist": 0.0034965034965034965,
  "requir": 0.0034965034965034965,
  "resolv": 0.0034965034965034965,
  "resourc": 0.006993006993006993,
  "respons": 0.0034965034965034965,
  "right": 0.0034965034965034965,
  "rout": 0.0034965034965034965,
  "run": 0.006993006993006993,
  "runner": 0.01048951048951049,
  "search": 0.006993006993006993,
  "send": 0.0034965034965034965,
  "set": 0.0034965034965034965,
  "share": 0.0034965034965034965,
  "simpli": 0.0034965034965034965,
  "social": 0.0034965034965034965,
  "standard": 0.0034965034965034965,
  "subscrib": 0.013986013986013986,
  "technolog": 0.0034965034965034965,
  "time": 0.0034965034965034965,
  "tool": 0.0034965034965034965,
  "transport": 0.0034965034965034965,
  "travel": 0.006993006993006993,
  "trip": 0.0034965034965034965,
  "venu": 0.0034965034965034965,
  "view": 0.01048951048951049,
  "visit": 0.01048951048951049,
  "will": 0.0034965034965034965,
  "work": 0.006993006993006993
}