{
  "101": 0.012738853503184714,
  "13": 0.006369426751592357,
  "18": 0.006369426751592357,
  "2016": 0.006369426751592357,
  "97": 0.012738853503184714,
  "AMS": 0.006369426751592357,
  "About": 0.006369426751592357,
  "Area": 0.006369426751592357,
  "Autom": 0.006369426751592357,
  "Blog": 0.012738853503184714,
  "Commun": 0.006369426751592357,
  "Contact": 0.025477707006369428,
  "Datatrack": 0.012738853503184714,
  "Draft": 0.006369426751592357,
  "Editor": 0.006369426751592357,
  "Email": 0.01910828025477707,
  "Go": 0.006369426751592357,
  "Group": 0.006369426751592357,
  "Hide": 0.006369426751592357,
  "How": 0.012738853503184714,
  "IAB": 0.006369426751592357,
  "IANA": 0.006369426751592357,
  "IAOC": 0.006369426751592357,
  "IESG": 0.012738853503184714,
  "IETF": 0.07643312101910828,
  "IRTF": 0.006369426751592357,
  "ISOC": 0.006369426751592357,
  "In": 0.006369426751592357,
  "Info": 0.006369426751592357,
  "Informat": 0.012738853503184714,
  "Intellectu": 0.006369426751592357,
  "Internet": 0.01910828025477707,
  "Kei": 0.006369426751592357,
  "Korea": 0.006369426751592357,
  "Local": 0.012738853503184714,
  "London": 0.012738853503184714,
  "Meet": 0.01910828025477707,
  "Mission": 0.006369426751592357,
  "New": 0.03184713375796178,
  "Novemb": 0.006369426751592357,
  "Online": 0.006369426751592357,
  "Particip": 0.006369426751592357,
  "Past": 0.006369426751592357,
  "Privaci": 0.006369426751592357,
  "Quick": 0.012738853503184714,
  "RFC": 0.012738853503184714,
  "Run": 0.006369426751592357,
  "Search": 0.044585987261146494,
  "Secretariat": 0.006369426751592357,
  "Seoul": 0.01910828025477707,
  "South": 0.006369426751592357,
  "Standard": 0.006369426751592357,
  "Statement": 0.012738853503184714,
  "Support": 0.006369426751592357,
  "The": 0.012738853503184714,
  "Thing": 0.006369426751592357,
  "Tool": 0.012738853503184714,
  "Topic": 0.006369426751592357,
  "Trust": 0.006369426751592357,
  "WG": 0.012738853503184714,
  "We": 0.006369426751592357,
  "Websit": 0.006369426751592357,
  "Who": 0.006369426751592357,
  "Work": 0.006369426751592357,
  "address": 0.006369426751592357,
  "archiv": 0.012738853503184714,
  "blog": 0.012738853503184714,
  "card": 0.006369426751592357,
  "chair": 0.012738853503184714,
  "code": 0.006369426751592357,
  "contact": 0.006369426751592357,
  "creat": 0.006369426751592357,
  "discuss": 0.006369426751592357,
  "download": 0.006369426751592357,
  "event": 0.012738853503184714,
  "file": 0.006369426751592357,
  "group": 0.006369426751592357,
  "interest": 0.006369426751592357,
  "kei": 0.006369426751592357,
  "link": 0.012738853503184714,
  "list": 0.01910828025477707,
  "manag": 0.006369426751592357,
  "meet": 0.006369426751592357,
  "network": 0.006369426751592357,
  "number": 0.006369426751592357,
  "phone": 0.006369426751592357,
  "polici": 0.006369426751592357,
  "principl": 0.006369426751592357,
  "process": 0.006369426751592357,
  "properti": 0.006369426751592357,
  "resourc": 0.012738853503184714,
  "right": 0.006369426751592357,
  "search": 0.012738853503184714,
  "standard": 0.006369426751592357,
  "technolog": 0.006369426751592357,
  "tool": 0.006369426751592357,
  "transport": 0.006369426751592357,
  "vcf": 0.006369426751592357,
  "week": 0.006369426751592357,
  "work": 0.012738853503184714
}