{
  "00": 0.021621621621621623,
  "101": 0.010810810810810811,
  "13": 0.005405405405405406,
  "14": 0.010810810810810811,
  "15": 0.005405405405405406,
  "16": 0.005405405405405406,
  "17": 0.005405405405405406,
  "2015": 0.010810810810810811,
  "22": 0.010810810810810811,
  "27": 0.005405405405405406,
  "50": 0.010810810810810811,
  "92": 0.016216216216216217,
  "AMS": 0.005405405405405406,
  "About": 0.005405405405405406,
  "Advice": 0.005405405405405406,
  "Area": 0.010810810810810811,
  "Autom": 0.005405405405405406,
  "Blog": 0.010810810810810811,
  "Commun": 0.005405405405405406,
  "Contact": 0.010810810810810811,
  "Dalla": 0.016216216216216217,
  "Datatrack": 0.010810810810810811,
  "Draft": 0.005405405405405406,
  "Ds": 0.005405405405405406,
  "Edite": 0.005405405405405406,
  "Editor": 0.005405405405405406,
  "EduTeam": 0.005405405405405406,
  "Email": 0.016216216216216217,
  "Go": 0.005405405405405406,
  "Group": 0.010810810810810811,
  "Hide": 0.005405405405405406,
  "How": 0.010810810810810811,
  "I": 0.005405405405405406,
  "IAB": 0.005405405405405406,
  "IANA": 0.005405405405405406,
  "IAOC": 0.005405405405405406,
  "IESG": 0.010810810810810811,
  "IETF": 0.06486486486486487,
  "IRTF": 0.005405405405405406,
  "ISOC": 0.005405405405405406,
  "In": 0.005405405405405406,
  "Info": 0.005405405405405406,
  "Intellectu": 0.005405405405405406,
  "Internet": 0.016216216216216217,
  "Kei": 0.005405405405405406,
  "Leadership": 0.005405405405405406,
  "London": 0.010810810810810811,
  "March": 0.010810810810810811,
  "Meet": 0.016216216216216217,
  "Mission": 0.005405405405405406,
  "New": 0.02702702702702703,
  "Newcom": 0.005405405405405406,
  "Online": 0.005405405405405406,
  "Overview": 0.005405405405405406,
  "Particip": 0.005405405405405406,
  "Past": 0.005405405405405406,
  "Privaci": 0.005405405405405406,
  "Quick": 0.010810810810810811,
  "RFC": 0.016216216216216217,
  "Run": 0.005405405405405406,
  "Search": 0.03783783783783784,
  "Secretariat": 0.005405405405405406,
  "Session": 0.010810810810810811,
  "Standard": 0.005405405405405406,
  "Statement": 0.010810810810810811,
  "Sundai": 0.005405405405405406,
  "Support": 0.005405405405405406,
  "TX": 0.005405405405405406,
  "The": 0.010810810810810811,
  "Thing": 0.005405405405405406,
  "Time": 0.016216216216216217,
  "Tool": 0.010810810810810811,
  "Topic": 0.005405405405405406,
  "Train": 0.005405405405405406,
  "Transport": 0.005405405405405406,
  "Trust": 0.005405405405405406,
  "Tutori": 0.010810810810810811,
  "USA": 0.005405405405405406,
  "WG": 0.010810810810810811,
  "Websit": 0.005405405405405406,
  "Who": 0.005405405405405406,
  "Work": 0.010810810810810811,
  "Write": 0.005405405405405406,
  "YAML": 0.005405405405405406,
  "YANG": 0.005405405405405406,
  "archiv": 0.010810810810810811,
  "attende": 0.005405405405405406,
  "bit": 0.005405405405405406,
  "blog": 0.010810810810810811,
  "chair": 0.010810810810810811,
  "code": 0.005405405405405406,
  "discuss": 0.005405405405405406,
  "event": 0.010810810810810811,
  "group": 0.005405405405405406,
  "held": 0.005405405405405406,
  "interest": 0.005405405405405406,
  "link": 0.010810810810810811,
  "list": 0.016216216216216217,
  "manag": 0.005405405405405406,
  "markdown": 0.005405405405405406,
  "network": 0.005405405405405406,
  "open": 0.005405405405405406,
  "polici": 0.005405405405405406,
  "principl": 0.005405405405405406,
  "process": 0.005405405405405406,
  "properti": 0.005405405405405406,
  "resourc": 0.010810810810810811,
  "right": 0.005405405405405406,
  "search": 0.010810810810810811,
  "standard": 0.005405405405405406,
  "technolog": 0.005405405405405406,
  "tool": 0.005405405405405406,
  "transport": 0.005405405405405406,
  "will": 0.005405405405405406,
  "work": 0.010810810810810811
}