{
  "101": 0.006535947712418301,
  "AMS": 0.0032679738562091504,
  "About": 0.006535947712418301,
  "Administr": 0.006535947712418301,
  "Architectur": 0.006535947712418301,
  "Area": 0.0032679738562091504,
  "Autom": 0.0032679738562091504,
  "Blog": 0.006535947712418301,
  "Board": 0.006535947712418301,
  "Committe": 0.013071895424836602,
  "Commun": 0.0032679738562091504,
  "Contact": 0.006535947712418301,
  "Datatrack": 0.006535947712418301,
  "Director": 0.006535947712418301,
  "Draft": 0.0032679738562091504,
  "Editor": 0.0032679738562091504,
  "Email": 0.00980392156862745,
  "Engineer": 0.006535947712418301,
  "Forc": 0.006535947712418301,
  "Go": 0.0032679738562091504,
  "Group": 0.0196078431372549,
  "How": 0.0032679738562091504,
  "IAB": 0.006535947712418301,
  "IANA": 0.0032679738562091504,
  "IAOC": 0.00980392156862745,
  "IESG": 0.013071895424836602,
  "IETF": 0.08496732026143791,
  "IRTF": 0.006535947712418301,
  "ISOC": 0.0032679738562091504,
  "Intellectu": 0.0032679738562091504,
  "Internet": 0.049019607843137254,
  "London": 0.006535947712418301,
  "Meet": 0.0032679738562091504,
  "Mission": 0.0032679738562091504,
  "New": 0.016339869281045753,
  "NomCom": 0.0032679738562091504,
  "Nomin": 0.006535947712418301,
  "Online": 0.0032679738562091504,
  "Operat": 0.0032679738562091504,
  "Oversight": 0.0032679738562091504,
  "Particip": 0.0032679738562091504,
  "Privaci": 0.0032679738562091504,
  "Quick": 0.006535947712418301,
  "RFC": 0.006535947712418301,
  "Research": 0.00980392156862745,
  "Run": 0.0032679738562091504,
  "Search": 0.02287581699346405,
  "Secretariat": 0.0032679738562091504,
  "Standard": 0.0032679738562091504,
  "Statement": 0.006535947712418301,
  "Steer": 0.006535947712418301,
  "Support": 0.0032679738562091504,
  "Task": 0.006535947712418301,
  "Team": 0.006535947712418301,
  "The": 0.029411764705882353,
  "These": 0.0032679738562091504,
  "Thing": 0.0032679738562091504,
  "Tool": 0.013071895424836602,
  "Topic": 0.0032679738562091504,
  "Trust": 0.00980392156862745,
  "WG": 0.006535947712418301,
  "Websit": 0.0032679738562091504,
  "While": 0.0032679738562091504,
  "Who": 0.0032679738562091504,
  "Work": 0.0032679738562091504,
  "acquir": 0.0032679738562091504,
  "activ": 0.0032679738562091504,
  "administr": 0.006535947712418301,
  "advisori": 0.0032679738562091504,
  "applic": 0.0032679738562091504,
  "architectur": 0.0032679738562091504,
  "archiv": 0.006535947712418301,
  "blog": 0.006535947712418301,
  "candid": 0.0032679738562091504,
  "chair": 0.006535947712418301,
  "code": 0.0032679738562091504,
  "commun": 0.006535947712418301,
  "compris": 0.0032679738562091504,
  "connect": 0.0032679738562091504,
  "continu": 0.0032679738562091504,
  "creat": 0.006535947712418301,
  "describ": 0.0032679738562091504,
  "develop": 0.00980392156862745,
  "differ": 0.0032679738562091504,
  "direct": 0.0032679738562091504,
  "discuss": 0.0032679738562091504,
  "ensur": 0.0032679738562091504,
  "event": 0.0032679738562091504,
  "evolut": 0.0032679738562091504,
  "evolv": 0.0032679738562091504,
  "exist": 0.0032679738562091504,
  "experienc": 0.0032679738562091504,
  "fiscal": 0.0032679738562091504,
  "focus": 0.0032679738562091504,
  "global": 0.0032679738562091504,
  "goal": 0.0032679738562091504,
  "group": 0.02287581699346405,
  "grow": 0.0032679738562091504,
  "help": 0.006535947712418301,
  "hold": 0.0032679738562091504,
  "includ": 0.0032679738562091504,
  "individu": 0.0032679738562091504,
  "innov": 0.0032679738562091504,
  "intellectu": 0.0032679738562091504,
  "interest": 0.0032679738562091504,
  "leadership": 0.0032679738562091504,
  "link": 0.006535947712418301,
  "list": 0.00980392156862745,
  "long": 0.006535947712418301,
  "maintain": 0.0032679738562091504,
  "manag": 0.006535947712418301,
  "network": 0.0032679738562091504,
  "nomin": 0.0032679738562091504,
  "open": 0.0032679738562091504,
  "organ": 0.0032679738562091504,
  "oversight": 0.0032679738562091504,
  "particip": 0.0032679738562091504,
  "platform": 0.0032679738562091504,
  "polici": 0.0032679738562091504,
  "posit": 0.0032679738562091504,
  "principl": 0.0032679738562091504,
  "process": 0.016339869281045753,
  "promot": 0.0032679738562091504,
  "properti": 0.00980392156862745,
  "protocol": 0.0032679738562091504,
  "provid": 0.006535947712418301,
  "rang": 0.0032679738562091504,
  "resourc": 0.006535947712418301,
  "respons": 0.00980392156862745,
  "review": 0.0032679738562091504,
  "right": 0.0032679738562091504,
  "role": 0.0032679738562091504,
  "search": 0.006535947712418301,
  "select": 0.0032679738562091504,
  "serv": 0.006535947712418301,
  "servic": 0.0032679738562091504,
  "standard": 0.02287581699346405,
  "structur": 0.0032679738562091504,
  "support": 0.013071895424836602,
  "technic": 0.00980392156862745,
  "technolog": 0.006535947712418301,
  "term": 0.0032679738562091504,
  "tool": 0.00980392156862745,
  "topic": 0.0032679738562091504,
  "transport": 0.0032679738562091504,
  "typic": 0.0032679738562091504,
  "undertaken": 0.006535947712418301,
  "varieti": 0.0032679738562091504,
  "volunt": 0.0032679738562091504,
  "wide": 0.0032679738562091504,
  "work": 0.026143790849673203
}