{
  "1": 0.0034965034965034965,
  "101": 0.006993006993006993,
  "25": 0.0034965034965034965,
  "7776": 0.006993006993006993,
  "AMS": 0.0034965034965034965,
  "About": 0.0034965034965034965,
  "Allison": 0.0034965034965034965,
  "Anti": 0.01048951048951049,
  "Area": 0.0034965034965034965,
  "Autom": 0.0034965034965034965,
  "BCP": 0.0034965034965034965,
  "Bibliographi": 0.0034965034965034965,
  "Blog": 0.006993006993006993,
  "CC0": 0.0034965034965034965,
  "Commun": 0.0034965034965034965,
  "Contact": 0.017482517482517484,
  "Copyright": 0.0034965034965034965,
  "Datatrack": 0.006993006993006993,
  "Draft": 0.0034965034965034965,
  "Editor": 0.0034965034965034965,
  "Email": 0.01048951048951049,
  "For": 0.0034965034965034965,
  "Go": 0.0034965034965034965,
  "Group": 0.0034965034965034965,
  "Harass": 0.01048951048951049,
  "Hide": 0.0034965034965034965,
  "How": 0.0034965034965034965,
  "IAB": 0.0034965034965034965,
  "IANA": 0.0034965034965034965,
  "IAOC": 0.0034965034965034965,
  "IESG": 0.01048951048951049,
  "IETF": 0.07342657342657342,
  "IRTF": 0.0034965034965034965,
  "ISOC": 0.0034965034965034965,
  "If": 0.006993006993006993,
  "In": 0.0034965034965034965,
  "Info": 0.0034965034965034965,
  "Infringement": 0.0034965034965034965,
  "Intellectu": 0.0034965034965034965,
  "Internet": 0.01048951048951049,
  "Kei": 0.0034965034965034965,
  "Klieforth": 0.006993006993006993,
  "Linda": 0.006993006993006993,
  "London": 0.006993006993006993,
  "Mankin": 0.0034965034965034965,
  "Meet": 0.0034965034965034965,
  "Mission": 0.0034965034965034965,
  "New": 0.017482517482517484,
  "Ombudsperson": 0.0034965034965034965,
  "Ombudsteam": 0.013986013986013986,
  "Online": 0.0034965034965034965,
  "Particip": 0.006993006993006993,
  "Pete": 0.006993006993006993,
  "Pleas": 0.0034965034965034965,
  "Polici": 0.0034965034965034965,
  "Privaci": 0.0034965034965034965,
  "Procedur": 0.006993006993006993,
  "Quick": 0.006993006993006993,
  "RFC": 0.017482517482517484,
  "Report": 0.0034965034965034965,
  "Resnick": 0.006993006993006993,
  "Run": 0.0034965034965034965,
  "Search": 0.024475524475524476,
  "Secretariat": 0.006993006993006993,
  "Standard": 0.0034965034965034965,
  "Statement": 0.006993006993006993,
  "Support": 0.0034965034965034965,
  "The": 0.013986013986013986,
  "Thi": 0.0034965034965034965,
  "Thing": 0.0034965034965034965,
  "Those": 0.0034965034965034965,
  "Tool": 0.006993006993006993,
  "Topic": 0.0034965034965034965,
  "Trust": 0.0034965034965034965,
  "WG": 0.006993006993006993,
  "We": 0.0034965034965034965,
  "Websit": 0.006993006993006993,
  "Who": 0.0034965034965034965,
  "Work": 0.0034965034965034965,
  "address": 0.0034965034965034965,
  "allison": 0.0034965034965034965,
  "allow": 0.0034965034965034965,
  "anti": 0.006993006993006993,
  "appropri": 0.0034965034965034965,
  "archiv": 0.006993006993006993,
  "author": 0.0034965034965034965,
  "background": 0.0034965034965034965,
  "behav": 0.0034965034965034965,
  "behaviour": 0.0034965034965034965,
  "blog": 0.006993006993006993,
  "chair": 0.006993006993006993,
  "code": 0.0034965034965034965,
  "collabor": 0.0034965034965034965,
  "concern": 0.01048951048951049,
  "conduct": 0.0034965034965034965,
  "confid": 0.0034965034965034965,
  "confidenti": 0.006993006993006993,
  "contact": 0.0034965034965034965,
  "copyright": 0.0034965034965034965,
  "creat": 0.0034965034965034965,
  "current": 0.0034965034965034965,
  "decenc": 0.0034965034965034965,
  "demonstr": 0.0034965034965034965,
  "digniti": 0.0034965034965034965,
  "discuss": 0.0034965034965034965,
  "document": 0.0034965034965034965,
  "email": 0.006993006993006993,
  "encourag": 0.0034965034965034965,
  "enforc": 0.0034965034965034965,
  "engag": 0.006993006993006993,
  "environ": 0.0034965034965034965,
  "epistem": 0.0034965034965034965,
  "event": 0.006993006993006993,
  "expect": 0.006993006993006993,
  "feedback": 0.0034965034965034965,
  "gmail": 0.006993006993006993,
  "group": 0.0034965034965034965,
  "harass": 0.024475524475524476,
  "htm": 0.0034965034965034965,
  "http": 0.0034965034965034965,
  "ietf": 0.006993006993006993,
  "implement": 0.0034965034965034965,
  "initi": 0.0034965034965034965,
  "intend": 0.0034965034965034965,
  "interest": 0.006993006993006993,
  "klieforth": 0.0034965034965034965,
  "lai": 0.0034965034965034965,
  "link": 0.006993006993006993,
  "list": 0.017482517482517484,
  "mail": 0.006993006993006993,
  "maintain": 0.0034965034965034965,
  "manag": 0.006993006993006993,
  "mankin": 0.0034965034965034965,
  "meet": 0.013986013986013986,
  "net": 0.0034965034965034965,
  "network": 0.006993006993006993,
  "notic": 0.0034965034965034965,
  "olddog": 0.0034965034965034965,
  "ombudsteam": 0.0034965034965034965,
  "org": 0.0034965034965034965,
  "organis": 0.0034965034965034965,
  "particip": 0.006993006993006993,
  "peopl": 0.0034965034965034965,
  "person": 0.0034965034965034965,
  "polici": 0.006993006993006993,
  "principl": 0.0034965034965034965,
  "procedur": 0.006993006993006993,
  "process": 0.006993006993006993,
  "profession": 0.006993006993006993,
  "properti": 0.0034965034965034965,
  "rais": 0.006993006993006993,
  "reach": 0.0034965034965034965,
  "report": 0.0034965034965034965,
  "resnick": 0.0034965034965034965,
  "resourc": 0.006993006993006993,
  "respect": 0.0034965034965034965,
  "right": 0.0034965034965034965,
  "search": 0.006993006993006993,
  "social": 0.0034965034965034965,
  "standard": 0.006993006993006993,
  "strive": 0.0034965034965034965,
  "team": 0.006993006993006993,
  "technolog": 0.0034965034965034965,
  "tool": 0.0034965034965034965,
  "transport": 0.0034965034965034965,
  "treat": 0.0034965034965034965,
  "uk": 0.0034965034965034965,
  "updat": 0.0034965034965034965,
  "version": 0.0034965034965034965,
  "virtual": 0.006993006993006993,
  "work": 0.0034965034965034965,
  "workplac": 0.0034965034965034965
}