{
  "101": 0.01507537688442211,
  "107349": 0.005025125628140704,
  "17": 0.005025125628140704,
  "AMS": 0.005025125628140704,
  "About": 0.005025125628140704,
  "All": 0.005025125628140704,
  "Area": 0.005025125628140704,
  "Autom": 0.005025125628140704,
  "Blog": 0.010050251256281407,
  "Code": 0.04020100502512563,
  "CodeStand": 0.005025125628140704,
  "Commun": 0.005025125628140704,
  "Contact": 0.010050251256281407,
  "Datatrack": 0.01507537688442211,
  "Draft": 0.005025125628140704,
  "Editor": 0.005025125628140704,
  "Email": 0.01507537688442211,
  "For": 0.005025125628140704,
  "Go": 0.005025125628140704,
  "Group": 0.005025125628140704,
  "Hackathon": 0.005025125628140704,
  "Hide": 0.005025125628140704,
  "How": 0.010050251256281407,
  "IAB": 0.005025125628140704,
  "IANA": 0.005025125628140704,
  "IAOC": 0.005025125628140704,
  "IESG": 0.010050251256281407,
  "IETF": 0.10050251256281408,
  "IRTF": 0.005025125628140704,
  "ISOC": 0.005025125628140704,
  "Implement": 0.005025125628140704,
  "In": 0.005025125628140704,
  "Info": 0.005025125628140704,
  "Intellectu": 0.005025125628140704,
  "Internet": 0.01507537688442211,
  "Kei": 0.005025125628140704,
  "London": 0.01507537688442211,
  "March": 0.005025125628140704,
  "Meet": 0.005025125628140704,
  "Mission": 0.005025125628140704,
  "New": 0.02512562814070352,
  "Next": 0.005025125628140704,
  "Online": 0.005025125628140704,
  "Particip": 0.005025125628140704,
  "Privaci": 0.005025125628140704,
  "Quick": 0.010050251256281407,
  "RFC": 0.010050251256281407,
  "Run": 0.01507537688442211,
  "Search": 0.035175879396984924,
  "Secretariat": 0.005025125628140704,
  "Some": 0.005025125628140704,
  "Sprint": 0.04020100502512563,
  "Standard": 0.005025125628140704,
  "Statement": 0.010050251256281407,
  "Support": 0.005025125628140704,
  "The": 0.010050251256281407,
  "Thing": 0.005025125628140704,
  "Tool": 0.01507537688442211,
  "Topic": 0.005025125628140704,
  "Trust": 0.005025125628140704,
  "WG": 0.010050251256281407,
  "Websit": 0.005025125628140704,
  "Who": 0.005025125628140704,
  "Wiki": 0.005025125628140704,
  "Work": 0.005025125628140704,
  "ad": 0.005025125628140704,
  "archiv": 0.010050251256281407,
  "blog": 0.010050251256281407,
  "bring": 0.005025125628140704,
  "chair": 0.010050251256281407,
  "code": 0.02512562814070352,
  "commun": 0.010050251256281407,
  "conjunct": 0.005025125628140704,
  "develop": 0.005025125628140704,
  "discuss": 0.005025125628140704,
  "event": 0.005025125628140704,
  "excit": 0.005025125628140704,
  "exist": 0.005025125628140704,
  "function": 0.010050251256281407,
  "group": 0.005025125628140704,
  "held": 0.005025125628140704,
  "improv": 0.005025125628140704,
  "interest": 0.005025125628140704,
  "link": 0.010050251256281407,
  "list": 0.020100502512562814,
  "mail": 0.005025125628140704,
  "manag": 0.005025125628140704,
  "meet": 0.005025125628140704,
  "network": 0.005025125628140704,
  "open": 0.005025125628140704,
  "organ": 0.005025125628140704,
  "peopl": 0.005025125628140704,
  "polici": 0.005025125628140704,
  "principl": 0.005025125628140704,
  "process": 0.005025125628140704,
  "properti": 0.005025125628140704,
  "report": 0.005025125628140704,
  "resourc": 0.010050251256281407,
  "right": 0.005025125628140704,
  "search": 0.010050251256281407,
  "sourc": 0.005025125628140704,
  "standard": 0.005025125628140704,
  "support": 0.005025125628140704,
  "team": 0.005025125628140704,
  "technolog": 0.005025125628140704,
  "tool": 0.020100502512562814,
  "transport": 0.005025125628140704,
  "volunt": 0.005025125628140704,
  "will": 0.010050251256281407,
  "work": 0.02512562814070352
}