{
  "00": 0.012396694214876033,
  "101": 0.008264462809917356,
  "16": 0.004132231404958678,
  "17": 0.008264462809917356,
  "18": 0.004132231404958678,
  "19": 0.012396694214876033,
  "25": 0.004132231404958678,
  "30": 0.008264462809917356,
  "87": 0.004132231404958678,
  "93": 0.01652892561983471,
  "A": 0.008264462809917356,
  "AMS": 0.004132231404958678,
  "Abiliti": 0.004132231404958678,
  "About": 0.004132231404958678,
  "An": 0.004132231404958678,
  "Any": 0.004132231404958678,
  "Area": 0.004132231404958678,
  "Attende": 0.004132231404958678,
  "Autom": 0.004132231404958678,
  "Ballroom": 0.008264462809917356,
  "Benefit": 0.004132231404958678,
  "Blog": 0.008264462809917356,
  "Commun": 0.008264462809917356,
  "Companion": 0.024793388429752067,
  "Contact": 0.008264462809917356,
  "Datatrack": 0.008264462809917356,
  "Draft": 0.004132231404958678,
  "Editor": 0.004132231404958678,
  "Email": 0.012396694214876033,
  "Event": 0.004132231404958678,
  "Florenc": 0.004132231404958678,
  "Foyer": 0.004132231404958678,
  "Get": 0.004132231404958678,
  "Go": 0.004132231404958678,
  "Grand": 0.004132231404958678,
  "Group": 0.004132231404958678,
  "Hide": 0.004132231404958678,
  "How": 0.008264462809917356,
  "IAB": 0.004132231404958678,
  "IANA": 0.004132231404958678,
  "IAOC": 0.004132231404958678,
  "IESG": 0.008264462809917356,
  "IETF": 0.07024793388429752,
  "IRTF": 0.004132231404958678,
  "ISOC": 0.004132231404958678,
  "If": 0.004132231404958678,
  "In": 0.004132231404958678,
  "Info": 0.004132231404958678,
  "Intellectu": 0.004132231404958678,
  "Internet": 0.012396694214876033,
  "Juli": 0.008264462809917356,
  "Kei": 0.004132231404958678,
  "Level": 0.008264462809917356,
  "List": 0.004132231404958678,
  "Locat": 0.008264462809917356,
  "London": 0.008264462809917356,
  "Meet": 0.012396694214876033,
  "Mezzanin": 0.008264462809917356,
  "Mission": 0.004132231404958678,
  "New": 0.02066115702479339,
  "Online": 0.004132231404958678,
  "Particip": 0.008264462809917356,
  "Past": 0.004132231404958678,
  "Pragu": 0.008264462809917356,
  "Privaci": 0.004132231404958678,
  "Program": 0.012396694214876033,
  "Quick": 0.008264462809917356,
  "RFC": 0.008264462809917356,
  "Recept": 0.004132231404958678,
  "Run": 0.004132231404958678,
  "Search": 0.028925619834710745,
  "Secretariat": 0.004132231404958678,
  "Standard": 0.004132231404958678,
  "Statement": 0.008264462809917356,
  "Subscrib": 0.004132231404958678,
  "Sundai": 0.008264462809917356,
  "Support": 0.004132231404958678,
  "The": 0.004132231404958678,
  "Thing": 0.004132231404958678,
  "Tool": 0.008264462809917356,
  "Topic": 0.004132231404958678,
  "Trust": 0.004132231404958678,
  "USD": 0.004132231404958678,
  "WG": 0.008264462809917356,
  "Websit": 0.004132231404958678,
  "Welcom": 0.004132231404958678,
  "Who": 0.004132231404958678,
  "Work": 0.004132231404958678,
  "Your": 0.004132231404958678,
  "access": 0.004132231404958678,
  "ag": 0.004132231404958678,
  "archiv": 0.008264462809917356,
  "attend": 0.008264462809917356,
  "badg": 0.004132231404958678,
  "blog": 0.008264462809917356,
  "chair": 0.008264462809917356,
  "choos": 0.004132231404958678,
  "code": 0.004132231404958678,
  "companion": 0.01652892561983471,
  "convers": 0.004132231404958678,
  "discuss": 0.004132231404958678,
  "distinct": 0.004132231404958678,
  "email": 0.008264462809917356,
  "event": 0.008264462809917356,
  "excit": 0.004132231404958678,
  "famili": 0.004132231404958678,
  "free": 0.004132231404958678,
  "friend": 0.004132231404958678,
  "grant": 0.004132231404958678,
  "great": 0.004132231404958678,
  "group": 0.004132231404958678,
  "includ": 0.004132231404958678,
  "interest": 0.004132231404958678,
  "join": 0.004132231404958678,
  "link": 0.008264462809917356,
  "list": 0.02066115702479339,
  "manag": 0.004132231404958678,
  "meet": 0.012396694214876033,
  "member": 0.004132231404958678,
  "network": 0.004132231404958678,
  "offici": 0.004132231404958678,
  "ongo": 0.004132231404958678,
  "onsit": 0.004132231404958678,
  "opportun": 0.004132231404958678,
  "particip": 0.012396694214876033,
  "plan": 0.004132231404958678,
  "polici": 0.004132231404958678,
  "principl": 0.004132231404958678,
  "process": 0.004132231404958678,
  "properti": 0.004132231404958678,
  "recept": 0.004132231404958678,
  "regist": 0.008264462809917356,
  "resourc": 0.008264462809917356,
  "right": 0.004132231404958678,
  "search": 0.008264462809917356,
  "separ": 0.004132231404958678,
  "session": 0.004132231404958678,
  "special": 0.004132231404958678,
  "standard": 0.004132231404958678,
  "technolog": 0.004132231404958678,
  "time": 0.004132231404958678,
  "tip": 0.004132231404958678,
  "tool": 0.004132231404958678,
  "transport": 0.004132231404958678,
  "travel": 0.004132231404958678,
  "venu": 0.004132231404958678,
  "websit": 0.004132231404958678,
  "work": 0.012396694214876033,
  "year": 0.004132231404958678
}