{
  "101": 0.007692307692307693,
  "AMS": 0.0038461538461538464,
  "About": 0.0038461538461538464,
  "An": 0.0038461538461538464,
  "Area": 0.0038461538461538464,
  "Autom": 0.0038461538461538464,
  "Blog": 0.007692307692307693,
  "Commun": 0.007692307692307693,
  "Contact": 0.007692307692307693,
  "Datatrack": 0.007692307692307693,
  "Draft": 0.0038461538461538464,
  "Editor": 0.0038461538461538464,
  "Email": 0.015384615384615385,
  "Go": 0.0038461538461538464,
  "Group": 0.007692307692307693,
  "Hackathon": 0.0038461538461538464,
  "How": 0.011538461538461539,
  "IAB": 0.0038461538461538464,
  "IANA": 0.0038461538461538464,
  "IAOC": 0.0038461538461538464,
  "IESG": 0.007692307692307693,
  "IETF": 0.08461538461538462,
  "IRTF": 0.0038461538461538464,
  "ISOC": 0.0038461538461538464,
  "Implement": 0.0038461538461538464,
  "Intellectu": 0.0038461538461538464,
  "Internet": 0.023076923076923078,
  "London": 0.007692307692307693,
  "Meet": 0.007692307692307693,
  "Mission": 0.0038461538461538464,
  "New": 0.019230769230769232,
  "Online": 0.007692307692307693,
  "Particip": 0.0038461538461538464,
  "Privaci": 0.0038461538461538464,
  "Quick": 0.007692307692307693,
  "RFC": 0.007692307692307693,
  "Run": 0.007692307692307693,
  "Search": 0.026923076923076925,
  "Secretariat": 0.0038461538461538464,
  "Standard": 0.0038461538461538464,
  "Statement": 0.007692307692307693,
  "Success": 0.0038461538461538464,
  "Support": 0.0038461538461538464,
  "The": 0.019230769230769232,
  "Thi": 0.0038461538461538464,
  "Thing": 0.0038461538461538464,
  "Tool": 0.007692307692307693,
  "Topic": 0.0038461538461538464,
  "Trust": 0.0038461538461538464,
  "WG": 0.011538461538461539,
  "We": 0.0038461538461538464,
  "Websit": 0.0038461538461538464,
  "While": 0.0038461538461538464,
  "Who": 0.0038461538461538464,
  "Work": 0.011538461538461539,
  "academia": 0.0038461538461538464,
  "advanc": 0.0038461538461538464,
  "archiv": 0.007692307692307693,
  "better": 0.007692307692307693,
  "blog": 0.007692307692307693,
  "broader": 0.0038461538461538464,
  "built": 0.0038461538461538464,
  "chair": 0.007692307692307693,
  "code": 0.015384615384615385,
  "combin": 0.0038461538461538464,
  "commun": 0.015384615384615385,
  "conduct": 0.0038461538461538464,
  "consensu": 0.007692307692307693,
  "creat": 0.0038461538461538464,
  "critic": 0.0038461538461538464,
  "daili": 0.0038461538461538464,
  "describ": 0.0038461538461538464,
  "design": 0.0038461538461538464,
  "develop": 0.011538461538461539,
  "discuss": 0.011538461538461539,
  "document": 0.007692307692307693,
  "email": 0.007692307692307693,
  "engin": 0.0038461538461538464,
  "event": 0.011538461538461539,
  "experi": 0.0038461538461538464,
  "extent": 0.0038461538461538464,
  "feedback": 0.0038461538461538464,
  "group": 0.007692307692307693,
  "guid": 0.0038461538461538464,
  "guidelin": 0.0038461538461538464,
  "high": 0.0038461538461538464,
  "includ": 0.007692307692307693,
  "individu": 0.0038461538461538464,
  "influenc": 0.0038461538461538464,
  "inform": 0.0038461538461538464,
  "intend": 0.0038461538461538464,
  "interest": 0.007692307692307693,
  "judgement": 0.0038461538461538464,
  "link": 0.007692307692307693,
  "list": 0.023076923076923078,
  "manag": 0.007692307692307693,
  "measur": 0.0038461538461538464,
  "mechan": 0.0038461538461538464,
  "meet": 0.0038461538461538464,
  "mission": 0.0038461538461538464,
  "motto": 0.0038461538461538464,
  "network": 0.007692307692307693,
  "onlin": 0.011538461538461539,
  "open": 0.0038461538461538464,
  "oper": 0.0038461538461538464,
  "opportun": 0.0038461538461538464,
  "particip": 0.0038461538461538464,
  "peopl": 0.0038461538461538464,
  "person": 0.0038461538461538464,
  "place": 0.0038461538461538464,
  "polici": 0.0038461538461538464,
  "practic": 0.0038461538461538464,
  "primari": 0.0038461538461538464,
  "principl": 0.007692307692307693,
  "process": 0.011538461538461539,
  "produc": 0.0038461538461538464,
  "project": 0.0038461538461538464,
  "properti": 0.0038461538461538464,
  "protocol": 0.0038461538461538464,
  "provid": 0.0038461538461538464,
  "qualiti": 0.0038461538461538464,
  "recommend": 0.0038461538461538464,
  "relev": 0.0038461538461538464,
  "resourc": 0.007692307692307693,
  "right": 0.0038461538461538464,
  "rough": 0.007692307692307693,
  "router": 0.0038461538461538464,
  "run": 0.007692307692307693,
  "search": 0.007692307692307693,
  "sourc": 0.0038461538461538464,
  "specif": 0.0038461538461538464,
  "standard": 0.019230769230769232,
  "support": 0.0038461538461538464,
  "take": 0.0038461538461538464,
  "technic": 0.0038461538461538464,
  "technolog": 0.0038461538461538464,
  "tool": 0.011538461538461539,
  "topic": 0.0038461538461538464,
  "transport": 0.0038461538461538464,
  "unoffici": 0.0038461538461538464,
  "vendor": 0.0038461538461538464,
  "work": 0.038461538461538464
}