{
  "101": 0.020134228187919462,
  "AMS": 0.006711409395973154,
  "About": 0.006711409395973154,
  "Account": 0.006711409395973154,
  "Area": 0.006711409395973154,
  "Autom": 0.006711409395973154,
  "Blog": 0.013422818791946308,
  "Commun": 0.006711409395973154,
  "Contact": 0.026845637583892617,
  "Datatrack": 0.013422818791946308,
  "Draft": 0.006711409395973154,
  "Editor": 0.006711409395973154,
  "Email": 0.020134228187919462,
  "Form": 0.026845637583892617,
  "Go": 0.006711409395973154,
  "Group": 0.013422818791946308,
  "How": 0.006711409395973154,
  "IAB": 0.006711409395973154,
  "IANA": 0.006711409395973154,
  "IAOC": 0.006711409395973154,
  "IESG": 0.013422818791946308,
  "IETF": 0.10067114093959731,
  "IRTF": 0.006711409395973154,
  "ISOC": 0.006711409395973154,
  "If": 0.006711409395973154,
  "Informat": 0.006711409395973154,
  "Intellectu": 0.006711409395973154,
  "Internet": 0.020134228187919462,
  "Invitat": 0.006711409395973154,
  "Letter": 0.006711409395973154,
  "London": 0.013422818791946308,
  "Meet": 0.006711409395973154,
  "Mission": 0.006711409395973154,
  "New": 0.03355704697986577,
  "Online": 0.006711409395973154,
  "Particip": 0.006711409395973154,
  "Privaci": 0.006711409395973154,
  "Quick": 0.013422818791946308,
  "RFC": 0.013422818791946308,
  "Request": 0.013422818791946308,
  "Run": 0.006711409395973154,
  "Search": 0.04697986577181208,
  "Secretariat": 0.006711409395973154,
  "Sponsorship": 0.020134228187919462,
  "Standard": 0.006711409395973154,
  "Statement": 0.013422818791946308,
  "Support": 0.006711409395973154,
  "Team": 0.006711409395973154,
  "The": 0.006711409395973154,
  "Thing": 0.006711409395973154,
  "Tool": 0.013422818791946308,
  "Topic": 0.006711409395973154,
  "Trust": 0.006711409395973154,
  "WG": 0.013422818791946308,
  "WebEx": 0.006711409395973154,
  "Websit": 0.006711409395973154,
  "Who": 0.006711409395973154,
  "Work": 0.013422818791946308,
  "archiv": 0.013422818791946308,
  "blog": 0.013422818791946308,
  "chair": 0.013422818791946308,
  "code": 0.006711409395973154,
  "compani": 0.006711409395973154,
  "contact": 0.013422818791946308,
  "discuss": 0.006711409395973154,
  "event": 0.006711409395973154,
  "form": 0.006711409395973154,
  "group": 0.006711409395973154,
  "interest": 0.013422818791946308,
  "link": 0.013422818791946308,
  "list": 0.020134228187919462,
  "manag": 0.006711409395973154,
  "network": 0.006711409395973154,
  "polici": 0.006711409395973154,
  "principl": 0.006711409395973154,
  "process": 0.006711409395973154,
  "properti": 0.006711409395973154,
  "resourc": 0.013422818791946308,
  "right": 0.006711409395973154,
  "search": 0.013422818791946308,
  "standard": 0.006711409395973154,
  "support": 0.013422818791946308,
  "team": 0.006711409395973154,
  "technolog": 0.006711409395973154,
  "tool": 0.006711409395973154,
  "transport": 0.006711409395973154,
  "work": 0.013422818791946308
}