{
  "00": 0.003067484662576687,
  "101": 0.006134969325153374,
  "12": 0.006134969325153374,
  "13": 0.003067484662576687,
  "2014": 0.003067484662576687,
  "4": 0.003067484662576687,
  "45": 0.003067484662576687,
  "91": 0.006134969325153374,
  "AMS": 0.003067484662576687,
  "About": 0.003067484662576687,
  "Abstract": 0.003067484662576687,
  "Ali": 0.006134969325153374,
  "Architect": 0.009202453987730062,
  "Area": 0.006134969325153374,
  "As": 0.003067484662576687,
  "Autom": 0.003067484662576687,
  "BFD": 0.003067484662576687,
  "Biographi": 0.003067484662576687,
  "Blog": 0.006134969325153374,
  "CTO": 0.003067484662576687,
  "Chief": 0.009202453987730062,
  "Chrome": 0.003067484662576687,
  "Cisco": 0.003067484662576687,
  "Commun": 0.003067484662576687,
  "Connect": 0.003067484662576687,
  "Consortium": 0.003067484662576687,
  "Contact": 0.006134969325153374,
  "Coral": 0.003067484662576687,
  "Croix": 0.003067484662576687,
  "Cruz": 0.003067484662576687,
  "Datatrack": 0.006134969325153374,
  "Dave": 0.012269938650306749,
  "Director": 0.003067484662576687,
  "Draft": 0.003067484662576687,
  "Editor": 0.003067484662576687,
  "Email": 0.009202453987730062,
  "Emergenc": 0.003067484662576687,
  "Engineer": 0.003067484662576687,
  "Explorer": 0.003067484662576687,
  "Fellow": 0.003067484662576687,
  "Firefox": 0.003067484662576687,
  "Fresh": 0.003067484662576687,
  "Go": 0.006134969325153374,
  "Googl": 0.003067484662576687,
  "Grab": 0.003067484662576687,
  "Group": 0.006134969325153374,
  "HIP": 0.003067484662576687,
  "He": 0.003067484662576687,
  "Hide": 0.003067484662576687,
  "Honolulu": 0.006134969325153374,
  "Host": 0.006134969325153374,
  "How": 0.006134969325153374,
  "IAB": 0.003067484662576687,
  "IANA": 0.003067484662576687,
  "IAOC": 0.003067484662576687,
  "IESG": 0.006134969325153374,
  "IETF": 0.03680981595092025,
  "II": 0.003067484662576687,
  "IRTF": 0.003067484662576687,
  "IS": 0.006134969325153374,
  "ISOC": 0.003067484662576687,
  "ITU": 0.003067484662576687,
  "In": 0.003067484662576687,
  "Info": 0.003067484662576687,
  "Intellectu": 0.003067484662576687,
  "Internet": 0.012269938650306749,
  "Junip": 0.003067484662576687,
  "Kei": 0.003067484662576687,
  "Link": 0.006134969325153374,
  "Logist": 0.003067484662576687,
  "London": 0.006134969325153374,
  "Loop": 0.003067484662576687,
  "Lunch": 0.009202453987730062,
  "Meet": 0.009202453987730062,
  "Mission": 0.003067484662576687,
  "Mountain": 0.003067484662576687,
  "NOT": 0.003067484662576687,
  "New": 0.015337423312883436,
  "Note": 0.006134969325153374,
  "Novemb": 0.003067484662576687,
  "ONF": 0.003067484662576687,
  "Online": 0.003067484662576687,
  "Open": 0.03374233128834356,
  "Opera": 0.003067484662576687,
  "Paradis": 0.003067484662576687,
  "Particip": 0.006134969325153374,
  "Past": 0.003067484662576687,
  "Pickl": 0.006134969325153374,
  "Pool": 0.003067484662576687,
  "Presid": 0.003067484662576687,
  "Privaci": 0.003067484662576687,
  "Procedur": 0.003067484662576687,
  "Pronto": 0.006134969325153374,
  "Quick": 0.006134969325153374,
  "RFC": 0.006134969325153374,
  "Record": 0.003067484662576687,
  "Remot": 0.003067484662576687,
  "River": 0.003067484662576687,
  "Room": 0.003067484662576687,
  "Rout": 0.003067484662576687,
  "Run": 0.003067484662576687,
  "SDO": 0.003067484662576687,
  "Safari": 0.003067484662576687,
  "Santa": 0.003067484662576687,
  "Search": 0.02147239263803681,
  "Secretariat": 0.003067484662576687,
  "Senior": 0.003067484662576687,
  "Seri": 0.006134969325153374,
  "Slide": 0.003067484662576687,
  "Softwir": 0.003067484662576687,
  "Somerset": 0.003067484662576687,
  "Sourc": 0.02147239263803681,
  "Speaker": 0.006134969325153374,
  "St": 0.003067484662576687,
  "Standard": 0.015337423312883436,
  "Statement": 0.006134969325153374,
  "Support": 0.003067484662576687,
  "System": 0.003067484662576687,
  "T": 0.003067484662576687,
  "The": 0.003067484662576687,
  "There": 0.003067484662576687,
  "Thi": 0.006134969325153374,
  "Thing": 0.003067484662576687,
  "Thursdai": 0.009202453987730062,
  "Time": 0.003067484662576687,
  "Tool": 0.006134969325153374,
  "Topic": 0.006134969325153374,
  "Tower": 0.006134969325153374,
  "Trust": 0.003067484662576687,
  "Tutori": 0.003067484662576687,
  "Vice": 0.003067484662576687,
  "Video": 0.003067484662576687,
  "WG": 0.006134969325153374,
  "Ward": 0.006134969325153374,
  "Websit": 0.003067484662576687,
  "Where": 0.003067484662576687,
  "Who": 0.003067484662576687,
  "Wisconsin": 0.003067484662576687,
  "Work": 0.009202453987730062,
  "academia": 0.003067484662576687,
  "architectur": 0.003067484662576687,
  "archiv": 0.006134969325153374,
  "blog": 0.006134969325153374,
  "browser": 0.003067484662576687,
  "chair": 0.009202453987730062,
  "claim": 0.003067484662576687,
  "code": 0.003067484662576687,
  "custom": 0.003067484662576687,
  "de": 0.003067484662576687,
  "defin": 0.006134969325153374,
  "deploy": 0.003067484662576687,
  "develop": 0.012269938650306749,
  "discuss": 0.003067484662576687,
  "event": 0.006134969325153374,
  "facto": 0.003067484662576687,
  "farm": 0.003067484662576687,
  "function": 0.003067484662576687,
  "gener": 0.003067484662576687,
  "govern": 0.003067484662576687,
  "group": 0.003067484662576687,
  "heirloom": 0.003067484662576687,
  "industri": 0.003067484662576687,
  "initi": 0.003067484662576687,
  "innov": 0.003067484662576687,
  "inspir": 0.003067484662576687,
  "interact": 0.003067484662576687,
  "interest": 0.003067484662576687,
  "lead": 0.006134969325153374,
  "link": 0.006134969325153374,
  "list": 0.009202453987730062,
  "locat": 0.009202453987730062,
  "lunch": 0.003067484662576687,
  "manag": 0.003067484662576687,
  "network": 0.003067484662576687,
  "oper": 0.003067484662576687,
  "partner": 0.003067484662576687,
  "partnership": 0.003067484662576687,
  "polici": 0.003067484662576687,
  "principl": 0.003067484662576687,
  "process": 0.003067484662576687,
  "properti": 0.003067484662576687,
  "provid": 0.003067484662576687,
  "purchas": 0.003067484662576687,
  "record": 0.003067484662576687,
  "relationship": 0.006134969325153374,
  "resourc": 0.006134969325153374,
  "respons": 0.003067484662576687,
  "right": 0.003067484662576687,
  "rout": 0.003067484662576687,
  "search": 0.006134969325153374,
  "small": 0.003067484662576687,
  "speaker": 0.003067484662576687,
  "standard": 0.006134969325153374,
  "strategi": 0.003067484662576687,
  "system": 0.006134969325153374,
  "talk": 0.006134969325153374,
  "technolog": 0.006134969325153374,
  "tight": 0.003067484662576687,
  "tomato": 0.003067484662576687,
  "tool": 0.003067484662576687,
  "transport": 0.003067484662576687,
  "view": 0.003067484662576687,
  "vineyard": 0.003067484662576687,
  "will": 0.009202453987730062,
  "work": 0.015337423312883436
}