{
  "1": 0.002304147465437788,
  "101": 0.004608294930875576,
  "2004": 0.002304147465437788,
  "AMS": 0.002304147465437788,
  "About": 0.002304147465437788,
  "Action": 0.002304147465437788,
  "Agenda": 0.018433179723502304,
  "Announc": 0.059907834101382486,
  "Announcement": 0.004608294930875576,
  "April": 0.002304147465437788,
  "Area": 0.002304147465437788,
  "Autom": 0.002304147465437788,
  "Blog": 0.004608294930875576,
  "Commun": 0.002304147465437788,
  "Contact": 0.004608294930875576,
  "D": 0.020737327188940093,
  "Datatrack": 0.004608294930875576,
  "Discuss": 0.002304147465437788,
  "Distribut": 0.016129032258064516,
  "Do": 0.002304147465437788,
  "Draft": 0.002304147465437788,
  "Editor": 0.004608294930875576,
  "Email": 0.013824884792626729,
  "Go": 0.002304147465437788,
  "Group": 0.004608294930875576,
  "HTML": 0.002304147465437788,
  "Hide": 0.002304147465437788,
  "How": 0.004608294930875576,
  "I": 0.020737327188940093,
  "IAB": 0.002304147465437788,
  "IANA": 0.002304147465437788,
  "IAOC": 0.002304147465437788,
  "IESG": 0.02534562211981567,
  "IETF": 0.055299539170506916,
  "IPR": 0.020737327188940093,
  "IRTF": 0.002304147465437788,
  "ISOC": 0.002304147465437788,
  "In": 0.002304147465437788,
  "Info": 0.002304147465437788,
  "Intellectu": 0.002304147465437788,
  "Internet": 0.0069124423963133645,
  "Kei": 0.002304147465437788,
  "London": 0.004608294930875576,
  "MHonarc": 0.002304147465437788,
  "Meet": 0.002304147465437788,
  "Mission": 0.002304147465437788,
  "New": 0.01152073732718894,
  "NomCom": 0.002304147465437788,
  "Old": 0.002304147465437788,
  "Online": 0.002304147465437788,
  "Particip": 0.002304147465437788,
  "Pleas": 0.002304147465437788,
  "Preliminari": 0.002304147465437788,
  "Privaci": 0.002304147465437788,
  "Quick": 0.004608294930875576,
  "RFC": 0.0069124423963133645,
  "Run": 0.002304147465437788,
  "Search": 0.016129032258064516,
  "Secretariat": 0.002304147465437788,
  "Standard": 0.002304147465437788,
  "Statement": 0.004608294930875576,
  "Subject": 0.004608294930875576,
  "Support": 0.002304147465437788,
  "The": 0.03456221198156682,
  "Thing": 0.002304147465437788,
  "To": 0.004608294930875576,
  "Tool": 0.004608294930875576,
  "Topic": 0.002304147465437788,
  "Trust": 0.002304147465437788,
  "URL": 0.002304147465437788,
  "WG": 0.004608294930875576,
  "Web": 0.009216589861751152,
  "Websit": 0.002304147465437788,
  "Who": 0.002304147465437788,
  "Work": 0.004608294930875576,
  "access": 0.0069124423963133645,
  "action": 0.004608294930875576,
  "activ": 0.002304147465437788,
  "address": 0.002304147465437788,
  "agenda": 0.0069124423963133645,
  "announc": 0.013824884792626729,
  "archiv": 0.041474654377880185,
  "archiveTh": 0.004608294930875576,
  "attempt": 0.002304147465437788,
  "base": 0.002304147465437788,
  "biweekli": 0.002304147465437788,
  "blog": 0.004608294930875576,
  "bodi": 0.004608294930875576,
  "chair": 0.004608294930875576,
  "code": 0.002304147465437788,
  "commun": 0.002304147465437788,
  "describ": 0.002304147465437788,
  "desir": 0.002304147465437788,
  "directli": 0.002304147465437788,
  "disclosur": 0.002304147465437788,
  "discuss": 0.002304147465437788,
  "dist": 0.004608294930875576,
  "distTo": 0.002304147465437788,
  "email": 0.004608294930875576,
  "enter": 0.002304147465437788,
  "event": 0.002304147465437788,
  "ftp": 0.02304147465437788,
  "group": 0.002304147465437788,
  "iesg": 0.0069124423963133645,
  "ietf": 0.05069124423963134,
  "interest": 0.004608294930875576,
  "ipr": 0.0069124423963133645,
  "irrit": 0.002304147465437788,
  "link": 0.0069124423963133645,
  "list": 0.05069124423963134,
  "locat": 0.002304147465437788,
  "mail": 0.03686635944700461,
  "maintain": 0.002304147465437788,
  "manag": 0.002304147465437788,
  "meet": 0.002304147465437788,
  "messag": 0.009216589861751152,
  "network": 0.002304147465437788,
  "org": 0.029953917050691243,
  "polici": 0.002304147465437788,
  "principl": 0.002304147465437788,
  "prior": 0.002304147465437788,
  "process": 0.002304147465437788,
  "properti": 0.002304147465437788,
  "receiv": 0.009216589861751152,
  "request": 0.013824884792626729,
  "resourc": 0.004608294930875576,
  "result": 0.002304147465437788,
  "right": 0.002304147465437788,
  "search": 0.004608294930875576,
  "send": 0.0069124423963133645,
  "standard": 0.002304147465437788,
  "subscrib": 0.01152073732718894,
  "technolog": 0.002304147465437788,
  "teleconfer": 0.002304147465437788,
  "text": 0.002304147465437788,
  "thousand": 0.002304147465437788,
  "tool": 0.002304147465437788,
  "transport": 0.002304147465437788,
  "unsubscrib": 0.009216589861751152,
  "upload": 0.002304147465437788,
  "visit": 0.002304147465437788,
  "websit": 0.002304147465437788,
  "will": 0.004608294930875576,
  "word": 0.002304147465437788,
  "work": 0.004608294930875576
}