{
  "00": 0.029556650246305417,
  "101": 0.009852216748768473,
  "13": 0.0049261083743842365,
  "14": 0.009852216748768473,
  "15": 0.009852216748768473,
  "16": 0.0049261083743842365,
  "17": 0.009852216748768473,
  "19": 0.009852216748768473,
  "2015": 0.009852216748768473,
  "24": 0.0049261083743842365,
  "50": 0.009852216748768473,
  "87": 0.0049261083743842365,
  "93": 0.014778325123152709,
  "AMS": 0.0049261083743842365,
  "About": 0.0049261083743842365,
  "Advice": 0.0049261083743842365,
  "Area": 0.009852216748768473,
  "Attende": 0.0049261083743842365,
  "Autom": 0.0049261083743842365,
  "Blog": 0.009852216748768473,
  "Commun": 0.0049261083743842365,
  "Contact": 0.009852216748768473,
  "Czech": 0.0049261083743842365,
  "Datatrack": 0.009852216748768473,
  "Document": 0.0049261083743842365,
  "Draft": 0.0049261083743842365,
  "Edite": 0.009852216748768473,
  "Editor": 0.0049261083743842365,
  "EduTeam": 0.0049261083743842365,
  "Email": 0.014778325123152709,
  "ForCES": 0.0049261083743842365,
  "Get": 0.0049261083743842365,
  "Go": 0.0049261083743842365,
  "Group": 0.0049261083743842365,
  "Hide": 0.0049261083743842365,
  "How": 0.009852216748768473,
  "IAB": 0.0049261083743842365,
  "IANA": 0.0049261083743842365,
  "IAOC": 0.0049261083743842365,
  "IESG": 0.009852216748768473,
  "IETF": 0.06403940886699508,
  "IRTF": 0.0049261083743842365,
  "ISOC": 0.0049261083743842365,
  "In": 0.0049261083743842365,
  "Info": 0.0049261083743842365,
  "Intellectu": 0.0049261083743842365,
  "Internet": 0.014778325123152709,
  "Introduct": 0.0049261083743842365,
  "Juli": 0.009852216748768473,
  "Kei": 0.0049261083743842365,
  "List": 0.0049261083743842365,
  "London": 0.009852216748768473,
  "Measur": 0.0049261083743842365,
  "Meet": 0.014778325123152709,
  "Mission": 0.0049261083743842365,
  "Monitor": 0.0049261083743842365,
  "New": 0.024630541871921183,
  "Newcom": 0.0049261083743842365,
  "Online": 0.0049261083743842365,
  "OpenFlow": 0.0049261083743842365,
  "Overview": 0.0049261083743842365,
  "Particip": 0.0049261083743842365,
  "Past": 0.0049261083743842365,
  "Perform": 0.0049261083743842365,
  "Pragu": 0.014778325123152709,
  "Privaci": 0.0049261083743842365,
  "Quick": 0.009852216748768473,
  "RFC": 0.009852216748768473,
  "Republ": 0.0049261083743842365,
  "Rout": 0.0049261083743842365,
  "Run": 0.0049261083743842365,
  "SDN": 0.0049261083743842365,
  "Search": 0.034482758620689655,
  "Secretariat": 0.0049261083743842365,
  "Session": 0.009852216748768473,
  "Shepherd": 0.0049261083743842365,
  "Standard": 0.0049261083743842365,
  "Statement": 0.009852216748768473,
  "Subscrib": 0.0049261083743842365,
  "Sundai": 0.0049261083743842365,
  "Support": 0.0049261083743842365,
  "The": 0.009852216748768473,
  "Thing": 0.0049261083743842365,
  "Time": 0.019704433497536946,
  "Tool": 0.009852216748768473,
  "Topic": 0.0049261083743842365,
  "Train": 0.0049261083743842365,
  "Trust": 0.0049261083743842365,
  "Tutori": 0.009852216748768473,
  "WG": 0.009852216748768473,
  "Websit": 0.0049261083743842365,
  "Who": 0.0049261083743842365,
  "Work": 0.0049261083743842365,
  "YANG": 0.0049261083743842365,
  "archiv": 0.009852216748768473,
  "attende": 0.0049261083743842365,
  "blog": 0.009852216748768473,
  "chair": 0.009852216748768473,
  "code": 0.0049261083743842365,
  "convers": 0.0049261083743842365,
  "discuss": 0.0049261083743842365,
  "event": 0.009852216748768473,
  "great": 0.0049261083743842365,
  "group": 0.0049261083743842365,
  "held": 0.0049261083743842365,
  "interest": 0.0049261083743842365,
  "link": 0.009852216748768473,
  "list": 0.014778325123152709,
  "manag": 0.0049261083743842365,
  "meet": 0.0049261083743842365,
  "network": 0.0049261083743842365,
  "ongo": 0.0049261083743842365,
  "open": 0.0049261083743842365,
  "particip": 0.009852216748768473,
  "polici": 0.0049261083743842365,
  "principl": 0.0049261083743842365,
  "process": 0.0049261083743842365,
  "properti": 0.0049261083743842365,
  "resourc": 0.009852216748768473,
  "right": 0.0049261083743842365,
  "search": 0.009852216748768473,
  "standard": 0.0049261083743842365,
  "technolog": 0.0049261083743842365,
  "tip": 0.0049261083743842365,
  "tool": 0.0049261083743842365,
  "transport": 0.0049261083743842365,
  "will": 0.0049261083743842365,
  "work": 0.009852216748768473
}