{
  "101": 0.004514672686230248,
  "95": 0.020316027088036117,
  "AMS": 0.002257336343115124,
  "About": 0.002257336343115124,
  "After": 0.002257336343115124,
  "Agenda": 0.002257336343115124,
  "Aire": 0.004514672686230248,
  "All": 0.002257336343115124,
  "Archive": 0.002257336343115124,
  "Area": 0.002257336343115124,
  "As": 0.002257336343115124,
  "Attende": 0.002257336343115124,
  "Audio": 0.006772009029345372,
  "Autom": 0.002257336343115124,
  "BOF": 0.002257336343115124,
  "Blog": 0.004514672686230248,
  "Bueno": 0.004514672686230248,
  "Commun": 0.002257336343115124,
  "Contact": 0.004514672686230248,
  "Datatrack": 0.004514672686230248,
  "Draft": 0.002257336343115124,
  "Dure": 0.002257336343115124,
  "Each": 0.006772009029345372,
  "Editor": 0.002257336343115124,
  "Email": 0.006772009029345372,
  "Enabl": 0.002257336343115124,
  "For": 0.006772009029345372,
  "Gener": 0.002257336343115124,
  "Go": 0.002257336343115124,
  "Group": 0.004514672686230248,
  "Groupchat": 0.004514672686230248,
  "Hide": 0.002257336343115124,
  "How": 0.004514672686230248,
  "IAB": 0.002257336343115124,
  "IANA": 0.002257336343115124,
  "IAOC": 0.002257336343115124,
  "IESG": 0.004514672686230248,
  "IETF": 0.056433408577878104,
  "IETF95": 0.002257336343115124,
  "IRTF": 0.002257336343115124,
  "ISOC": 0.002257336343115124,
  "If": 0.002257336343115124,
  "In": 0.004514672686230248,
  "Intellectu": 0.002257336343115124,
  "Internet": 0.006772009029345372,
  "Jabber": 0.013544018058690745,
  "List": 0.004514672686230248,
  "Log": 0.004514672686230248,
  "London": 0.004514672686230248,
  "Mail": 0.004514672686230248,
  "Main": 0.002257336343115124,
  "Meet": 0.009029345372460496,
  "Meetecho": 0.01580135440180587,
  "Mission": 0.002257336343115124,
  "New": 0.011286681715575621,
  "No": 0.013544018058690745,
  "Online": 0.002257336343115124,
  "Page": 0.002257336343115124,
  "Particip": 0.006772009029345372,
  "Past": 0.002257336343115124,
  "Pleas": 0.002257336343115124,
  "Plenari": 0.002257336343115124,
  "Privaci": 0.002257336343115124,
  "Quick": 0.004514672686230248,
  "RFC": 0.004514672686230248,
  "Record": 0.002257336343115124,
  "Registr": 0.004514672686230248,
  "Remot": 0.004514672686230248,
  "Run": 0.002257336343115124,
  "Search": 0.01580135440180587,
  "Secretariat": 0.002257336343115124,
  "Servic": 0.002257336343115124,
  "Standard": 0.002257336343115124,
  "Statement": 0.004514672686230248,
  "Stream": 0.004514672686230248,
  "Support": 0.002257336343115124,
  "The": 0.013544018058690745,
  "Thing": 0.002257336343115124,
  "Tool": 0.004514672686230248,
  "Topic": 0.002257336343115124,
  "Trust": 0.002257336343115124,
  "Use": 0.002257336343115124,
  "Video": 0.002257336343115124,
  "WG": 0.004514672686230248,
  "Websit": 0.002257336343115124,
  "Who": 0.002257336343115124,
  "Work": 0.004514672686230248,
  "XMPP": 0.004514672686230248,
  "Ye": 0.022573363431151242,
  "acronym": 0.002257336343115124,
  "addit": 0.002257336343115124,
  "advanc": 0.002257336343115124,
  "agenda": 0.002257336343115124,
  "alto": 0.002257336343115124,
  "archiv": 0.004514672686230248,
  "arrang": 0.002257336343115124,
  "assign": 0.002257336343115124,
  "associ": 0.002257336343115124,
  "attempt": 0.002257336343115124,
  "attende": 0.006772009029345372,
  "audio": 0.020316027088036117,
  "blog": 0.004514672686230248,
  "breakout": 0.002257336343115124,
  "chair": 0.004514672686230248,
  "channel": 0.004514672686230248,
  "chat": 0.002257336343115124,
  "chatroom": 0.011286681715575621,
  "click": 0.002257336343115124,
  "code": 0.002257336343115124,
  "commentari": 0.002257336343115124,
  "connect": 0.006772009029345372,
  "contact": 0.002257336343115124,
  "continu": 0.002257336343115124,
  "convers": 0.002257336343115124,
  "correspond": 0.002257336343115124,
  "current": 0.006772009029345372,
  "default": 0.002257336343115124,
  "discuss": 0.004514672686230248,
  "download": 0.002257336343115124,
  "earli": 0.002257336343115124,
  "editor": 0.002257336343115124,
  "email": 0.006772009029345372,
  "encourag": 0.002257336343115124,
  "event": 0.004514672686230248,
  "experi": 0.006772009029345372,
  "fee": 0.002257336343115124,
  "find": 0.002257336343115124,
  "gener": 0.002257336343115124,
  "go": 0.002257336343115124,
  "group": 0.004514672686230248,
  "hallwai": 0.002257336343115124,
  "hear": 0.002257336343115124,
  "html": 0.004514672686230248,
  "http": 0.006772009029345372,
  "ietf": 0.01805869074492099,
  "ietf95": 0.002257336343115124,
  "improv": 0.002257336343115124,
  "includ": 0.002257336343115124,
  "interact": 0.002257336343115124,
  "interest": 0.002257336343115124,
  "issu": 0.002257336343115124,
  "jabber": 0.009029345372460496,
  "join": 0.002257336343115124,
  "link": 0.011286681715575621,
  "list": 0.01805869074492099,
  "live": 0.002257336343115124,
  "local": 0.002257336343115124,
  "mail": 0.002257336343115124,
  "manag": 0.002257336343115124,
  "meet": 0.02708803611738149,
  "meetecho": 0.002257336343115124,
  "network": 0.002257336343115124,
  "nonspecif": 0.002257336343115124,
  "note": 0.004514672686230248,
  "number": 0.004514672686230248,
  "offer": 0.002257336343115124,
  "offici": 0.002257336343115124,
  "open": 0.002257336343115124,
  "opportun": 0.002257336343115124,
  "option": 0.002257336343115124,
  "org": 0.01580135440180587,
  "particip": 0.013544018058690745,
  "pass": 0.002257336343115124,
  "plenari": 0.004514672686230248,
  "polici": 0.002257336343115124,
  "present": 0.004514672686230248,
  "principl": 0.002257336343115124,
  "process": 0.002257336343115124,
  "properti": 0.002257336343115124,
  "provid": 0.002257336343115124,
  "question": 0.006772009029345372,
  "record": 0.002257336343115124,
  "regist": 0.004514672686230248,
  "remot": 0.01805869074492099,
  "resourc": 0.004514672686230248,
  "right": 0.002257336343115124,
  "room": 0.01805869074492099,
  "run": 0.002257336343115124,
  "scribe": 0.004514672686230248,
  "search": 0.004514672686230248,
  "session": 0.013544018058690745,
  "share": 0.002257336343115124,
  "shut": 0.002257336343115124,
  "silenc": 0.002257336343115124,
  "slide": 0.002257336343115124,
  "social": 0.004514672686230248,
  "speak": 0.002257336343115124,
  "speaker": 0.002257336343115124,
  "specif": 0.002257336343115124,
  "standard": 0.002257336343115124,
  "stream": 0.01580135440180587,
  "subscrib": 0.004514672686230248,
  "support": 0.004514672686230248,
  "synchron": 0.002257336343115124,
  "team": 0.002257336343115124,
  "technolog": 0.002257336343115124,
  "time": 0.002257336343115124,
  "tool": 0.002257336343115124,
  "topic": 0.002257336343115124,
  "transport": 0.002257336343115124,
  "travel": 0.002257336343115124,
  "tutori": 0.002257336343115124,
  "type": 0.004514672686230248,
  "unabl": 0.002257336343115124,
  "video": 0.002257336343115124,
  "view": 0.002257336343115124,
  "wai": 0.004514672686230248,
  "will": 0.011286681715575621,
  "work": 0.006772009029345372,
  "worthwhil": 0.002257336343115124
}