{
  "0": 0.002785515320334262,
  "00": 0.002785515320334262,
  "101": 0.005571030640668524,
  "12": 0.005571030640668524,
  "2": 0.002785515320334262,
  "2015": 0.002785515320334262,
  "26": 0.002785515320334262,
  "45": 0.002785515320334262,
  "92": 0.008356545961002786,
  "AMS": 0.002785515320334262,
  "About": 0.002785515320334262,
  "Abstract": 0.002785515320334262,
  "Addition": 0.005571030640668524,
  "Android": 0.002785515320334262,
  "Area": 0.002785515320334262,
  "As": 0.002785515320334262,
  "Autom": 0.002785515320334262,
  "Befor": 0.002785515320334262,
  "Biographi": 0.002785515320334262,
  "Blog": 0.005571030640668524,
  "Ca": 0.002785515320334262,
  "Carnegi": 0.002785515320334262,
  "Chri": 0.011142061281337047,
  "Chromium": 0.002785515320334262,
  "Code": 0.002785515320334262,
  "Commun": 0.002785515320334262,
  "Contact": 0.005571030640668524,
  "Cranki": 0.002785515320334262,
  "Dalla": 0.005571030640668524,
  "Datatrack": 0.005571030640668524,
  "DiBona": 0.016713091922005572,
  "Director": 0.008356545961002786,
  "Do": 0.002785515320334262,
  "Draft": 0.002785515320334262,
  "Editor": 0.002785515320334262,
  "Election": 0.002785515320334262,
  "Email": 0.008356545961002786,
  "Fairmont": 0.002785515320334262,
  "Floss": 0.002785515320334262,
  "Geek": 0.002785515320334262,
  "Go": 0.005571030640668524,
  "Googl": 0.019498607242339833,
  "Grab": 0.002785515320334262,
  "Group": 0.002785515320334262,
  "He": 0.008356545961002786,
  "Hi": 0.005571030640668524,
  "Hide": 0.002785515320334262,
  "Host": 0.005571030640668524,
  "How": 0.008356545961002786,
  "IAB": 0.002785515320334262,
  "IANA": 0.002785515320334262,
  "IAOC": 0.002785515320334262,
  "IESG": 0.005571030640668524,
  "IETF": 0.036211699164345405,
  "IRTF": 0.002785515320334262,
  "ISOC": 0.002785515320334262,
  "In": 0.008356545961002786,
  "Info": 0.002785515320334262,
  "Intellectu": 0.002785515320334262,
  "Internet": 0.008356545961002786,
  "Is": 0.002785515320334262,
  "Kei": 0.002785515320334262,
  "Laport": 0.002785515320334262,
  "Leo": 0.002785515320334262,
  "Logist": 0.002785515320334262,
  "London": 0.005571030640668524,
  "Lunch": 0.008356545961002786,
  "MIT": 0.002785515320334262,
  "Manag": 0.002785515320334262,
  "March": 0.002785515320334262,
  "Meet": 0.008356545961002786,
  "Mellon": 0.002785515320334262,
  "Mission": 0.002785515320334262,
  "Moder": 0.002785515320334262,
  "Mountain": 0.002785515320334262,
  "Mr": 0.005571030640668524,
  "NOT": 0.002785515320334262,
  "New": 0.013927576601671309,
  "Note": 0.002785515320334262,
  "Online": 0.002785515320334262,
  "Open": 0.019498607242339833,
  "Outreach": 0.005571030640668524,
  "Parisian": 0.002785515320334262,
  "Particip": 0.002785515320334262,
  "Past": 0.002785515320334262,
  "Privaci": 0.002785515320334262,
  "Question": 0.002785515320334262,
  "Quick": 0.005571030640668524,
  "RFC": 0.005571030640668524,
  "Realli": 0.002785515320334262,
  "Room": 0.002785515320334262,
  "Run": 0.002785515320334262,
  "SDN": 0.002785515320334262,
  "School": 0.002785515320334262,
  "Scienc": 0.005571030640668524,
  "Screensav": 0.002785515320334262,
  "Search": 0.019498607242339833,
  "Secretariat": 0.002785515320334262,
  "Seri": 0.005571030640668524,
  "Slashdot": 0.002785515320334262,
  "Sloan": 0.002785515320334262,
  "Sourc": 0.019498607242339833,
  "Speaker": 0.008356545961002786,
  "Standard": 0.002785515320334262,
  "Statement": 0.005571030640668524,
  "Stream": 0.002785515320334262,
  "Summer": 0.002785515320334262,
  "Support": 0.002785515320334262,
  "Tech": 0.002785515320334262,
  "TechTV": 0.002785515320334262,
  "The": 0.005571030640668524,
  "Thi": 0.005571030640668524,
  "Thing": 0.002785515320334262,
  "Thursdai": 0.008356545961002786,
  "Time": 0.002785515320334262,
  "Tool": 0.005571030640668524,
  "Topic": 0.002785515320334262,
  "Trust": 0.002785515320334262,
  "Univers": 0.002785515320334262,
  "View": 0.002785515320334262,
  "WG": 0.005571030640668524,
  "Websit": 0.002785515320334262,
  "Week": 0.005571030640668524,
  "Weekli": 0.002785515320334262,
  "What": 0.005571030640668524,
  "Who": 0.002785515320334262,
  "Work": 0.002785515320334262,
  "adopt": 0.002785515320334262,
  "advisori": 0.002785515320334262,
  "advoc": 0.002785515320334262,
  "answer": 0.002785515320334262,
  "appear": 0.005571030640668524,
  "archiv": 0.005571030640668524,
  "author": 0.002785515320334262,
  "award": 0.002785515320334262,
  "base": 0.002785515320334262,
  "blog": 0.008356545961002786,
  "board": 0.002785515320334262,
  "chair": 0.005571030640668524,
  "code": 0.002785515320334262,
  "codebas": 0.002785515320334262,
  "coedit": 0.002785515320334262,
  "commun": 0.002785515320334262,
  "compil": 0.002785515320334262,
  "complianc": 0.002785515320334262,
  "daylight": 0.002785515320334262,
  "develop": 0.002785515320334262,
  "dibona": 0.002785515320334262,
  "direct": 0.002785515320334262,
  "discuss": 0.002785515320334262,
  "editor": 0.002785515320334262,
  "engin": 0.002785515320334262,
  "essai": 0.002785515320334262,
  "event": 0.005571030640668524,
  "fail": 0.002785515320334262,
  "futur": 0.002785515320334262,
  "group": 0.002785515320334262,
  "host": 0.002785515320334262,
  "http": 0.005571030640668524,
  "ietf": 0.002785515320334262,
  "impact": 0.002785515320334262,
  "industri": 0.002785515320334262,
  "interest": 0.002785515320334262,
  "internation": 0.002785515320334262,
  "internet": 0.002785515320334262,
  "join": 0.002785515320334262,
  "licens": 0.002785515320334262,
  "link": 0.005571030640668524,
  "list": 0.008356545961002786,
  "live": 0.005571030640668524,
  "ll": 0.002785515320334262,
  "lunch": 0.002785515320334262,
  "manag": 0.002785515320334262,
  "master": 0.002785515320334262,
  "meant": 0.002785515320334262,
  "methodolog": 0.002785515320334262,
  "network": 0.002785515320334262,
  "number": 0.005571030640668524,
  "occasion": 0.002785515320334262,
  "open": 0.022284122562674095,
  "org": 0.005571030640668524,
  "overse": 0.002785515320334262,
  "patch": 0.002785515320334262,
  "person": 0.002785515320334262,
  "podcast": 0.002785515320334262,
  "polici": 0.002785515320334262,
  "principl": 0.002785515320334262,
  "process": 0.002785515320334262,
  "program": 0.002785515320334262,
  "project": 0.002785515320334262,
  "properti": 0.002785515320334262,
  "provid": 0.002785515320334262,
  "public": 0.005571030640668524,
  "purchas": 0.002785515320334262,
  "releas": 0.002785515320334262,
  "resourc": 0.005571030640668524,
  "right": 0.002785515320334262,
  "router": 0.002785515320334262,
  "scholar": 0.002785515320334262,
  "search": 0.005571030640668524,
  "sector": 0.002785515320334262,
  "serv": 0.002785515320334262,
  "softwar": 0.013927576601671309,
  "sourc": 0.016713091922005572,
  "space": 0.002785515320334262,
  "speaker": 0.002785515320334262,
  "spread": 0.002785515320334262,
  "standard": 0.005571030640668524,
  "succeed": 0.002785515320334262,
  "support": 0.002785515320334262,
  "switch": 0.002785515320334262,
  "talk": 0.008356545961002786,
  "team": 0.002785515320334262,
  "technic": 0.002785515320334262,
  "technolog": 0.002785515320334262,
  "thing": 0.002785515320334262,
  "tool": 0.002785515320334262,
  "transport": 0.002785515320334262,
  "visit": 0.002785515320334262,
  "websit": 0.002785515320334262,
  "will": 0.011142061281337047,
  "win": 0.002785515320334262,
  "work": 0.005571030640668524,
  "write": 0.002785515320334262,
  "year": 0.002785515320334262
}