{
  "1": 0.0017605633802816902,
  "101": 0.0035211267605633804,
  "2": 0.0017605633802816902,
  "3": 0.0017605633802816902,
  "4": 0.0017605633802816902,
  "5": 0.0017605633802816902,
  "A": 0.007042253521126761,
  "AMS": 0.0017605633802816902,
  "About": 0.0035211267605633804,
  "After": 0.008802816901408451,
  "Anyon": 0.0035211267605633804,
  "Area": 0.0017605633802816902,
  "Asked": 0.007042253521126761,
  "Autom": 0.0017605633802816902,
  "Blog": 0.0035211267605633804,
  "Commun": 0.0017605633802816902,
  "Contact": 0.0035211267605633804,
  "Datatrack": 0.0035211267605633804,
  "Draft": 0.0017605633802816902,
  "Dure": 0.0017605633802816902,
  "Editor": 0.0017605633802816902,
  "Email": 0.00528169014084507,
  "Experienc": 0.0017605633802816902,
  "Frequent": 0.007042253521126761,
  "Go": 0.0017605633802816902,
  "Group": 0.0017605633802816902,
  "Here": 0.0017605633802816902,
  "Hide": 0.0017605633802816902,
  "How": 0.008802816901408451,
  "I": 0.0017605633802816902,
  "IAB": 0.0017605633802816902,
  "IANA": 0.0017605633802816902,
  "IAOC": 0.0017605633802816902,
  "IESG": 0.0035211267605633804,
  "IETF": 0.061619718309859156,
  "IRTF": 0.0017605633802816902,
  "ISOC": 0.0017605633802816902,
  "If": 0.0035211267605633804,
  "In": 0.0035211267605633804,
  "Info": 0.0017605633802816902,
  "Initial": 0.0017605633802816902,
  "Intellectu": 0.0017605633802816902,
  "Internet": 0.00528169014084507,
  "Is": 0.0017605633802816902,
  "It": 0.0035211267605633804,
  "Kei": 0.0017605633802816902,
  "London": 0.0035211267605633804,
  "Meet": 0.0017605633802816902,
  "Mentor": 0.02112676056338028,
  "Mission": 0.0017605633802816902,
  "New": 0.008802816901408451,
  "NomCom": 0.0017605633802816902,
  "Once": 0.0017605633802816902,
  "One": 0.0017605633802816902,
  "Online": 0.0017605633802816902,
  "Particip": 0.00528169014084507,
  "Privaci": 0.0017605633802816902,
  "Program": 0.01056338028169014,
  "Question": 0.007042253521126761,
  "Quick": 0.0035211267605633804,
  "RFC": 0.0035211267605633804,
  "Run": 0.0017605633802816902,
  "Search": 0.01232394366197183,
  "Secretariat": 0.0017605633802816902,
  "Standard": 0.0017605633802816902,
  "Statement": 0.0035211267605633804,
  "Support": 0.0017605633802816902,
  "The": 0.014084507042253521,
  "Thi": 0.00528169014084507,
  "Thing": 0.0017605633802816902,
  "Tool": 0.0035211267605633804,
  "Topic": 0.0017605633802816902,
  "Trust": 0.0017605633802816902,
  "Useful": 0.0017605633802816902,
  "WG": 0.0035211267605633804,
  "Websit": 0.0017605633802816902,
  "What": 0.01056338028169014,
  "When": 0.0017605633802816902,
  "Who": 0.0017605633802816902,
  "Work": 0.0017605633802816902,
  "activ": 0.0017605633802816902,
  "advic": 0.0017605633802816902,
  "advisor": 0.0017605633802816902,
  "agreement": 0.0017605633802816902,
  "aid": 0.0035211267605633804,
  "allow": 0.00528169014084507,
  "amount": 0.0017605633802816902,
  "answer": 0.01232394366197183,
  "archiv": 0.0035211267605633804,
  "area": 0.01056338028169014,
  "ask": 0.0017605633802816902,
  "assess": 0.0017605633802816902,
  "assist": 0.0035211267605633804,
  "base": 0.00528169014084507,
  "biggest": 0.0017605633802816902,
  "blog": 0.0035211267605633804,
  "brainstorm": 0.0017605633802816902,
  "chair": 0.0035211267605633804,
  "characterist": 0.0017605633802816902,
  "coach": 0.0017605633802816902,
  "code": 0.0017605633802816902,
  "collect": 0.0017605633802816902,
  "combin": 0.0017605633802816902,
  "comfort": 0.0017605633802816902,
  "common": 0.0017605633802816902,
  "commonli": 0.0017605633802816902,
  "commun": 0.0017605633802816902,
  "confid": 0.0017605633802816902,
  "construct": 0.0035211267605633804,
  "contact": 0.00528169014084507,
  "contribut": 0.0017605633802816902,
  "coordin": 0.008802816901408451,
  "couldn": 0.0017605633802816902,
  "creation": 0.0017605633802816902,
  "cultur": 0.0035211267605633804,
  "current": 0.0017605633802816902,
  "decid": 0.0017605633802816902,
  "determin": 0.0035211267605633804,
  "develop": 0.0035211267605633804,
  "direct": 0.0035211267605633804,
  "discuss": 0.0035211267605633804,
  "effect": 0.0017605633802816902,
  "elig": 0.0035211267605633804,
  "email": 0.0017605633802816902,
  "environ": 0.0017605633802816902,
  "event": 0.0035211267605633804,
  "expect": 0.0017605633802816902,
  "experienc": 0.0017605633802816902,
  "expertis": 0.0017605633802816902,
  "explain": 0.0017605633802816902,
  "explor": 0.0017605633802816902,
  "extend": 0.0017605633802816902,
  "face": 0.01056338028169014,
  "feel": 0.0017605633802816902,
  "fewer": 0.0017605633802816902,
  "find": 0.0017605633802816902,
  "flexibl": 0.0017605633802816902,
  "focus": 0.0017605633802816902,
  "forum": 0.0017605633802816902,
  "function": 0.0017605633802816902,
  "goal": 0.0035211267605633804,
  "good": 0.0035211267605633804,
  "group": 0.00528169014084507,
  "guid": 0.0017605633802816902,
  "guidanc": 0.00528169014084507,
  "help": 0.0017605633802816902,
  "hope": 0.0017605633802816902,
  "identifi": 0.0035211267605633804,
  "ietf": 0.0017605633802816902,
  "includ": 0.0035211267605633804,
  "initi": 0.0035211267605633804,
  "integr": 0.0017605633802816902,
  "interact": 0.00528169014084507,
  "interest": 0.008802816901408451,
  "introductori": 0.0017605633802816902,
  "involv": 0.0017605633802816902,
  "kei": 0.0017605633802816902,
  "kick": 0.0017605633802816902,
  "kind": 0.0017605633802816902,
  "knowledg": 0.00528169014084507,
  "link": 0.0035211267605633804,
  "list": 0.008802816901408451,
  "mail": 0.0035211267605633804,
  "manag": 0.0035211267605633804,
  "match": 0.01232394366197183,
  "meet": 0.008802816901408451,
  "member": 0.0017605633802816902,
  "mentor": 0.09154929577464789,
  "need": 0.007042253521126761,
  "network": 0.0017605633802816902,
  "newcom": 0.01056338028169014,
  "norm": 0.0017605633802816902,
  "open": 0.0017605633802816902,
  "opportun": 0.0017605633802816902,
  "order": 0.0035211267605633804,
  "org": 0.0017605633802816902,
  "pair": 0.0035211267605633804,
  "particip": 0.040492957746478875,
  "pass": 0.0017605633802816902,
  "peopl": 0.0035211267605633804,
  "plai": 0.0017605633802816902,
  "point": 0.0017605633802816902,
  "polici": 0.0017605633802816902,
  "pool": 0.0017605633802816902,
  "posit": 0.0035211267605633804,
  "principl": 0.0017605633802816902,
  "problem": 0.0017605633802816902,
  "process": 0.007042253521126761,
  "program": 0.01232394366197183,
  "progress": 0.0035211267605633804,
  "properti": 0.0017605633802816902,
  "provid": 0.008802816901408451,
  "question": 0.007042253521126761,
  "questionnair": 0.0017605633802816902,
  "rais": 0.0017605633802816902,
  "recogn": 0.0017605633802816902,
  "regist": 0.0017605633802816902,
  "registr": 0.0017605633802816902,
  "relationship": 0.00528169014084507,
  "request": 0.00528169014084507,
  "resourc": 0.0035211267605633804,
  "respons": 0.0017605633802816902,
  "restrict": 0.0017605633802816902,
  "right": 0.0017605633802816902,
  "role": 0.0035211267605633804,
  "search": 0.00528169014084507,
  "select": 0.0035211267605633804,
  "send": 0.0035211267605633804,
  "set": 0.0017605633802816902,
  "share": 0.0017605633802816902,
  "skill": 0.008802816901408451,
  "small": 0.0017605633802816902,
  "speed": 0.0017605633802816902,
  "standard": 0.00528169014084507,
  "start": 0.0017605633802816902,
  "structur": 0.0017605633802816902,
  "struggl": 0.0017605633802816902,
  "student": 0.0017605633802816902,
  "success": 0.0017605633802816902,
  "t": 0.0017605633802816902,
  "take": 0.0017605633802816902,
  "teacher": 0.0017605633802816902,
  "technic": 0.0017605633802816902,
  "technolog": 0.0017605633802816902,
  "time": 0.00528169014084507,
  "tool": 0.0017605633802816902,
  "transport": 0.0017605633802816902,
  "unrespons": 0.0017605633802816902,
  "vari": 0.0017605633802816902,
  "variabl": 0.0017605633802816902,
  "volunt": 0.007042253521126761,
  "well": 0.0017605633802816902,
  "will": 0.02992957746478873,