{
  "1": 0.0035842293906810036,
  "101": 0.007168458781362007,
  "11": 0.007168458781362007,
  "15": 0.007168458781362007,
  "802": 0.03942652329749104,
  "95": 0.010752688172043012,
  "AAA": 0.0035842293906810036,
  "AMS": 0.0035842293906810036,
  "About": 0.007168458781362007,
  "Access": 0.0035842293906810036,
  "Area": 0.021505376344086023,
  "Autom": 0.0035842293906810036,
  "Binari": 0.0035842293906810036,
  "Blog": 0.007168458781362007,
  "Brief": 0.0035842293906810036,
  "CBOR": 0.0035842293906810036,
  "Coexist": 0.0035842293906810036,
  "Committe": 0.0035842293906810036,
  "Commun": 0.0035842293906810036,
  "Concis": 0.0035842293906810036,
  "Contact": 0.007168458781362007,
  "Datatrack": 0.007168458781362007,
  "Draft": 0.0035842293906810036,
  "Editor": 0.0035842293906810036,
  "Email": 0.010752688172043012,
  "Emerg": 0.0035842293906810036,
  "Go": 0.0035842293906810036,
  "Group": 0.0035842293906810036,
  "Handov": 0.0035842293906810036,
  "Hide": 0.0035842293906810036,
  "How": 0.0035842293906810036,
  "IAB": 0.0035842293906810036,
  "IANA": 0.0035842293906810036,
  "IAOC": 0.0035842293906810036,
  "ICE": 0.0035842293906810036,
  "IEEE": 0.03942652329749104,
  "IESG": 0.007168458781362007,
  "IETF": 0.053763440860215055,
  "IP": 0.007168458781362007,
  "IRTF": 0.0035842293906810036,
  "ISOC": 0.0035842293906810036,
  "In": 0.0035842293906810036,
  "Independ": 0.0035842293906810036,
  "Info": 0.0035842293906810036,
  "Intellectu": 0.0035842293906810036,
  "Internet": 0.014336917562724014,
  "Introduct": 0.010752688172043012,
  "Kei": 0.0035842293906810036,
  "LAN": 0.010752688172043012,
  "Local": 0.007168458781362007,
  "London": 0.007168458781362007,
  "MAN": 0.007168458781362007,
  "Media": 0.0035842293906810036,
  "Meet": 0.0035842293906810036,
  "Metropolitan": 0.0035842293906810036,
  "Mission": 0.0035842293906810036,
  "NETCONF": 0.0035842293906810036,
  "Network": 0.025089605734767026,
  "New": 0.017921146953405017,
  "Object": 0.0035842293906810036,
  "Online": 0.0035842293906810036,
  "P802": 0.0035842293906810036,
  "PAN": 0.007168458781362007,
  "PRECIS": 0.0035842293906810036,
  "Particip": 0.007168458781362007,
  "Person": 0.007168458781362007,
  "Privaci": 0.0035842293906810036,
  "Quick": 0.007168458781362007,
  "RAN": 0.0035842293906810036,
  "RFC": 0.010752688172043012,
  "Region": 0.0035842293906810036,
  "Represent": 0.0035842293906810036,
  "Run": 0.0035842293906810036,
  "STUN": 0.0035842293906810036,
  "Search": 0.025089605734767026,
  "Secretariat": 0.0035842293906810036,
  "Servic": 0.0035842293906810036,
  "Slide": 0.0035842293906810036,
  "Standard": 0.007168458781362007,
  "Statement": 0.007168458781362007,
  "Support": 0.0035842293906810036,
  "TURN": 0.0035842293906810036,
  "Technic": 0.007168458781362007,
  "The": 0.010752688172043012,
  "Thi": 0.0035842293906810036,
  "Thing": 0.0035842293906810036,
  "Tool": 0.007168458781362007,
  "Topic": 0.0035842293906810036,
  "Trust": 0.0035842293906810036,
  "Tutori": 0.0035842293906810036,
  "WG": 0.007168458781362007,
  "Websit": 0.0035842293906810036,
  "Who": 0.0035842293906810036,
  "Wireless": 0.02867383512544803,
  "Work": 0.0035842293906810036,
  "YANG": 0.0035842293906810036,
  "archiv": 0.007168458781362007,
  "area": 0.010752688172043012,
  "blog": 0.007168458781362007,
  "central": 0.0035842293906810036,
  "chair": 0.007168458781362007,
  "challeng": 0.0035842293906810036,
  "code": 0.0035842293906810036,
  "configur": 0.0035842293906810036,
  "develop": 0.007168458781362007,
  "discuss": 0.0035842293906810036,
  "distribut": 0.0035842293906810036,
  "environ": 0.0035842293906810036,
  "event": 0.0035842293906810036,
  "focus": 0.0035842293906810036,
  "group": 0.0035842293906810036,
  "i18n": 0.0035842293906810036,
  "implic": 0.0035842293906810036,
  "includ": 0.0035842293906810036,
  "interact": 0.0035842293906810036,
  "interest": 0.0035842293906810036,
  "latest": 0.0035842293906810036,
  "link": 0.010752688172043012,
  "list": 0.010752688172043012,
  "local": 0.0035842293906810036,
  "maintain": 0.0035842293906810036,
  "manag": 0.010752688172043012,
  "measur": 0.0035842293906810036,
  "metropolitan": 0.0035842293906810036,
  "monitor": 0.0035842293906810036,
  "network": 0.021505376344086023,
  "polici": 0.0035842293906810036,
  "practic": 0.0035842293906810036,
  "present": 0.014336917562724014,
  "principl": 0.0035842293906810036,
  "process": 0.0035842293906810036,
  "project": 0.0035842293906810036,
  "properti": 0.007168458781362007,
  "recommend": 0.0035842293906810036,
  "resourc": 0.007168458781362007,
  "right": 0.0035842293906810036,
  "scope": 0.0035842293906810036,
  "search": 0.007168458781362007,
  "set": 0.0035842293906810036,
  "solut": 0.0035842293906810036,
  "standard": 0.010752688172043012,
  "technolog": 0.0035842293906810036,
  "tool": 0.0035842293906810036,
  "transport": 0.0035842293906810036,
  "tutori": 0.010752688172043012,
  "well": 0.0035842293906810036,
  "wireless": 0.014336917562724014,
  "work": 0.010752688172043012,
  "Â": 0.0035842293906810036
}