{
  "101": 0.008771929824561403,
  "802": 0.008771929824561403,
  "92": 0.0043859649122807015,
  "AAA": 0.0043859649122807015,
  "AMS": 0.0043859649122807015,
  "About": 0.008771929824561403,
  "Area": 0.0043859649122807015,
  "Autom": 0.0043859649122807015,
  "Binari": 0.0043859649122807015,
  "Blog": 0.008771929824561403,
  "CBOR": 0.0043859649122807015,
  "Commun": 0.0043859649122807015,
  "Concis": 0.0043859649122807015,
  "Contact": 0.008771929824561403,
  "Datatrack": 0.008771929824561403,
  "Draft": 0.0043859649122807015,
  "Editor": 0.0043859649122807015,
  "Email": 0.013157894736842105,
  "Emerg": 0.0043859649122807015,
  "Go": 0.0043859649122807015,
  "Group": 0.0043859649122807015,
  "Hide": 0.0043859649122807015,
  "How": 0.0043859649122807015,
  "IAB": 0.0043859649122807015,
  "IANA": 0.0043859649122807015,
  "IAOC": 0.0043859649122807015,
  "ICE": 0.021929824561403508,
  "IEEE": 0.008771929824561403,
  "IESG": 0.008771929824561403,
  "IETF": 0.07456140350877193,
  "IP": 0.013157894736842105,
  "IRTF": 0.0043859649122807015,
  "ISOC": 0.0043859649122807015,
  "In": 0.0043859649122807015,
  "Info": 0.0043859649122807015,
  "Intellectu": 0.0043859649122807015,
  "Internet": 0.017543859649122806,
  "Introduct": 0.021929824561403508,
  "It": 0.008771929824561403,
  "Kei": 0.0043859649122807015,
  "London": 0.008771929824561403,
  "Meet": 0.0043859649122807015,
  "Mission": 0.0043859649122807015,
  "NAT": 0.0043859649122807015,
  "NETCONF": 0.0043859649122807015,
  "Network": 0.0043859649122807015,
  "New": 0.021929824561403508,
  "Object": 0.0043859649122807015,
  "Online": 0.0043859649122807015,
  "Over": 0.0043859649122807015,
  "PRECIS": 0.0043859649122807015,
  "Particip": 0.008771929824561403,
  "Privaci": 0.0043859649122807015,
  "Quick": 0.008771929824561403,
  "RFC": 0.03508771929824561,
  "Represent": 0.0043859649122807015,
  "Run": 0.0043859649122807015,
  "STUN": 0.017543859649122806,
  "Search": 0.03070175438596491,
  "Secretariat": 0.0043859649122807015,
  "Slide": 0.0043859649122807015,
  "Standard": 0.0043859649122807015,
  "Statement": 0.008771929824561403,
  "Support": 0.0043859649122807015,
  "TURN": 0.017543859649122806,
  "Technic": 0.008771929824561403,
  "The": 0.008771929824561403,
  "Thi": 0.0043859649122807015,
  "Thing": 0.0043859649122807015,
  "Tool": 0.008771929824561403,
  "Topic": 0.0043859649122807015,
  "Trust": 0.0043859649122807015,
  "Tutori": 0.0043859649122807015,
  "Voic": 0.0043859649122807015,
  "WG": 0.008771929824561403,
  "Websit": 0.0043859649122807015,
  "Who": 0.0043859649122807015,
  "Wireless": 0.0043859649122807015,
  "Work": 0.0043859649122807015,
  "YANG": 0.0043859649122807015,
  "archiv": 0.008771929824561403,
  "basic": 0.0043859649122807015,
  "blog": 0.008771929824561403,
  "candid": 0.0043859649122807015,
  "central": 0.0043859649122807015,
  "chair": 0.008771929824561403,
  "challeng": 0.0043859649122807015,
  "code": 0.0043859649122807015,
  "configur": 0.0043859649122807015,
  "connect": 0.0043859649122807015,
  "core": 0.0043859649122807015,
  "cover": 0.008771929824561403,
  "describ": 0.0043859649122807015,
  "discuss": 0.008771929824561403,
  "distribut": 0.0043859649122807015,
  "event": 0.0043859649122807015,
  "function": 0.0043859649122807015,
  "group": 0.0043859649122807015,
  "high": 0.0043859649122807015,
  "i18n": 0.0043859649122807015,
  "implic": 0.0043859649122807015,
  "interest": 0.0043859649122807015,
  "issu": 0.0043859649122807015,
  "level": 0.0043859649122807015,
  "link": 0.013157894736842105,
  "list": 0.013157894736842105,
  "manag": 0.013157894736842105,
  "measur": 0.0043859649122807015,
  "monitor": 0.0043859649122807015,
  "network": 0.008771929824561403,
  "number": 0.0043859649122807015,
  "overview": 0.0043859649122807015,
  "polici": 0.0043859649122807015,
  "present": 0.008771929824561403,
  "principl": 0.0043859649122807015,
  "process": 0.0043859649122807015,
  "properti": 0.008771929824561403,
  "relat": 0.0043859649122807015,
  "resourc": 0.008771929824561403,
  "right": 0.0043859649122807015,
  "search": 0.008771929824561403,
  "set": 0.017543859649122806,
  "solut": 0.0043859649122807015,
  "standard": 0.0043859649122807015,
  "summar": 0.0043859649122807015,
  "technolog": 0.008771929824561403,
  "telephoni": 0.0043859649122807015,
  "tool": 0.0043859649122807015,
  "transport": 0.0043859649122807015,
  "tutori": 0.013157894736842105,
  "wireless": 0.0043859649122807015,
  "work": 0.013157894736842105,
  "Â": 0.0043859649122807015
}