{
  "101": 0.010362694300518135,
  "94": 0.0051813471502590676,
  "AMS": 0.0051813471502590676,
  "About": 0.010362694300518135,
  "Applicat": 0.0051813471502590676,
  "Area": 0.06735751295336788,
  "Autom": 0.0051813471502590676,
  "Blog": 0.010362694300518135,
  "Commun": 0.0051813471502590676,
  "Contact": 0.010362694300518135,
  "Datatrack": 0.010362694300518135,
  "Draft": 0.0051813471502590676,
  "Editor": 0.0051813471502590676,
  "Email": 0.015544041450777202,
  "Go": 0.0051813471502590676,
  "Group": 0.0051813471502590676,
  "Hide": 0.0051813471502590676,
  "How": 0.0051813471502590676,
  "IAB": 0.0051813471502590676,
  "IANA": 0.0051813471502590676,
  "IAOC": 0.0051813471502590676,
  "IESG": 0.010362694300518135,
  "IETF": 0.06735751295336788,
  "INT": 0.0051813471502590676,
  "IRTF": 0.0051813471502590676,
  "ISOC": 0.0051813471502590676,
  "In": 0.0051813471502590676,
  "Info": 0.0051813471502590676,
  "Intellectu": 0.0051813471502590676,
  "Internet": 0.04145077720207254,
  "Introduct": 0.0051813471502590676,
  "Kei": 0.0051813471502590676,
  "London": 0.010362694300518135,
  "Manag": 0.0051813471502590676,
  "Meet": 0.0051813471502590676,
  "Mission": 0.0051813471502590676,
  "New": 0.025906735751295335,
  "Online": 0.0051813471502590676,
  "Operat": 0.0051813471502590676,
  "Particip": 0.010362694300518135,
  "Privaci": 0.0051813471502590676,
  "Quick": 0.010362694300518135,
  "RFC": 0.010362694300518135,
  "Real": 0.0051813471502590676,
  "Rout": 0.0051813471502590676,
  "Run": 0.0051813471502590676,
  "Search": 0.03626943005181347,
  "Secretariat": 0.0051813471502590676,
  "Secur": 0.0051813471502590676,
  "Slide": 0.0051813471502590676,
  "Standard": 0.0051813471502590676,
  "Statement": 0.010362694300518135,
  "Support": 0.0051813471502590676,
  "The": 0.0051813471502590676,
  "Thi": 0.010362694300518135,
  "Thing": 0.0051813471502590676,
  "Time": 0.0051813471502590676,
  "Tool": 0.010362694300518135,
  "Topic": 0.0051813471502590676,
  "Transport": 0.0051813471502590676,
  "Trust": 0.0051813471502590676,
  "Tutori": 0.0051813471502590676,
  "Video": 0.0051813471502590676,
  "WG": 0.010362694300518135,
  "Websit": 0.0051813471502590676,
  "Who": 0.0051813471502590676,
  "Work": 0.0051813471502590676,
  "archiv": 0.010362694300518135,
  "area": 0.015544041450777202,
  "block": 0.0051813471502590676,
  "blog": 0.010362694300518135,
  "build": 0.0051813471502590676,
  "chair": 0.010362694300518135,
  "code": 0.0051813471502590676,
  "core": 0.0051813471502590676,
  "cover": 0.0051813471502590676,
  "current": 0.0051813471502590676,
  "develop": 0.0051813471502590676,
  "discuss": 0.0051813471502590676,
  "event": 0.0051813471502590676,
  "group": 0.010362694300518135,
  "high": 0.0051813471502590676,
  "includ": 0.0051813471502590676,
  "interest": 0.0051813471502590676,
  "introduct": 0.046632124352331605,
  "level": 0.0051813471502590676,
  "link": 0.010362694300518135,
  "list": 0.015544041450777202,
  "maintain": 0.0051813471502590676,
  "manag": 0.0051813471502590676,
  "network": 0.0051813471502590676,
  "overview": 0.015544041450777202,
  "polici": 0.0051813471502590676,
  "principl": 0.0051813471502590676,
  "process": 0.0051813471502590676,
  "properti": 0.0051813471502590676,
  "protocol": 0.0051813471502590676,
  "provid": 0.0051813471502590676,
  "resourc": 0.010362694300518135,
  "review": 0.0051813471502590676,
  "right": 0.0051813471502590676,
  "search": 0.010362694300518135,
  "short": 0.0051813471502590676,
  "standard": 0.0051813471502590676,
  "summari": 0.0051813471502590676,
  "technolog": 0.0051813471502590676,
  "tool": 0.0051813471502590676,
  "topic": 0.0051813471502590676,
  "transport": 0.0051813471502590676,
  "tutori": 0.015544041450777202,
  "well": 0.0051813471502590676,
  "work": 0.010362694300518135
}