{
  "101": 0.010135135135135136,
  "2018": 0.0033783783783783786,
  "25": 0.006756756756756757,
  "54": 0.0033783783783783786,
  "78": 0.0033783783783783786,
  "79": 0.006756756756756757,
  "9": 0.0033783783783783786,
  "AD": 0.0033783783783783786,
  "AMS": 0.0033783783783783786,
  "About": 0.0033783783783783786,
  "Acknowledg": 0.006756756756756757,
  "Anti": 0.0033783783783783786,
  "Area": 0.0033783783783783786,
  "As": 0.010135135135135136,
  "Autom": 0.0033783783783783786,
  "BCP": 0.02702702702702703,
  "Blog": 0.006756756756756757,
  "By": 0.0033783783783783786,
  "Code": 0.0033783783783783786,
  "Commun": 0.0033783783783783786,
  "Conduct": 0.0033783783783783786,
  "Contact": 0.006756756756756757,
  "Continu": 0.006756756756756757,
  "Copyright": 0.0033783783783783786,
  "Datatrack": 0.006756756756756757,
  "Date": 0.0033783783783783786,
  "Definit": 0.0033783783783783786,
  "Draft": 0.0033783783783783786,
  "Editor": 0.0033783783783783786,
  "Email": 0.010135135135135136,
  "Exception": 0.0033783783783783786,
  "For": 0.0033783783783783786,
  "Go": 0.0033783783783783786,
  "Group": 0.006756756756756757,
  "Harass": 0.0033783783783783786,
  "Hide": 0.0033783783783783786,
  "How": 0.006756756756756757,
  "IAB": 0.0033783783783783786,
  "IANA": 0.0033783783783783786,
  "IAOC": 0.0033783783783783786,
  "IESG": 0.006756756756756757,
  "IETF": 0.08108108108108109,
  "IRTF": 0.0033783783783783786,
  "ISOC": 0.0033783783783783786,
  "If": 0.0033783783783783786,
  "Important": 0.0033783783783783786,
  "In": 0.0033783783783783786,
  "Info": 0.0033783783783783786,
  "Intellectu": 0.0033783783783783786,
  "Interim": 0.0033783783783783786,
  "Internet": 0.013513513513513514,
  "It": 0.0033783783783783786,
  "Kei": 0.0033783783783783786,
  "London": 0.010135135135135136,
  "Meet": 0.033783783783783786,
  "Mission": 0.0033783783783783786,
  "New": 0.016891891891891893,
  "Next": 0.006756756756756757,
  "Note": 0.0033783783783783786,
  "Online": 0.0033783783783783786,
  "Particip": 0.010135135135135136,
  "Past": 0.0033783783783783786,
  "Patent": 0.0033783783783783786,
  "Person": 0.0033783783783783786,
  "Polici": 0.0033783783783783786,
  "Privaci": 0.010135135135135136,
  "Procedur": 0.0033783783783783786,
  "Proceed": 0.0033783783783783786,
  "Process": 0.0033783783783783786,
  "Quick": 0.006756756756756757,
  "RFC": 0.006756756756756757,
  "Regist": 0.010135135135135136,
  "Registr": 0.006756756756756757,
  "Remot": 0.0033783783783783786,
  "Review": 0.0033783783783783786,
  "Run": 0.0033783783783783786,
  "Search": 0.02364864864864865,
  "Secretariat": 0.0033783783783783786,
  "Standard": 0.006756756756756757,
  "Statement": 0.010135135135135136,
  "Support": 0.0033783783783783786,
  "The": 0.006756756756756757,
  "Thi": 0.0033783783783783786,
  "Thing": 0.0033783783783783786,
  "Tool": 0.006756756756756757,
  "Topic": 0.0033783783783783786,
  "Trust": 0.0033783783783783786,
  "Upcome": 0.0033783783783783786,
  "WG": 0.010135135135135136,
  "Websit": 0.0033783783783783786,
  "Well": 0.0033783783783783786,
  "Who": 0.0033783783783783786,
  "Work": 0.006756756756756757,
  "acknowledg": 0.0033783783783783786,
  "activ": 0.0033783783783783786,
  "advic": 0.0033783783783783786,
  "agre": 0.006756756756756757,
  "appli": 0.0033783783783783786,
  "applic": 0.0033783783783783786,
  "archiv": 0.006756756756756757,
  "attende": 0.006756756756756757,
  "audio": 0.0033783783783783786,
  "awar": 0.0033783783783783786,
  "blog": 0.006756756756756757,
  "carefulli": 0.0033783783783783786,
  "chair": 0.010135135135135136,
  "code": 0.006756756756756757,
  "concern": 0.0033783783783783786,
  "conduct": 0.0033783783783783786,
  "contact": 0.006756756756756757,
  "contribut": 0.006756756756756757,
  "control": 0.0033783783783783786,
  "cover": 0.0033783783783783786,
  "definit": 0.0033783783783783786,
  "direct": 0.0033783783783783786,
  "disclos": 0.0033783783783783786,
  "discuss": 0.006756756756756757,
  "document": 0.0033783783783783786,
  "event": 0.010135135135135136,
  "fact": 0.0033783783783783786,
  "follow": 0.0033783783783783786,
  "group": 0.0033783783783783786,
  "handl": 0.0033783783783783786,
  "http": 0.006756756756756757,
  "ietf": 0.006756756756756757,
  "interest": 0.0033783783783783786,
  "link": 0.010135135135135136,
  "list": 0.013513513513513514,
  "manag": 0.0033783783783783786,
  "meant": 0.0033783783783783786,
  "meet": 0.006756756756756757,
  "network": 0.0033783783783783786,
  "ombudsteam": 0.006756756756756757,
  "org": 0.006756756756756757,
  "own": 0.0033783783783783786,
  "particip": 0.02027027027027027,
  "patent": 0.013513513513513514,
  "photograph": 0.0033783783783783786,
  "point": 0.0033783783783783786,
  "polici": 0.016891891891891893,
  "principl": 0.0033783783783783786,
  "privaci": 0.0033783783783783786,
  "process": 0.010135135135135136,
  "properti": 0.0033783783783783786,
  "provid": 0.0033783783783783786,
  "public": 0.0033783783783783786,
  "question": 0.0033783783783783786,
  "read": 0.0033783783783783786,
  "record": 0.0033783783783783786,
  "regist": 0.0033783783783783786,
  "remind": 0.006756756756756757,
  "resourc": 0.006756756756756757,
  "respectfulli": 0.0033783783783783786,
  "right": 0.0033783783783783786,
  "search": 0.006756756756756757,
  "set": 0.0033783783783783786,
  "sponsor": 0.0033783783783783786,
  "standard": 0.0033783783783783786,
  "talk": 0.0033783783783783786,
  "technolog": 0.0033783783783783786,
  "tool": 0.0033783783783783786,
  "topic": 0.0033783783783783786,
  "transport": 0.0033783783783783786,
  "video": 0.0033783783783783786,
  "will": 0.0033783783783783786,
  "work": 0.010135135135135136,
  "written": 0.0033783783783783786
}