{
  "101": 0.008064516129032258,
  "1969": 0.004032258064516129,
  "AMS": 0.004032258064516129,
  "About": 0.008064516129032258,
  "Appendix": 0.004032258064516129,
  "Area": 0.004032258064516129,
  "As": 0.004032258064516129,
  "Attend": 0.004032258064516129,
  "Autom": 0.004032258064516129,
  "Blog": 0.008064516129032258,
  "But": 0.008064516129032258,
  "Comment": 0.004032258064516129,
  "Commun": 0.004032258064516129,
  "Consortium": 0.004032258064516129,
  "Contact": 0.008064516129032258,
  "Datatrack": 0.008064516129032258,
  "Document": 0.012096774193548387,
  "Draft": 0.004032258064516129,
  "Editor": 0.004032258064516129,
  "Email": 0.012096774193548387,
  "For": 0.004032258064516129,
  "Get": 0.008064516129032258,
  "Go": 0.004032258064516129,
  "Group": 0.004032258064516129,
  "HTML": 0.004032258064516129,
  "HTTP": 0.004032258064516129,
  "Hide": 0.004032258064516129,
  "How": 0.008064516129032258,
  "IAB": 0.004032258064516129,
  "IANA": 0.004032258064516129,
  "IAOC": 0.004032258064516129,
  "IEEE": 0.004032258064516129,
  "IESG": 0.008064516129032258,
  "IETF": 0.0846774193548387,
  "IP": 0.004032258064516129,
  "IRTF": 0.004032258064516129,
  "ISOC": 0.004032258064516129,
  "ITU": 0.004032258064516129,
  "In": 0.004032258064516129,
  "Info": 0.004032258064516129,
  "Intellectu": 0.004032258064516129,
  "Internet": 0.028225806451612902,
  "Kei": 0.004032258064516129,
  "London": 0.008064516129032258,
  "Meet": 0.008064516129032258,
  "Mission": 0.004032258064516129,
  "New": 0.020161290322580645,
  "Official": 0.012096774193548387,
  "One": 0.004032258064516129,
  "Online": 0.004032258064516129,
  "Particip": 0.008064516129032258,
  "Privaci": 0.004032258064516129,
  "Quick": 0.008064516129032258,
  "RFC": 0.024193548387096774,
  "Request": 0.004032258064516129,
  "Resourc": 0.004032258064516129,
  "Run": 0.004032258064516129,
  "Search": 0.028225806451612902,
  "Secretariat": 0.004032258064516129,
  "Standard": 0.004032258064516129,
  "Start": 0.012096774193548387,
  "Statement": 0.008064516129032258,
  "Support": 0.004032258064516129,
  "The": 0.012096774193548387,
  "Thi": 0.004032258064516129,
  "Thing": 0.004032258064516129,
  "Tool": 0.008064516129032258,
  "Topic": 0.004032258064516129,
  "Trust": 0.004032258064516129,
  "WG": 0.008064516129032258,
  "Web": 0.004032258064516129,
  "Websit": 0.004032258064516129,
  "Where": 0.004032258064516129,
  "Who": 0.004032258064516129,
  "Wide": 0.004032258064516129,
  "Work": 0.004032258064516129,
  "World": 0.004032258064516129,
  "XML": 0.004032258064516129,
  "applic": 0.008064516129032258,
  "archiv": 0.008064516129032258,
  "basi": 0.004032258064516129,
  "basic": 0.004032258064516129,
  "better": 0.004032258064516129,
  "blog": 0.008064516129032258,
  "chair": 0.008064516129032258,
  "chang": 0.004032258064516129,
  "charg": 0.004032258064516129,
  "code": 0.004032258064516129,
  "constantli": 0.004032258064516129,
  "cours": 0.004032258064516129,
  "daili": 0.004032258064516129,
  "discuss": 0.004032258064516129,
  "document": 0.008064516129032258,
  "email": 0.004032258064516129,
  "ensur": 0.004032258064516129,
  "event": 0.004032258064516129,
  "exampl": 0.004032258064516129,
  "exist": 0.004032258064516129,
  "express": 0.004032258064516129,
  "forum": 0.012096774193548387,
  "free": 0.004032258064516129,
  "futur": 0.004032258064516129,
  "gener": 0.004032258064516129,
  "group": 0.008064516129032258,
  "hardwar": 0.008064516129032258,
  "implement": 0.004032258064516129,
  "improv": 0.004032258064516129,
  "interest": 0.004032258064516129,
  "layer": 0.008064516129032258,
  "leav": 0.008064516129032258,
  "link": 0.008064516129032258,
  "list": 0.012096774193548387,
  "maintain": 0.004032258064516129,
  "manag": 0.004032258064516129,
  "network": 0.008064516129032258,
  "offici": 0.004032258064516129,
  "oper": 0.004032258064516129,
  "organ": 0.004032258064516129,
  "peopl": 0.004032258064516129,
  "polici": 0.004032258064516129,
  "principl": 0.004032258064516129,
  "process": 0.004032258064516129,
  "produc": 0.004032258064516129,
  "product": 0.008064516129032258,
  "properti": 0.004032258064516129,
  "protocol": 0.016129032258064516,
  "publish": 0.004032258064516129,
  "research": 0.004032258064516129,
  "resourc": 0.008064516129032258,
  "right": 0.004032258064516129,
  "search": 0.008064516129032258,
  "set": 0.004032258064516129,
  "softwar": 0.004032258064516129,
  "special": 0.004032258064516129,
  "stand": 0.004032258064516129,
  "standard": 0.028225806451612902,
  "system": 0.004032258064516129,
  "talk": 0.004032258064516129,
  "technic": 0.012096774193548387,
  "technolog": 0.008064516129032258,
  "todai": 0.004032258064516129,
  "tomorrow": 0.004032258064516129,
  "tool": 0.004032258064516129,
  "transmiss": 0.004032258064516129,
  "transport": 0.004032258064516129,
  "updat": 0.004032258064516129,
  "well": 0.004032258064516129,
  "will": 0.004032258064516129,
  "work": 0.008064516129032258,
  "write": 0.004032258064516129
}