{
  "101": 0.014018691588785047,
  "2018": 0.004672897196261682,
  "AMS": 0.004672897196261682,
  "About": 0.004672897196261682,
  "Area": 0.009345794392523364,
  "Autom": 0.004672897196261682,
  "Blog": 0.009345794392523364,
  "Blue": 0.004672897196261682,
  "Call": 0.004672897196261682,
  "Chair": 0.004672897196261682,
  "Commun": 0.004672897196261682,
  "Confer": 0.009345794392523364,
  "Contact": 0.009345794392523364,
  "Datatrack": 0.009345794392523364,
  "Date": 0.004672897196261682,
  "Director": 0.004672897196261682,
  "Draft": 0.004672897196261682,
  "Editor": 0.004672897196261682,
  "Email": 0.014018691588785047,
  "Face": 0.009345794392523364,
  "For": 0.004672897196261682,
  "Go": 0.004672897196261682,
  "Group": 0.009345794392523364,
  "Guidanc": 0.004672897196261682,
  "How": 0.009345794392523364,
  "IAB": 0.004672897196261682,
  "IANA": 0.004672897196261682,
  "IAOC": 0.004672897196261682,
  "IESG": 0.014018691588785047,
  "IETF": 0.056074766355140186,
  "IRTF": 0.004672897196261682,
  "ISOC": 0.004672897196261682,
  "Important": 0.004672897196261682,
  "Intellectu": 0.004672897196261682,
  "Interim": 0.04205607476635514,
  "Internet": 0.014018691588785047,
  "Jabber": 0.004672897196261682,
  "London": 0.014018691588785047,
  "Meet": 0.056074766355140186,
  "Mission": 0.004672897196261682,
  "New": 0.02336448598130841,
  "Next": 0.004672897196261682,
  "Online": 0.004672897196261682,
  "Particip": 0.004672897196261682,
  "Past": 0.009345794392523364,
  "Privaci": 0.004672897196261682,
  "Proceed": 0.004672897196261682,
  "Quick": 0.009345794392523364,
  "RFC": 0.009345794392523364,
  "Regist": 0.004672897196261682,
  "Run": 0.004672897196261682,
  "Search": 0.03271028037383177,
  "Secretariat": 0.004672897196261682,
  "Session": 0.004672897196261682,
  "Sheet": 0.004672897196261682,
  "Standard": 0.004672897196261682,
  "Statement": 0.014018691588785047,
  "Support": 0.004672897196261682,
  "The": 0.009345794392523364,
  "Thing": 0.004672897196261682,
  "Tool": 0.009345794392523364,
  "Topic": 0.004672897196261682,
  "Trust": 0.004672897196261682,
  "Upcome": 0.009345794392523364,
  "WG": 0.009345794392523364,
  "Websit": 0.004672897196261682,
  "Who": 0.004672897196261682,
  "Work": 0.009345794392523364,
  "acceler": 0.004672897196261682,
  "announc": 0.009345794392523364,
  "approv": 0.009345794392523364,
  "archiv": 0.009345794392523364,
  "blog": 0.009345794392523364,
  "call": 0.009345794392523364,
  "chair": 0.009345794392523364,
  "code": 0.004672897196261682,
  "conduct": 0.004672897196261682,
  "confer": 0.004672897196261682,
  "discuss": 0.004672897196261682,
  "event": 0.014018691588785047,
  "face": 0.018691588785046728,
  "focu": 0.004672897196261682,
  "group": 0.014018691588785047,
  "held": 0.004672897196261682,
  "hold": 0.004672897196261682,
  "interest": 0.004672897196261682,
  "interim": 0.004672897196261682,
  "issu": 0.004672897196261682,
  "jabber": 0.004672897196261682,
  "link": 0.009345794392523364,
  "list": 0.018691588785046728,
  "mail": 0.004672897196261682,
  "manag": 0.004672897196261682,
  "meet": 0.028037383177570093,
  "network": 0.004672897196261682,
  "occasion": 0.004672897196261682,
  "polici": 0.004672897196261682,
  "principl": 0.004672897196261682,
  "prior": 0.009345794392523364,
  "process": 0.009345794392523364,
  "properti": 0.004672897196261682,
  "requir": 0.009345794392523364,
  "resourc": 0.009345794392523364,
  "right": 0.004672897196261682,
  "search": 0.009345794392523364,
  "session": 0.004672897196261682,
  "specif": 0.004672897196261682,
  "standard": 0.004672897196261682,
  "technolog": 0.004672897196261682,
  "tool": 0.004672897196261682,
  "transport": 0.004672897196261682,
  "virtual": 0.004672897196261682,
  "week": 0.009345794392523364,
  "work": 0.02336448598130841
}