{
  "100": 0.0045045045045045045,
  "101": 0.009009009009009009,
  "AMS": 0.0045045045045045045,
  "About": 0.0045045045045045045,
  "Area": 0.009009009009009009,
  "Autom": 0.0045045045045045045,
  "Blog": 0.009009009009009009,
  "Commun": 0.009009009009009009,
  "Contact": 0.009009009009009009,
  "Datatrack": 0.013513513513513514,
  "Draft": 0.0045045045045045045,
  "Editor": 0.0045045045045045045,
  "Email": 0.018018018018018018,
  "Go": 0.0045045045045045045,
  "Group": 0.03153153153153153,
  "Hide": 0.0045045045045045045,
  "How": 0.013513513513513514,
  "IAB": 0.0045045045045045045,
  "IANA": 0.0045045045045045045,
  "IAOC": 0.0045045045045045045,
  "IESG": 0.009009009009009009,
  "IETF": 0.05405405405405406,
  "IRTF": 0.0045045045045045045,
  "ISOC": 0.0045045045045045045,
  "If": 0.0045045045045045045,
  "In": 0.0045045045045045045,
  "Info": 0.0045045045045045045,
  "Intellectu": 0.0045045045045045045,
  "Internet": 0.013513513513513514,
  "Kei": 0.0045045045045045045,
  "London": 0.009009009009009009,
  "Meet": 0.009009009009009009,
  "Mission": 0.0045045045045045045,
  "New": 0.02252252252252252,
  "Online": 0.009009009009009009,
  "Particip": 0.0045045045045045045,
  "Privaci": 0.0045045045045045045,
  "Quick": 0.009009009009009009,
  "RFC": 0.009009009009009009,
  "Run": 0.009009009009009009,
  "Search": 0.03153153153153153,
  "Secretariat": 0.0045045045045045045,
  "Standard": 0.0045045045045045045,
  "Statement": 0.009009009009009009,
  "Support": 0.0045045045045045045,
  "The": 0.009009009009009009,
  "There": 0.0045045045045045045,
  "Thing": 0.0045045045045045045,
  "Tool": 0.009009009009009009,
  "Topic": 0.0045045045045045045,
  "Trust": 0.0045045045045045045,
  "Upon": 0.0045045045045045045,
  "WG": 0.018018018018018018,
  "Websit": 0.0045045045045045045,
  "While": 0.0045045045045045045,
  "Who": 0.0045045045045045045,
  "Work": 0.04504504504504504,
  "achiev": 0.0045045045045045045,
  "activ": 0.009009009009009009,
  "address": 0.0045045045045045045,
  "archiv": 0.009009009009009009,
  "blog": 0.009009009009009009,
  "chair": 0.009009009009009009,
  "charter": 0.009009009009009009,
  "code": 0.009009009009009009,
  "complet": 0.013513513513513514,
  "contribut": 0.0045045045045045045,
  "creat": 0.0045045045045045045,
  "deliver": 0.0045045045045045045,
  "describ": 0.0045045045045045045,
  "develop": 0.0045045045045045045,
  "discuss": 0.009009009009009009,
  "establish": 0.0045045045045045045,
  "event": 0.009009009009009009,
  "expect": 0.0045045045045045045,
  "form": 0.0045045045045045045,
  "gener": 0.0045045045045045045,
  "goal": 0.009009009009009009,
  "group": 0.02702702702702703,
  "guidelin": 0.009009009009009009,
  "help": 0.0045045045045045045,
  "improv": 0.0045045045045045045,
  "intend": 0.0045045045045045045,
  "interest": 0.009009009009009009,
  "lai": 0.0045045045045045045,
  "link": 0.009009009009009009,
  "list": 0.02252252252252252,
  "live": 0.0045045045045045045,
  "manag": 0.0045045045045045045,
  "mechan": 0.0045045045045045045,
  "mileston": 0.0045045045045045045,
  "natur": 0.0045045045045045045,
  "network": 0.0045045045045045045,
  "object": 0.0045045045045045045,
  "ongo": 0.0045045045045045045,
  "particip": 0.0045045045045045045,
  "polici": 0.0045045045045045045,
  "primari": 0.0045045045045045045,
  "principl": 0.0045045045045045045,
  "problem": 0.0045045045045045045,
  "process": 0.0045045045045045045,
  "properti": 0.0045045045045045045,
  "protocol": 0.0045045045045045045,
  "provid": 0.0045045045045045045,
  "recommend": 0.0045045045045045045,
  "relev": 0.0045045045045045045,
  "resourc": 0.009009009009009009,
  "right": 0.0045045045045045045,
  "scope": 0.0045045045045045045,
  "search": 0.009009009009009009,
  "short": 0.0045045045045045045,
  "specif": 0.013513513513513514,
  "standard": 0.013513513513513514,
  "state": 0.0045045045045045045,
  "technolog": 0.0045045045045045045,
  "termin": 0.0045045045045045045,
  "time": 0.0045045045045045045,
  "tool": 0.009009009009009009,
  "transport": 0.0045045045045045045,
  "typic": 0.009009009009009009,
  "will": 0.0045045045045045045,
  "work": 0.03153153153153153
}