{
  "101": 0.010416666666666666,
  "AMS": 0.005208333333333333,
  "About": 0.005208333333333333,
  "Architectur": 0.005208333333333333,
  "Area": 0.005208333333333333,
  "Autom": 0.005208333333333333,
  "Bird": 0.005208333333333333,
  "Blog": 0.010416666666666666,
  "Board": 0.005208333333333333,
  "Commun": 0.015625,
  "Contact": 0.010416666666666666,
  "Datatrack": 0.010416666666666666,
  "Draft": 0.005208333333333333,
  "Editor": 0.005208333333333333,
  "Email": 0.015625,
  "Feather": 0.005208333333333333,
  "For": 0.005208333333333333,
  "Go": 0.005208333333333333,
  "Group": 0.005208333333333333,
  "Hide": 0.005208333333333333,
  "How": 0.010416666666666666,
  "IAB": 0.015625,
  "IANA": 0.005208333333333333,
  "IAOC": 0.005208333333333333,
  "IESG": 0.010416666666666666,
  "IETF": 0.057291666666666664,
  "IRTF": 0.005208333333333333,
  "ISOC": 0.005208333333333333,
  "In": 0.010416666666666666,
  "Info": 0.005208333333333333,
  "Intellectu": 0.005208333333333333,
  "Internet": 0.026041666666666668,
  "Kei": 0.005208333333333333,
  "London": 0.010416666666666666,
  "Meet": 0.005208333333333333,
  "Mission": 0.005208333333333333,
  "New": 0.026041666666666668,
  "Non": 0.005208333333333333,
  "Online": 0.005208333333333333,
  "Particip": 0.005208333333333333,
  "Privaci": 0.005208333333333333,
  "Quick": 0.010416666666666666,
  "RFC": 0.010416666666666666,
  "Run": 0.005208333333333333,
  "Search": 0.036458333333333336,
  "Secretariat": 0.005208333333333333,
  "Standard": 0.005208333333333333,
  "Statement": 0.010416666666666666,
  "Support": 0.005208333333333333,
  "The": 0.005208333333333333,
  "Thing": 0.005208333333333333,
  "Though": 0.005208333333333333,
  "Tool": 0.010416666666666666,
  "Topic": 0.005208333333333333,
  "Trust": 0.005208333333333333,
  "WG": 0.010416666666666666,
  "Websit": 0.005208333333333333,
  "Who": 0.005208333333333333,
  "Work": 0.010416666666666666,
  "Workshop": 0.036458333333333336,
  "advanc": 0.005208333333333333,
  "archiv": 0.010416666666666666,
  "better": 0.005208333333333333,
  "blog": 0.010416666666666666,
  "chair": 0.010416666666666666,
  "code": 0.005208333333333333,
  "commun": 0.005208333333333333,
  "conclus": 0.005208333333333333,
  "detail": 0.005208333333333333,
  "discuss": 0.026041666666666668,
  "email": 0.005208333333333333,
  "emerg": 0.005208333333333333,
  "event": 0.010416666666666666,
  "focu": 0.005208333333333333,
  "formal": 0.005208333333333333,
  "gener": 0.005208333333333333,
  "group": 0.010416666666666666,
  "help": 0.005208333333333333,
  "highli": 0.005208333333333333,
  "inform": 0.005208333333333333,
  "interact": 0.005208333333333333,
  "interest": 0.010416666666666666,
  "intim": 0.005208333333333333,
  "link": 0.010416666666666666,
  "list": 0.026041666666666668,
  "manag": 0.005208333333333333,
  "meet": 0.005208333333333333,
  "network": 0.005208333333333333,
  "organ": 0.005208333333333333,
  "polici": 0.005208333333333333,
  "principl": 0.005208333333333333,
  "process": 0.005208333333333333,
  "properti": 0.005208333333333333,
  "provid": 0.015625,
  "report": 0.005208333333333333,
  "resourc": 0.010416666666666666,
  "result": 0.005208333333333333,
  "right": 0.005208333333333333,
  "search": 0.010416666666666666,
  "set": 0.005208333333333333,
  "short": 0.005208333333333333,
  "smaller": 0.005208333333333333,
  "special": 0.005208333333333333,
  "standard": 0.005208333333333333,
  "structur": 0.005208333333333333,
  "summari": 0.010416666666666666,
  "technic": 0.005208333333333333,
  "technolog": 0.005208333333333333,
  "tend": 0.005208333333333333,
  "tool": 0.005208333333333333,
  "topic": 0.015625,
  "transport": 0.005208333333333333,
  "work": 0.026041666666666668,
  "workshop": 0.015625
}