{
  "00": 0.012658227848101266,
  "101": 0.008438818565400843,
  "16": 0.004219409282700422,
  "17": 0.008438818565400843,
  "18": 0.004219409282700422,
  "19": 0.004219409282700422,
  "25": 0.004219409282700422,
  "26": 0.008438818565400843,
  "30": 0.008438818565400843,
  "42nd": 0.004219409282700422,
  "98": 0.016877637130801686,
  "A": 0.008438818565400843,
  "AMS": 0.004219409282700422,
  "Abiliti": 0.004219409282700422,
  "About": 0.004219409282700422,
  "An": 0.004219409282700422,
  "Any": 0.004219409282700422,
  "Area": 0.004219409282700422,
  "Autom": 0.004219409282700422,
  "Ballroom": 0.008438818565400843,
  "Benefit": 0.004219409282700422,
  "Blog": 0.008438818565400843,
  "Chicago": 0.008438818565400843,
  "Commun": 0.008438818565400843,
  "Companion": 0.03375527426160337,
  "Contact": 0.008438818565400843,
  "Datatrack": 0.008438818565400843,
  "Draft": 0.004219409282700422,
  "Editor": 0.004219409282700422,
  "Email": 0.012658227848101266,
  "Event": 0.004219409282700422,
  "Facebook": 0.004219409282700422,
  "Go": 0.004219409282700422,
  "Group": 0.008438818565400843,
  "Hide": 0.004219409282700422,
  "How": 0.008438818565400843,
  "IAB": 0.004219409282700422,
  "IANA": 0.004219409282700422,
  "IAOC": 0.004219409282700422,
  "IESG": 0.008438818565400843,
  "IETF": 0.07172995780590717,
  "IRTF": 0.004219409282700422,
  "ISOC": 0.004219409282700422,
  "If": 0.004219409282700422,
  "In": 0.008438818565400843,
  "Intellectu": 0.004219409282700422,
  "Internet": 0.012658227848101266,
  "Locat": 0.008438818565400843,
  "London": 0.008438818565400843,
  "Lucern": 0.004219409282700422,
  "March": 0.008438818565400843,
  "Matterhorn": 0.004219409282700422,
  "Meet": 0.012658227848101266,
  "Mission": 0.004219409282700422,
  "New": 0.02109704641350211,
  "Online": 0.004219409282700422,
  "Particip": 0.008438818565400843,
  "Past": 0.004219409282700422,
  "Privaci": 0.004219409282700422,
  "Program": 0.016877637130801686,
  "Quick": 0.008438818565400843,
  "RFC": 0.008438818565400843,
  "Recept": 0.004219409282700422,
  "Room": 0.004219409282700422,
  "Run": 0.004219409282700422,
  "Search": 0.029535864978902954,
  "Secretariat": 0.004219409282700422,
  "Standard": 0.004219409282700422,
  "Statement": 0.008438818565400843,
  "Sundai": 0.008438818565400843,
  "Support": 0.004219409282700422,
  "Swissotel": 0.008438818565400843,
  "The": 0.004219409282700422,
  "There": 0.004219409282700422,
  "Thing": 0.004219409282700422,
  "Tool": 0.008438818565400843,
  "Topic": 0.004219409282700422,
  "Trust": 0.004219409282700422,
  "USD": 0.004219409282700422,
  "WG": 0.008438818565400843,
  "Websit": 0.004219409282700422,
  "Welcom": 0.004219409282700422,
  "Who": 0.004219409282700422,
  "Work": 0.004219409282700422,
  "Your": 0.004219409282700422,
  "access": 0.004219409282700422,
  "ag": 0.004219409282700422,
  "archiv": 0.008438818565400843,
  "attend": 0.008438818565400843,
  "badg": 0.004219409282700422,
  "blog": 0.008438818565400843,
  "chair": 0.008438818565400843,
  "choos": 0.004219409282700422,
  "code": 0.004219409282700422,
  "companion": 0.016877637130801686,
  "depth": 0.004219409282700422,
  "discuss": 0.004219409282700422,
  "distinct": 0.004219409282700422,
  "email": 0.008438818565400843,
  "event": 0.008438818565400843,
  "excit": 0.004219409282700422,
  "famili": 0.004219409282700422,
  "floor": 0.004219409282700422,
  "free": 0.004219409282700422,
  "friend": 0.004219409282700422,
  "grant": 0.004219409282700422,
  "group": 0.004219409282700422,
  "includ": 0.004219409282700422,
  "interest": 0.004219409282700422,
  "join": 0.004219409282700422,
  "level": 0.004219409282700422,
  "link": 0.008438818565400843,
  "list": 0.02109704641350211,
  "manag": 0.004219409282700422,
  "meet": 0.008438818565400843,
  "member": 0.004219409282700422,
  "network": 0.004219409282700422,
  "offici": 0.004219409282700422,
  "onsit": 0.004219409282700422,
  "opportun": 0.004219409282700422,
  "particip": 0.004219409282700422,
  "plan": 0.004219409282700422,
  "polici": 0.004219409282700422,
  "principl": 0.004219409282700422,
  "process": 0.004219409282700422,
  "properti": 0.004219409282700422,
  "recept": 0.004219409282700422,
  "regist": 0.008438818565400843,
  "resourc": 0.008438818565400843,
  "right": 0.004219409282700422,
  "search": 0.008438818565400843,
  "separ": 0.004219409282700422,
  "session": 0.004219409282700422,
  "special": 0.004219409282700422,
  "standard": 0.004219409282700422,
  "technolog": 0.004219409282700422,
  "time": 0.004219409282700422,
  "tool": 0.004219409282700422,
  "transport": 0.004219409282700422,
  "travel": 0.004219409282700422,
  "venu": 0.004219409282700422,
  "websit": 0.004219409282700422,
  "work": 0.012658227848101266,
  "year": 0.004219409282700422
}