{
  "00": 0.022222222222222223,
  "101": 0.011111111111111112,
  "13": 0.005555555555555556,
  "14": 0.016666666666666666,
  "15": 0.005555555555555556,
  "16": 0.005555555555555556,
  "17": 0.005555555555555556,
  "2014": 0.011111111111111112,
  "50": 0.011111111111111112,
  "9": 0.011111111111111112,
  "91": 0.011111111111111112,
  "AMS": 0.005555555555555556,
  "About": 0.005555555555555556,
  "Advice": 0.005555555555555556,
  "Area": 0.011111111111111112,
  "Autom": 0.005555555555555556,
  "Blog": 0.011111111111111112,
  "Commun": 0.005555555555555556,
  "Contact": 0.011111111111111112,
  "Datatrack": 0.011111111111111112,
  "Draft": 0.005555555555555556,
  "Edite": 0.005555555555555556,
  "Editor": 0.005555555555555556,
  "EduTeam": 0.005555555555555556,
  "Email": 0.016666666666666666,
  "Emergenc": 0.005555555555555556,
  "Go": 0.005555555555555556,
  "Group": 0.005555555555555556,
  "HI": 0.005555555555555556,
  "Hide": 0.005555555555555556,
  "Honolulu": 0.016666666666666666,
  "How": 0.011111111111111112,
  "IAB": 0.005555555555555556,
  "IANA": 0.005555555555555556,
  "IAOC": 0.005555555555555556,
  "IESG": 0.011111111111111112,
  "IETF": 0.06111111111111111,
  "IRTF": 0.005555555555555556,
  "ISOC": 0.005555555555555556,
  "In": 0.005555555555555556,
  "Info": 0.005555555555555556,
  "Intellectu": 0.005555555555555556,
  "Internet": 0.016666666666666666,
  "Introduct": 0.005555555555555556,
  "Kei": 0.005555555555555556,
  "London": 0.011111111111111112,
  "Meet": 0.016666666666666666,
  "Mission": 0.005555555555555556,
  "New": 0.027777777777777776,
  "Newcom": 0.005555555555555556,
  "Novemb": 0.011111111111111112,
  "Online": 0.005555555555555556,
  "Particip": 0.011111111111111112,
  "Past": 0.005555555555555556,
  "Present": 0.005555555555555556,
  "Privaci": 0.005555555555555556,
  "Procedur": 0.005555555555555556,
  "Quick": 0.011111111111111112,
  "RFC": 0.011111111111111112,
  "Remot": 0.005555555555555556,
  "Run": 0.005555555555555556,
  "Search": 0.03888888888888889,
  "Secretariat": 0.005555555555555556,
  "Secur": 0.005555555555555556,
  "Session": 0.011111111111111112,
  "Skill": 0.005555555555555556,
  "Standard": 0.005555555555555556,
  "Statement": 0.011111111111111112,
  "Sundai": 0.005555555555555556,
  "Support": 0.005555555555555556,
  "The": 0.011111111111111112,
  "Thing": 0.005555555555555556,
  "Time": 0.016666666666666666,
  "Tool": 0.011111111111111112,
  "Topic": 0.005555555555555556,
  "Train": 0.005555555555555556,
  "Trust": 0.005555555555555556,
  "Tutori": 0.016666666666666666,
  "USA": 0.005555555555555556,
  "WG": 0.011111111111111112,
  "Websit": 0.005555555555555556,
  "Who": 0.005555555555555556,
  "Work": 0.005555555555555556,
  "YANG": 0.005555555555555556,
  "archiv": 0.011111111111111112,
  "attende": 0.005555555555555556,
  "blog": 0.011111111111111112,
  "chair": 0.011111111111111112,
  "code": 0.005555555555555556,
  "discuss": 0.005555555555555556,
  "event": 0.011111111111111112,
  "group": 0.005555555555555556,
  "held": 0.005555555555555556,
  "interest": 0.005555555555555556,
  "link": 0.011111111111111112,
  "list": 0.016666666666666666,
  "manag": 0.005555555555555556,
  "network": 0.005555555555555556,
  "open": 0.005555555555555556,
  "polici": 0.005555555555555556,
  "principl": 0.005555555555555556,
  "process": 0.005555555555555556,
  "properti": 0.005555555555555556,
  "resourc": 0.011111111111111112,
  "right": 0.005555555555555556,
  "search": 0.011111111111111112,
  "standard": 0.005555555555555556,
  "technolog": 0.005555555555555556,
  "tool": 0.005555555555555556,
  "transport": 0.005555555555555556,
  "will": 0.005555555555555556,
  "work": 0.011111111111111112
}