{
  "101": 0.005390835579514825,
  "12": 0.0026954177897574125,
  "13": 0.0026954177897574125,
  "15": 0.0026954177897574125,
  "20": 0.0026954177897574125,
  "2017": 0.0026954177897574125,
  "30": 0.0026954177897574125,
  "99": 0.016172506738544475,
  "A": 0.0026954177897574125,
  "AMS": 0.0026954177897574125,
  "About": 0.0026954177897574125,
  "Angele": 0.0026954177897574125,
  "Architect": 0.0026954177897574125,
  "Area": 0.005390835579514825,
  "Autom": 0.0026954177897574125,
  "BBC": 0.01078167115902965,
  "Bit": 0.0026954177897574125,
  "Bite": 0.0026954177897574125,
  "Blog": 0.005390835579514825,
  "CTA": 0.0026954177897574125,
  "Centric": 0.0026954177897574125,
  "Cisco": 0.008086253369272238,
  "Comcast": 0.0026954177897574125,
  "Commun": 0.0026954177897574125,
  "Comput": 0.0026954177897574125,
  "Congress": 0.0026954177897574125,
  "Contact": 0.005390835579514825,
  "Craig": 0.013477088948787063,
  "Datatrack": 0.005390835579514825,
  "Deen": 0.0026954177897574125,
  "Depart": 0.0026954177897574125,
  "Director": 0.005390835579514825,
  "Distinguish": 0.0026954177897574125,
  "Distribut": 0.0026954177897574125,
  "Draft": 0.0026954177897574125,
  "Drexel": 0.0026954177897574125,
  "Ecole": 0.0026954177897574125,
  "Editor": 0.0026954177897574125,
  "Email": 0.008086253369272238,
  "Engineer": 0.0026954177897574125,
  "Entertain": 0.0026954177897574125,
  "Fellow": 0.0026954177897574125,
  "GO": 0.0026954177897574125,
  "Gaurav": 0.008086253369272238,
  "Glenn": 0.005390835579514825,
  "Go": 0.0026954177897574125,
  "Group": 0.008086253369272238,
  "Hall": 0.0026954177897574125,
  "He": 0.005390835579514825,
  "Hi": 0.005390835579514825,
  "Hide": 0.0026954177897574125,
  "Host": 0.005390835579514825,
  "How": 0.005390835579514825,
  "IAB": 0.0026954177897574125,
  "IANA": 0.0026954177897574125,
  "IAOC": 0.0026954177897574125,
  "ICANN": 0.0026954177897574125,
  "IESG": 0.005390835579514825,
  "IETF": 0.04851752021563342,
  "IGF": 0.0026954177897574125,
  "III": 0.0026954177897574125,
  "IP": 0.005390835579514825,
  "IPv4": 0.0026954177897574125,
  "IPv6": 0.008086253369272238,
  "IRTF": 0.0026954177897574125,
  "ISOC": 0.0026954177897574125,
  "In": 0.005390835579514825,
  "Innovat": 0.0026954177897574125,
  "Intellectu": 0.0026954177897574125,
  "Internet": 0.013477088948787063,
  "Juli": 0.0026954177897574125,
  "Laboratori": 0.0026954177897574125,
  "Lead": 0.0026954177897574125,
  "Lo": 0.0026954177897574125,
  "Logist": 0.0026954177897574125,
  "London": 0.005390835579514825,
  "Lunch": 0.008086253369272238,
  "M3AAWG": 0.0026954177897574125,
  "Mark": 0.013477088948787063,
  "Media": 0.0026954177897574125,
  "Meet": 0.008086253369272238,
  "Mission": 0.0026954177897574125,
  "Moder": 0.0026954177897574125,
  "Much": 0.0026954177897574125,
  "N": 0.0026954177897574125,
  "NBCUnivers": 0.005390835579514825,
  "NOT": 0.0026954177897574125,
  "Naik": 0.008086253369272238,
  "Network": 0.005390835579514825,
  "New": 0.013477088948787063,
  "Often": 0.0026954177897574125,
  "Online": 0.005390835579514825,
  "Option": 0.0026954177897574125,
  "PA": 0.0026954177897574125,
  "PIRL": 0.0026954177897574125,
  "Panelist": 0.0026954177897574125,
  "Pari": 0.0026954177897574125,
  "Particip": 0.005390835579514825,
  "Past": 0.0026954177897574125,
  "Philadelphia": 0.0026954177897574125,
  "Polytechniqu": 0.0026954177897574125,
  "Pragu": 0.005390835579514825,
  "Privaci": 0.0026954177897574125,
  "Quick": 0.005390835579514825,
  "RFC": 0.005390835579514825,
  "Research": 0.0026954177897574125,
  "Room": 0.0026954177897574125,
  "Run": 0.0026954177897574125,
  "SDI": 0.0026954177897574125,
  "Scienc": 0.0026954177897574125,
  "Search": 0.018867924528301886,
  "Secretariat": 0.0026954177897574125,
  "Seri": 0.005390835579514825,
  "Speaker": 0.005390835579514825,
  "Sr": 0.0026954177897574125,
  "Standard": 0.0026954177897574125,
  "Statement": 0.005390835579514825,
  "Support": 0.0026954177897574125,
  "Taylor": 0.008086253369272238,
  "Technic": 0.0026954177897574125,
  "Technolog": 0.005390835579514825,
  "The": 0.008086253369272238,
  "Thing": 0.0026954177897574125,
  "Thursdai": 0.008086253369272238,
  "Time": 0.0026954177897574125,
  "Tool": 0.005390835579514825,
  "Topic": 0.005390835579514825,
  "Townslei": 0.008086253369272238,
  "Trust": 0.0026954177897574125,
  "Tutori": 0.0026954177897574125,
  "USA": 0.0026954177897574125,
  "Univers": 0.0026954177897574125,
  "Video": 0.0026954177897574125,
  "WG": 0.005390835579514825,
  "Websit": 0.0026954177897574125,
  "Who": 0.0026954177897574125,
  "Work": 0.005390835579514825,
  "abil": 0.0026954177897574125,
  "activ": 0.0026954177897574125,
  "advanc": 0.0026954177897574125,
  "ahead": 0.0026954177897574125,
  "applic": 0.005390835579514825,
  "archiv": 0.005390835579514825,
  "art": 0.0026954177897574125,
  "audio": 0.0026954177897574125,
  "base": 0.0026954177897574125,
  "blog": 0.005390835579514825,
  "bring": 0.0026954177897574125,
  "chair": 0.008086253369272238,
  "challeng": 0.008086253369272238,
  "code": 0.0026954177897574125,
  "colleagu": 0.0026954177897574125,
  "commun": 0.0026954177897574125,
  "comput": 0.0026954177897574125,
  "contribut": 0.0026954177897574125,
  "contributor": 0.0026954177897574125,
  "current": 0.0026954177897574125,
  "cyber": 0.0026954177897574125,
  "cybersecur": 0.0026954177897574125,
  "defin": 0.0026954177897574125,
  "deliveri": 0.0026954177897574125,
  "deploy": 0.0026954177897574125,
  "depth": 0.0026954177897574125,
  "design": 0.005390835579514825,
  "detail": 0.0026954177897574125,
  "discuss": 0.005390835579514825,
  "edg": 0.0026954177897574125,
  "enabl": 0.0026954177897574125,
  "engin": 0.0026954177897574125,
  "entertain": 0.0026954177897574125,
  "event": 0.005390835579514825,
  "explor": 0.0026954177897574125,
  "founder": 0.0026954177897574125,
  "group": 0.0026954177897574125,
  "industri": 0.0026954177897574125,
  "interest": 0.005390835579514825,
  "internet": 0.005390835579514825,
  "lead": 0.0026954177897574125,
  "liaison": 0.0026954177897574125,
  "link": 0.005390835579514825,
  "list": 0.008086253369272238,
  "long": 0.0026954177897574125,
  "manag": 0.0026954177897574125,
  "media": 0.008086253369272238,
  "move": 0.0026954177897574125,
  "multipl": 0.0026954177897574125,
  "network": 0.013477088948787063,
  "opportun": 0.0026954177897574125,
  "panel": 0.0026954177897574125,
  "passion": 0.0026954177897574125,
  "perform": 0.0026954177897574125,
  "perspect": 0.0026954177897574125,
  "platform": 0.008086253369272238,
  "polici": 0.0026954177897574125,
  "principl": 0.0026954177897574125,
  "process": 0.0026954177897574125,
  "product": 0.0026954177897574125,
  "professor": 0.005390835579514825,
  "program": 0.0026954177897574125,
  "properti": 0.0026954177897574125,
  "protocol": 0.008086253369272238,
  "provid": 0.0026954177897574125,
  "research": 0.0026954177897574125,
  "resourc": 0.005390835579514825,
  "respons": 0.0026954177897574125,
  "right": 0.0026954177897574125,
  "search": 0.005390835579514825,
  "secur": 0.005390835579514825,
  "serv": 0.0026954177897574125,
  "softwar": 0.0026954177897574125,
  "solv": 0.0026954177897574125,
  "span": 0.0026954177897574125,
  "specif": 0.0026954177897574125,
  "standard": 0.005390835579514825,
  "state": 0.0026954177897574125,
  "studio": 0.0026954177897574125,
  "technolog": 0.0026954177897574125,
  "term": 0.0026954177897574125,
  "time": 0.005390835579514825,
  "tool": 0.0026954177897574125,
  "transform": 0.005390835579514825,
  "transit": 0.0026954177897574125,
  "transport": 0.008086253369272238,
  "undergo": 0.0026954177897574125,
  "unthink": 0.0026954177897574125,
  "video": 0.005390835579514825,
  "wai": 0.005390835579514825,
  "web": 0.0026954177897574125,
  "will": 0.005390835579514825,
  "work": 0.01078167115902965
}