{
  "100": 0.01875,
  "101": 0.00625,
  "3": 0.003125,
  "91": 0.003125,
  "AMS": 0.003125,
  "About": 0.003125,
  "Architect": 0.009375,
  "Area": 0.00625,
  "At": 0.003125,
  "Autom": 0.003125,
  "BFD": 0.003125,
  "Biographi": 0.003125,
  "Blog": 0.00625,
  "CTO": 0.003125,
  "Chief": 0.009375,
  "Cisco": 0.00625,
  "Commun": 0.00625,
  "Contact": 0.00625,
  "Croix": 0.003125,
  "Cruz": 0.003125,
  "Datatrack": 0.00625,
  "Dave": 0.0125,
  "David": 0.00625,
  "Director": 0.003125,
  "Doe": 0.003125,
  "Download": 0.003125,
  "Draft": 0.003125,
  "Editor": 0.003125,
  "Email": 0.009375,
  "Engineer": 0.003125,
  "Event": 0.003125,
  "Fellow": 0.003125,
  "Go": 0.003125,
  "Group": 0.00625,
  "HIP": 0.003125,
  "He": 0.003125,
  "Hide": 0.003125,
  "Host": 0.00625,
  "Hotel": 0.003125,
  "How": 0.009375,
  "IAB": 0.003125,
  "IANA": 0.003125,
  "IAOC": 0.003125,
  "IESG": 0.00625,
  "IETF": 0.053125,
  "IRTF": 0.003125,
  "IS": 0.00625,
  "ISOC": 0.003125,
  "ITU": 0.003125,
  "In": 0.003125,
  "Info": 0.003125,
  "Intellectu": 0.003125,
  "Internet": 0.009375,
  "Junip": 0.003125,
  "Kei": 0.003125,
  "London": 0.00625,
  "Loop": 0.003125,
  "Lunch": 0.00625,
  "Mail": 0.003125,
  "Meet": 0.0125,
  "Mission": 0.003125,
  "Mountain": 0.003125,
  "New": 0.015625,
  "Newcom": 0.003125,
  "ONF": 0.003125,
  "Online": 0.003125,
  "Open": 0.028125,
  "Particip": 0.00625,
  "Past": 0.003125,
  "Photograph": 0.003125,
  "Presid": 0.003125,
  "Privaci": 0.003125,
  "Quick": 0.00625,
  "RFC": 0.00625,
  "Read": 0.003125,
  "Remot": 0.003125,
  "River": 0.003125,
  "Rout": 0.003125,
  "Run": 0.003125,
  "SDO": 0.003125,
  "Santa": 0.003125,
  "Search": 0.021875,
  "Secretariat": 0.003125,
  "Senior": 0.003125,
  "Seri": 0.00625,
  "Singapor": 0.00625,
  "Social": 0.003125,
  "Softwir": 0.003125,
  "Somerset": 0.003125,
  "Sourc": 0.01875,
  "Speaker": 0.009375,
  "St": 0.003125,
  "Standard": 0.0125,
  "Statement": 0.00625,
  "Stonehous": 0.003125,
  "Support": 0.003125,
  "System": 0.003125,
  "T": 0.003125,
  "The": 0.003125,
  "There": 0.003125,
  "Thing": 0.003125,
  "Three": 0.003125,
  "Thursdai": 0.00625,
  "Tool": 0.00625,
  "Topic": 0.00625,
  "Trust": 0.003125,
  "Venu": 0.003125,
  "Vice": 0.003125,
  "Video": 0.003125,
  "WG": 0.00625,
  "Ward": 0.00625,
  "Websit": 0.003125,
  "Who": 0.003125,
  "Wisconsin": 0.003125,
  "Work": 0.009375,
  "academia": 0.003125,
  "architectur": 0.003125,
  "archiv": 0.00625,
  "assert": 0.003125,
  "blog": 0.009375,
  "build": 0.003125,
  "chair": 0.009375,
  "chang": 0.003125,
  "claim": 0.00625,
  "code": 0.003125,
  "commun": 0.00625,
  "consortia": 0.003125,
  "content": 0.003125,
  "custom": 0.003125,
  "de": 0.003125,
  "defin": 0.00625,
  "deploy": 0.003125,
  "develop": 0.015625,
  "discuss": 0.00625,
  "document": 0.003125,
  "effect": 0.003125,
  "effort": 0.003125,
  "emphat": 0.003125,
  "engin": 0.003125,
  "event": 0.00625,
  "facto": 0.003125,
  "failur": 0.003125,
  "farm": 0.003125,
  "form": 0.003125,
  "fulli": 0.00625,
  "fundament": 0.003125,
  "gener": 0.003125,
  "govern": 0.003125,
  "group": 0.003125,
  "heirloom": 0.003125,
  "industri": 0.003125,
  "initi": 0.003125,
  "innov": 0.003125,
  "inspir": 0.003125,
  "interact": 0.003125,
  "interest": 0.003125,
  "larg": 0.003125,
  "lead": 0.00625,
  "lifecycl": 0.003125,
  "link": 0.00625,
  "list": 0.0125,
  "manag": 0.003125,
  "network": 0.003125,
  "oper": 0.003125,
  "outrag": 0.003125,
  "partner": 0.003125,
  "partnership": 0.003125,
  "polici": 0.003125,
  "principl": 0.003125,
  "process": 0.00625,
  "progress": 0.003125,
  "proof": 0.003125,
  "properti": 0.003125,
  "proven": 0.003125,
  "relationship": 0.003125,
  "resourc": 0.00625,
  "respons": 0.003125,
  "right": 0.003125,
  "rout": 0.003125,
  "search": 0.00625,
  "slide": 0.003125,
  "small": 0.003125,
  "standard": 0.0125,
  "strategi": 0.00625,
  "success": 0.003125,
  "system": 0.00625,
  "technolog": 0.00625,
  "tight": 0.003125,
  "tomato": 0.003125,
  "tool": 0.003125,
  "topic": 0.003125,
  "transport": 0.003125,
  "vineyard": 0.003125,
  "work": 0.0125,
  "year": 0.00625
}