{
  "100": 0.0029585798816568047,
  "101": 0.005917159763313609,
  "18": 0.0029585798816568047,
  "19": 0.0029585798816568047,
  "87": 0.0029585798816568047,
  "93": 0.005917159763313609,
  "93hackathon": 0.0029585798816568047,
  "AMS": 0.0029585798816568047,
  "About": 0.0029585798816568047,
  "Addition": 0.0029585798816568047,
  "Area": 0.0029585798816568047,
  "Attende": 0.005917159763313609,
  "Autom": 0.0029585798816568047,
  "Berlin": 0.0029585798816568047,
  "Blog": 0.005917159763313609,
  "Champion": 0.008875739644970414,
  "Chez": 0.0029585798816568047,
  "Commun": 0.0029585798816568047,
  "Contact": 0.005917159763313609,
  "Datatrack": 0.005917159763313609,
  "Don": 0.0029585798816568047,
  "Draft": 0.0029585798816568047,
  "Editor": 0.0029585798816568047,
  "Email": 0.008875739644970414,
  "Engineer": 0.0029585798816568047,
  "Forc": 0.0029585798816568047,
  "Fridai": 0.0029585798816568047,
  "Get": 0.0029585798816568047,
  "Go": 0.0029585798816568047,
  "Group": 0.0029585798816568047,
  "HERE": 0.0029585798816568047,
  "Hack": 0.0029585798816568047,
  "Hackathon": 0.04142011834319527,
  "Hide": 0.0029585798816568047,
  "Hilton": 0.0029585798816568047,
  "How": 0.005917159763313609,
  "IAB": 0.0029585798816568047,
  "IANA": 0.0029585798816568047,
  "IAOC": 0.0029585798816568047,
  "IESG": 0.005917159763313609,
  "IETF": 0.06804733727810651,
  "IRTF": 0.0029585798816568047,
  "ISOC": 0.0029585798816568047,
  "If": 0.005917159763313609,
  "In": 0.0029585798816568047,
  "Info": 0.0029585798816568047,
  "Intellectu": 0.0029585798816568047,
  "Internet": 0.011834319526627219,
  "Juli": 0.005917159763313609,
  "Keep": 0.0029585798816568047,
  "Kei": 0.0029585798816568047,
  "List": 0.0029585798816568047,
  "London": 0.008875739644970414,
  "Loui": 0.0029585798816568047,
  "Make": 0.0029585798816568047,
  "Meet": 0.0029585798816568047,
  "MeetingWiki": 0.0029585798816568047,
  "Mission": 0.0029585798816568047,
  "New": 0.014792899408284023,
  "Note": 0.0029585798816568047,
  "Online": 0.0029585798816568047,
  "Particip": 0.0029585798816568047,
  "Plan": 0.0029585798816568047,
  "Pragu": 0.011834319526627219,
  "Prepar": 0.0029585798816568047,
  "Privaci": 0.0029585798816568047,
  "Quick": 0.005917159763313609,
  "RFC": 0.005917159763313609,
  "Room": 0.0029585798816568047,
  "Run": 0.005917159763313609,
  "Saturdai": 0.005917159763313609,
  "Search": 0.020710059171597635,
  "Secretariat": 0.0029585798816568047,
  "Send": 0.0029585798816568047,
  "Seoul": 0.0029585798816568047,
  "Signup": 0.0029585798816568047,
  "Singapor": 0.0029585798816568047,
  "Standard": 0.0029585798816568047,
  "Statement": 0.005917159763313609,
  "Subscrib": 0.0029585798816568047,
  "Sundai": 0.005917159763313609,
  "Support": 0.0029585798816568047,
  "Task": 0.0029585798816568047,
  "Technolog": 0.0029585798816568047,
  "The": 0.011834319526627219,
  "Then": 0.0029585798816568047,
  "Thing": 0.0029585798816568047,
  "To": 0.0029585798816568047,
  "Tool": 0.005917159763313609,
  "Topic": 0.0029585798816568047,
  "Trust": 0.0029585798816568047,
  "View": 0.0029585798816568047,
  "WG": 0.005917159763313609,
  "Websit": 0.0029585798816568047,
  "When": 0.0029585798816568047,
  "Where": 0.0029585798816568047,
  "Who": 0.0029585798816568047,
  "Work": 0.0029585798816568047,
  "You": 0.0029585798816568047,
  "account": 0.0029585798816568047,
  "add": 0.008875739644970414,
  "answer": 0.0029585798816568047,
  "archiv": 0.005917159763313609,
  "arriv": 0.0029585798816568047,
  "attend": 0.005917159763313609,
  "attende": 0.0029585798816568047,
  "blog": 0.005917159763313609,
  "bottom": 0.005917159763313609,
  "button": 0.005917159763313609,
  "chair": 0.005917159763313609,
  "champion": 0.005917159763313609,
  "choos": 0.005917159763313609,
  "click": 0.005917159763313609,
  "code": 0.008875739644970414,
  "collabor": 0.0029585798816568047,
  "content": 0.0029585798816568047,
  "contribut": 0.0029585798816568047,
  "convers": 0.0029585798816568047,
  "copiou": 0.0029585798816568047,
  "corner": 0.005917159763313609,
  "current": 0.0029585798816568047,
  "develop": 0.005917159763313609,
  "discuss": 0.005917159763313609,
  "email": 0.0029585798816568047,
  "encourag": 0.0029585798816568047,
  "event": 0.0029585798816568047,
  "exist": 0.0029585798816568047,
  "familiar": 0.0029585798816568047,
  "find": 0.0029585798816568047,
  "free": 0.005917159763313609,
  "gener": 0.0029585798816568047,
  "great": 0.0029585798816568047,
  "group": 0.0029585798816568047,
  "hackathon": 0.011834319526627219,
  "hackathonregistr": 0.0029585798816568047,
  "help": 0.005917159763313609,
  "hold": 0.0029585798816568047,
  "http": 0.008875739644970414,
  "idea": 0.0029585798816568047,
  "ietf": 0.014792899408284023,
  "ietf93": 0.0029585798816568047,
  "implement": 0.0029585798816568047,
  "individu": 0.0029585798816568047,
  "interest": 0.008875739644970414,
  "introduc": 0.0029585798816568047,
  "limit": 0.0029585798816568047,
  "link": 0.005917159763313609,
  "list": 0.01775147928994083,
  "listinfo": 0.0029585798816568047,
  "locat": 0.0029585798816568047,
  "login": 0.008875739644970414,
  "mailman": 0.0029585798816568047,
  "manag": 0.0029585798816568047,
  "meet": 0.005917159763313609,
  "network": 0.0029585798816568047,
  "ongo": 0.0029585798816568047,
  "org": 0.014792899408284023,
  "overview": 0.0029585798816568047,
  "particip": 0.005917159763313609,
  "password": 0.005917159763313609,
  "peopl": 0.0029585798816568047,
  "polici": 0.0029585798816568047,
  "potenti": 0.0029585798816568047,
  "practic": 0.0029585798816568047,
  "prefer": 0.0029585798816568047,
  "present": 0.0029585798816568047,
  "principl": 0.0029585798816568047,
  "process": 0.0029585798816568047,
  "project": 0.0029585798816568047,
  "properti": 0.0029585798816568047,
  "py": 0.0029585798816568047,
  "question": 0.0029585798816568047,
  "regist": 0.0029585798816568047,
  "registr": 0.005917159763313609,
  "request": 0.0029585798816568047,
  "resourc": 0.005917159763313609,
  "right": 0.0029585798816568047,
  "run": 0.0029585798816568047,
  "sampl": 0.0029585798816568047,
  "search": 0.005917159763313609,
  "send": 0.005917159763313609,
  "setup": 0.0029585798816568047,
  "sign": 0.0029585798816568047,
  "solut": 0.0029585798816568047,
  "standard": 0.005917159763313609,
  "subscrib": 0.0029585798816568047,
  "t": 0.0029585798816568047,
  "technolog": 0.026627218934911243,
  "thing": 0.0029585798816568047,
  "time": 0.005917159763313609,
  "tip": 0.0029585798816568047,
  "tool": 0.0029585798816568047,
  "transport": 0.0029585798816568047,
  "util": 0.0029585798816568047,
  "volunt": 0.0029585798816568047,
  "wiki": 0.011834319526627219,
  "work": 0.008875739644970414
}