{
  "101": 0.009302325581395349,
  "A": 0.004651162790697674,
  "AMS": 0.004651162790697674,
  "About": 0.009302325581395349,
  "Administr": 0.004651162790697674,
  "Architectur": 0.004651162790697674,
  "Area": 0.004651162790697674,
  "Autom": 0.004651162790697674,
  "Blog": 0.009302325581395349,
  "Board": 0.004651162790697674,
  "Code": 0.013953488372093023,
  "Committe": 0.009302325581395349,
  "Commun": 0.004651162790697674,
  "Contact": 0.009302325581395349,
  "Datatrack": 0.018604651162790697,
  "Director": 0.004651162790697674,
  "Draft": 0.013953488372093023,
  "Editor": 0.004651162790697674,
  "Email": 0.013953488372093023,
  "Engineer": 0.004651162790697674,
  "Forc": 0.004651162790697674,
  "Go": 0.004651162790697674,
  "Group": 0.018604651162790697,
  "Hide": 0.004651162790697674,
  "How": 0.004651162790697674,
  "IAB": 0.004651162790697674,
  "IANA": 0.004651162790697674,
  "IAOC": 0.004651162790697674,
  "IESG": 0.009302325581395349,
  "IETF": 0.10232558139534884,
  "IRTF": 0.004651162790697674,
  "ISOC": 0.004651162790697674,
  "In": 0.004651162790697674,
  "Info": 0.004651162790697674,
  "Intellectu": 0.004651162790697674,
  "Internet": 0.037209302325581395,
  "Kei": 0.004651162790697674,
  "London": 0.009302325581395349,
  "Meet": 0.004651162790697674,
  "Mission": 0.004651162790697674,
  "New": 0.023255813953488372,
  "Nomin": 0.004651162790697674,
  "Online": 0.004651162790697674,
  "Operat": 0.004651162790697674,
  "Particip": 0.004651162790697674,
  "Privaci": 0.004651162790697674,
  "Quick": 0.009302325581395349,
  "RFC": 0.013953488372093023,
  "Research": 0.004651162790697674,
  "Run": 0.004651162790697674,
  "Search": 0.03255813953488372,
  "Secretariat": 0.004651162790697674,
  "See": 0.004651162790697674,
  "Sprint": 0.013953488372093023,
  "Standard": 0.004651162790697674,
  "Statement": 0.009302325581395349,
  "Steer": 0.004651162790697674,
  "Support": 0.004651162790697674,
  "Task": 0.004651162790697674,
  "Team": 0.027906976744186046,
  "The": 0.018604651162790697,
  "Thing": 0.004651162790697674,
  "Tool": 0.046511627906976744,
  "Topic": 0.004651162790697674,
  "Trust": 0.009302325581395349,
  "WG": 0.009302325581395349,
  "Websit": 0.004651162790697674,
  "Who": 0.004651162790697674,
  "Work": 0.004651162790697674,
  "ad": 0.004651162790697674,
  "archiv": 0.009302325581395349,
  "author": 0.004651162790697674,
  "blog": 0.009302325581395349,
  "bring": 0.004651162790697674,
  "chair": 0.009302325581395349,
  "code": 0.004651162790697674,
  "commun": 0.004651162790697674,
  "develop": 0.013953488372093023,
  "discuss": 0.004651162790697674,
  "event": 0.004651162790697674,
  "exist": 0.004651162790697674,
  "focu": 0.004651162790697674,
  "function": 0.004651162790697674,
  "group": 0.009302325581395349,
  "improv": 0.004651162790697674,
  "interest": 0.004651162790697674,
  "link": 0.009302325581395349,
  "list": 0.013953488372093023,
  "main": 0.004651162790697674,
  "manag": 0.004651162790697674,
  "meet": 0.004651162790697674,
  "network": 0.004651162790697674,
  "offici": 0.004651162790697674,
  "organ": 0.004651162790697674,
  "particip": 0.004651162790697674,
  "polici": 0.004651162790697674,
  "principl": 0.004651162790697674,
  "process": 0.009302325581395349,
  "progress": 0.004651162790697674,
  "properti": 0.004651162790697674,
  "repositori": 0.004651162790697674,
  "resourc": 0.009302325581395349,
  "right": 0.004651162790697674,
  "search": 0.009302325581395349,
  "sign": 0.004651162790697674,
  "standard": 0.004651162790697674,
  "support": 0.009302325581395349,
  "team": 0.009302325581395349,
  "technolog": 0.004651162790697674,
  "tool": 0.018604651162790697,
  "transport": 0.004651162790697674,
  "volunt": 0.004651162790697674,
  "work": 0.018604651162790697
}