{
  "101": 0.009478672985781991,
  "15": 0.004739336492890996,
  "2005": 0.004739336492890996,
  "AMS": 0.004739336492890996,
  "About": 0.009478672985781991,
  "Administr": 0.004739336492890996,
  "Architectur": 0.004739336492890996,
  "Area": 0.004739336492890996,
  "Autom": 0.004739336492890996,
  "Blog": 0.009478672985781991,
  "Board": 0.004739336492890996,
  "Committe": 0.009478672985781991,
  "Commun": 0.004739336492890996,
  "Contact": 0.009478672985781991,
  "Corpor": 0.004739336492890996,
  "Datatrack": 0.009478672985781991,
  "Decemb": 0.004739336492890996,
  "Director": 0.004739336492890996,
  "Draft": 0.004739336492890996,
  "Editor": 0.004739336492890996,
  "Email": 0.014218009478672985,
  "Engineer": 0.009478672985781991,
  "Forc": 0.009478672985781991,
  "Go": 0.004739336492890996,
  "Group": 0.018957345971563982,
  "Hide": 0.004739336492890996,
  "How": 0.004739336492890996,
  "IAB": 0.004739336492890996,
  "IANA": 0.004739336492890996,
  "IAOC": 0.004739336492890996,
  "IESG": 0.009478672985781991,
  "IETF": 0.07582938388625593,
  "IRTF": 0.004739336492890996,
  "ISOC": 0.004739336492890996,
  "In": 0.004739336492890996,
  "Info": 0.004739336492890996,
  "Initi": 0.004739336492890996,
  "Initial": 0.004739336492890996,
  "Intellectu": 0.004739336492890996,
  "Internet": 0.052132701421800945,
  "Kei": 0.004739336492890996,
  "London": 0.009478672985781991,
  "Meet": 0.004739336492890996,
  "Mission": 0.004739336492890996,
  "More": 0.004739336492890996,
  "Nation": 0.004739336492890996,
  "New": 0.023696682464454975,
  "Nomin": 0.004739336492890996,
  "Online": 0.004739336492890996,
  "Operat": 0.004739336492890996,
  "Particip": 0.004739336492890996,
  "Privaci": 0.004739336492890996,
  "Quick": 0.009478672985781991,
  "RFC": 0.009478672985781991,
  "Research": 0.009478672985781991,
  "Run": 0.004739336492890996,
  "Search": 0.03317535545023697,
  "Secretariat": 0.004739336492890996,
  "Societi": 0.004739336492890996,
  "Standard": 0.004739336492890996,
  "Statement": 0.009478672985781991,
  "Steer": 0.004739336492890996,
  "Support": 0.004739336492890996,
  "Task": 0.009478672985781991,
  "Team": 0.004739336492890996,
  "The": 0.018957345971563982,
  "Thing": 0.004739336492890996,
  "Tool": 0.014218009478672985,
  "Topic": 0.004739336492890996,
  "Trust": 0.03317535545023697,
  "Truste": 0.004739336492890996,
  "WG": 0.009478672985781991,
  "Websit": 0.004739336492890996,
  "Who": 0.004739336492890996,
  "Work": 0.004739336492890996,
  "acquir": 0.009478672985781991,
  "administr": 0.004739336492890996,
  "advanc": 0.009478672985781991,
  "archiv": 0.009478672985781991,
  "associ": 0.004739336492890996,
  "blog": 0.009478672985781991,
  "chair": 0.009478672985781991,
  "code": 0.004739336492890996,
  "connect": 0.009478672985781991,
  "creat": 0.009478672985781991,
  "discuss": 0.004739336492890996,
  "educ": 0.004739336492890996,
  "event": 0.004739336492890996,
  "exist": 0.004739336492890996,
  "futur": 0.004739336492890996,
  "group": 0.004739336492890996,
  "hold": 0.009478672985781991,
  "includ": 0.004739336492890996,
  "intellectu": 0.009478672985781991,
  "interest": 0.009478672985781991,
  "licens": 0.004739336492890996,
  "link": 0.009478672985781991,
  "list": 0.014218009478672985,
  "maintain": 0.009478672985781991,
  "manag": 0.004739336492890996,
  "network": 0.004739336492890996,
  "polici": 0.004739336492890996,
  "principl": 0.004739336492890996,
  "process": 0.009478672985781991,
  "properti": 0.023696682464454975,
  "public": 0.004739336492890996,
  "purpos": 0.004739336492890996,
  "resourc": 0.009478672985781991,
  "right": 0.004739336492890996,
  "scienc": 0.004739336492890996,
  "search": 0.009478672985781991,
  "settlor": 0.004739336492890996,
  "standard": 0.014218009478672985,
  "technolog": 0.014218009478672985,
  "tool": 0.004739336492890996,
  "transport": 0.004739336492890996,
  "trust": 0.004739336492890996,
  "websit": 0.004739336492890996,
  "work": 0.004739336492890996
}