{
  "101": 0.01020408163265306,
  "84Slide": 0.00510204081632653,
  "90": 0.00510204081632653,
  "AMS": 0.00510204081632653,
  "About": 0.01020408163265306,
  "Area": 0.00510204081632653,
  "Autom": 0.00510204081632653,
  "Blog": 0.01020408163265306,
  "Commun": 0.00510204081632653,
  "Contact": 0.01020408163265306,
  "Creat": 0.00510204081632653,
  "Datatrack": 0.01020408163265306,
  "Design": 0.00510204081632653,
  "Document": 0.00510204081632653,
  "Draft": 0.02040816326530612,
  "Editor": 0.00510204081632653,
  "Email": 0.015306122448979591,
  "Go": 0.00510204081632653,
  "Group": 0.01020408163265306,
  "Hide": 0.00510204081632653,
  "How": 0.00510204081632653,
  "IAB": 0.00510204081632653,
  "IANA": 0.00510204081632653,
  "IAOC": 0.00510204081632653,
  "IESG": 0.01020408163265306,
  "IETF": 0.09693877551020408,
  "IRTF": 0.00510204081632653,
  "ISOC": 0.00510204081632653,
  "In": 0.00510204081632653,
  "Info": 0.00510204081632653,
  "Intellectu": 0.00510204081632653,
  "Internet": 0.03571428571428571,
  "Kei": 0.00510204081632653,
  "London": 0.01020408163265306,
  "Meet": 0.00510204081632653,
  "Mission": 0.00510204081632653,
  "New": 0.025510204081632654,
  "Online": 0.00510204081632653,
  "Particip": 0.01020408163265306,
  "Present": 0.00510204081632653,
  "Privaci": 0.01020408163265306,
  "Process": 0.01020408163265306,
  "Protocol": 0.00510204081632653,
  "Quick": 0.01020408163265306,
  "RFC": 0.025510204081632654,
  "Run": 0.00510204081632653,
  "Search": 0.03571428571428571,
  "Secretariat": 0.00510204081632653,
  "Slide": 0.00510204081632653,
  "Standard": 0.00510204081632653,
  "Statement": 0.01020408163265306,
  "Support": 0.00510204081632653,
  "The": 0.01020408163265306,
  "Thi": 0.00510204081632653,
  "Thing": 0.00510204081632653,
  "Tool": 0.030612244897959183,
  "Topic": 0.00510204081632653,
  "Trust": 0.00510204081632653,
  "Tutori": 0.015306122448979591,
  "Video": 0.00510204081632653,
  "WG": 0.01020408163265306,
  "Websit": 0.00510204081632653,
  "Who": 0.00510204081632653,
  "Work": 0.01020408163265306,
  "Write": 0.00510204081632653,
  "YAML": 0.00510204081632653,
  "archiv": 0.01020408163265306,
  "bit": 0.00510204081632653,
  "blog": 0.01020408163265306,
  "chair": 0.01020408163265306,
  "code": 0.00510204081632653,
  "creat": 0.00510204081632653,
  "demonstr": 0.00510204081632653,
  "discuss": 0.00510204081632653,
  "edit": 0.00510204081632653,
  "essenti": 0.00510204081632653,
  "event": 0.00510204081632653,
  "function": 0.00510204081632653,
  "group": 0.00510204081632653,
  "help": 0.00510204081632653,
  "intend": 0.00510204081632653,
  "interest": 0.00510204081632653,
  "leadership": 0.00510204081632653,
  "link": 0.01020408163265306,
  "list": 0.015306122448979591,
  "manag": 0.00510204081632653,
  "markdown": 0.00510204081632653,
  "network": 0.00510204081632653,
  "orient": 0.01020408163265306,
  "overview": 0.00510204081632653,
  "particip": 0.00510204081632653,
  "polici": 0.00510204081632653,
  "present": 0.00510204081632653,
  "principl": 0.00510204081632653,
  "process": 0.00510204081632653,
  "properti": 0.00510204081632653,
  "provid": 0.00510204081632653,
  "resourc": 0.01020408163265306,
  "right": 0.00510204081632653,
  "search": 0.01020408163265306,
  "shepherd": 0.00510204081632653,
  "short": 0.00510204081632653,
  "skill": 0.00510204081632653,
  "standard": 0.00510204081632653,
  "team": 0.00510204081632653,
  "technolog": 0.00510204081632653,
  "tool": 0.030612244897959183,
  "train": 0.02040816326530612,
  "transport": 0.00510204081632653,
  "tutori": 0.015306122448979591,
  "work": 0.00510204081632653
}