{
  "101": 0.009950248756218905,
  "AMS": 0.004975124378109453,
  "About": 0.009950248756218905,
  "Area": 0.004975124378109453,
  "Autom": 0.004975124378109453,
  "Blog": 0.009950248756218905,
  "Bradner": 0.004975124378109453,
  "Commun": 0.004975124378109453,
  "Contact": 0.009950248756218905,
  "Datatrack": 0.009950248756218905,
  "Draft": 0.004975124378109453,
  "Editor": 0.004975124378109453,
  "Email": 0.014925373134328358,
  "Engineer": 0.009950248756218905,
  "Extension": 0.009950248756218905,
  "Forc": 0.009950248756218905,
  "Go": 0.004975124378109453,
  "Group": 0.004975124378109453,
  "Harvard": 0.009950248756218905,
  "How": 0.004975124378109453,
  "IAB": 0.004975124378109453,
  "IANA": 0.004975124378109453,
  "IAOC": 0.004975124378109453,
  "IESG": 0.009950248756218905,
  "IETF": 0.0845771144278607,
  "IRTF": 0.004975124378109453,
  "ISOC": 0.004975124378109453,
  "Intellectu": 0.004975124378109453,
  "Internet": 0.024875621890547265,
  "London": 0.009950248756218905,
  "Meet": 0.004975124378109453,
  "Mission": 0.004975124378109453,
  "New": 0.024875621890547265,
  "Newcom": 0.024875621890547265,
  "Online": 0.004975124378109453,
  "Particip": 0.009950248756218905,
  "Privaci": 0.004975124378109453,
  "Quick": 0.009950248756218905,
  "RFC": 0.009950248756218905,
  "Run": 0.004975124378109453,
  "School": 0.009950248756218905,
  "Scott": 0.004975124378109453,
  "Search": 0.03482587064676617,
  "Secretariat": 0.004975124378109453,
  "Standard": 0.004975124378109453,
  "Statement": 0.009950248756218905,
  "Sundai": 0.004975124378109453,
  "Support": 0.004975124378109453,
  "Task": 0.009950248756218905,
  "The": 0.014925373134328358,
  "These": 0.004975124378109453,
  "Thi": 0.004975124378109453,
  "Thing": 0.004975124378109453,
  "Tool": 0.009950248756218905,
  "Topic": 0.004975124378109453,
  "Train": 0.004975124378109453,
  "Trust": 0.004975124378109453,
  "Tutori": 0.004975124378109453,
  "Univers": 0.004975124378109453,
  "WG": 0.009950248756218905,
  "Websit": 0.004975124378109453,
  "Who": 0.004975124378109453,
  "Work": 0.004975124378109453,
  "YouTub": 0.004975124378109453,
  "agre": 0.004975124378109453,
  "archiv": 0.009950248756218905,
  "aspect": 0.009950248756218905,
  "bite": 0.004975124378109453,
  "blog": 0.009950248756218905,
  "caption": 0.004975124378109453,
  "chair": 0.009950248756218905,
  "channel": 0.004975124378109453,
  "class": 0.004975124378109453,
  "close": 0.004975124378109453,
  "code": 0.004975124378109453,
  "design": 0.004975124378109453,
  "discuss": 0.004975124378109453,
  "event": 0.004975124378109453,
  "gener": 0.004975124378109453,
  "gracious": 0.004975124378109453,
  "group": 0.004975124378109453,
  "histori": 0.009950248756218905,
  "interest": 0.004975124378109453,
  "introduct": 0.009950248756218905,
  "introductori": 0.004975124378109453,
  "languag": 0.004975124378109453,
  "link": 0.009950248756218905,
  "list": 0.014925373134328358,
  "local": 0.004975124378109453,
  "manag": 0.004975124378109453,
  "meet": 0.009950248756218905,
  "network": 0.004975124378109453,
  "number": 0.009950248756218905,
  "onlin": 0.004975124378109453,
  "oper": 0.009950248756218905,
  "place": 0.004975124378109453,
  "playlist": 0.004975124378109453,
  "polici": 0.004975124378109453,
  "present": 0.009950248756218905,
  "principl": 0.004975124378109453,
  "process": 0.004975124378109453,
  "produc": 0.004975124378109453,
  "properti": 0.004975124378109453,
  "resourc": 0.009950248756218905,
  "revis": 0.004975124378109453,
  "right": 0.004975124378109453,
  "search": 0.009950248756218905,
  "seri": 0.004975124378109453,
  "size": 0.004975124378109453,
  "standard": 0.004975124378109453,
  "structur": 0.009950248756218905,
  "technolog": 0.004975124378109453,
  "tool": 0.004975124378109453,
  "train": 0.004975124378109453,
  "transport": 0.004975124378109453,
  "tutori": 0.029850746268656716,
  "video": 0.014925373134328358,
  "view": 0.009950248756218905,
  "work": 0.004975124378109453,
  "year": 0.004975124378109453
}