{
  "101": 0.010810810810810811,
  "AMS": 0.005405405405405406,
  "About": 0.005405405405405406,
  "Area": 0.005405405405405406,
  "Autom": 0.005405405405405406,
  "Bird": 0.016216216216216217,
  "Blog": 0.010810810810810811,
  "BoF": 0.005405405405405406,
  "Commun": 0.021621621621621623,
  "Contact": 0.010810810810810811,
  "Datatrack": 0.010810810810810811,
  "Draft": 0.005405405405405406,
  "Editor": 0.005405405405405406,
  "Email": 0.016216216216216217,
  "Feather": 0.016216216216216217,
  "Go": 0.005405405405405406,
  "Group": 0.010810810810810811,
  "How": 0.010810810810810811,
  "IAB": 0.005405405405405406,
  "IANA": 0.005405405405405406,
  "IAOC": 0.005405405405405406,
  "IESG": 0.010810810810810811,
  "IETF": 0.08648648648648649,
  "IRTF": 0.005405405405405406,
  "ISOC": 0.005405405405405406,
  "Intellectu": 0.005405405405405406,
  "Internet": 0.016216216216216217,
  "London": 0.010810810810810811,
  "Meet": 0.005405405405405406,
  "Mission": 0.005405405405405406,
  "New": 0.02702702702702703,
  "Non": 0.005405405405405406,
  "Online": 0.005405405405405406,
  "Particip": 0.005405405405405406,
  "Privaci": 0.005405405405405406,
  "Quick": 0.010810810810810811,
  "RFC": 0.010810810810810811,
  "Run": 0.005405405405405406,
  "Search": 0.03783783783783784,
  "Secretariat": 0.005405405405405406,
  "Standard": 0.005405405405405406,
  "Statement": 0.010810810810810811,
  "Support": 0.005405405405405406,
  "The": 0.010810810810810811,
  "Thei": 0.005405405405405406,
  "These": 0.005405405405405406,
  "Thi": 0.005405405405405406,
  "Thing": 0.005405405405405406,
  "Tool": 0.010810810810810811,
  "Topic": 0.005405405405405406,
  "Trust": 0.005405405405405406,
  "WG": 0.010810810810810811,
  "Websit": 0.005405405405405406,
  "Who": 0.005405405405405406,
  "Work": 0.016216216216216217,
  "Workshop": 0.010810810810810811,
  "archiv": 0.010810810810810811,
  "blog": 0.010810810810810811,
  "broader": 0.005405405405405406,
  "chair": 0.010810810810810811,
  "code": 0.005405405405405406,
  "commun": 0.02702702702702703,
  "discuss": 0.043243243243243246,
  "email": 0.016216216216216217,
  "event": 0.005405405405405406,
  "focus": 0.005405405405405406,
  "form": 0.005405405405405406,
  "group": 0.010810810810810811,
  "includ": 0.005405405405405406,
  "inform": 0.005405405405405406,
  "initi": 0.005405405405405406,
  "interest": 0.02702702702702703,
  "link": 0.010810810810810811,
  "list": 0.032432432432432434,
  "manag": 0.005405405405405406,
  "meet": 0.005405405405405406,
  "network": 0.005405405405405406,
  "person": 0.005405405405405406,
  "place": 0.005405405405405406,
  "polici": 0.010810810810810811,
  "principl": 0.005405405405405406,
  "procedur": 0.005405405405405406,
  "process": 0.010810810810810811,
  "properti": 0.005405405405405406,
  "resourc": 0.010810810810810811,
  "right": 0.005405405405405406,
  "search": 0.010810810810810811,
  "session": 0.010810810810810811,
  "standard": 0.005405405405405406,
  "structur": 0.005405405405405406,
  "technolog": 0.005405405405405406,
  "tool": 0.005405405405405406,
  "topic": 0.021621621621621623,
  "transport": 0.005405405405405406,
  "work": 0.010810810810810811,
  "workshop": 0.005405405405405406
}