{
  "101": 0.00823045267489712,
  "AMS": 0.00411522633744856,
  "About": 0.00823045267489712,
  "Area": 0.00411522633744856,
  "Autom": 0.00411522633744856,
  "Blog": 0.00823045267489712,
  "By": 0.00411522633744856,
  "Commun": 0.00411522633744856,
  "Contact": 0.00823045267489712,
  "Datatrack": 0.00823045267489712,
  "Draft": 0.00411522633744856,
  "Editor": 0.00411522633744856,
  "Email": 0.012345679012345678,
  "Get": 0.00411522633744856,
  "Go": 0.00411522633744856,
  "Group": 0.00411522633744856,
  "Hackathon": 0.00411522633744856,
  "How": 0.00411522633744856,
  "Howev": 0.00411522633744856,
  "IAB": 0.00411522633744856,
  "IANA": 0.00411522633744856,
  "IAOC": 0.00411522633744856,
  "IESG": 0.00823045267489712,
  "IETF": 0.12345679012345678,
  "IRTF": 0.00411522633744856,
  "ISOC": 0.00411522633744856,
  "If": 0.00823045267489712,
  "Intellectu": 0.00411522633744856,
  "Internet": 0.01646090534979424,
  "It": 0.00411522633744856,
  "London": 0.00823045267489712,
  "Meet": 0.00411522633744856,
  "Mentor": 0.00823045267489712,
  "Mission": 0.00411522633744856,
  "New": 0.0205761316872428,
  "Online": 0.00411522633744856,
  "Particip": 0.01646090534979424,
  "Privaci": 0.00411522633744856,
  "Program": 0.00411522633744856,
  "Quick": 0.00823045267489712,
  "RFC": 0.012345679012345678,
  "Run": 0.00823045267489712,
  "Search": 0.02880658436213992,
  "Secretariat": 0.00411522633744856,
  "Standard": 0.00411522633744856,
  "Start": 0.00411522633744856,
  "Statement": 0.00823045267489712,
  "Support": 0.00411522633744856,
  "The": 0.01646090534979424,
  "There": 0.00411522633744856,
  "Thing": 0.00411522633744856,
  "Tool": 0.00823045267489712,
  "Topic": 0.00411522633744856,
  "Trust": 0.00411522633744856,
  "Tutori": 0.00823045267489712,
  "WG": 0.00823045267489712,
  "Websit": 0.00411522633744856,
  "Who": 0.00411522633744856,
  "Work": 0.00411522633744856,
  "You": 0.00411522633744856,
  "accept": 0.00411522633744856,
  "advic": 0.00823045267489712,
  "aid": 0.00411522633744856,
  "archiv": 0.00823045267489712,
  "automat": 0.00411522633744856,
  "better": 0.00411522633744856,
  "blog": 0.00823045267489712,
  "chair": 0.00823045267489712,
  "clear": 0.00411522633744856,
  "code": 0.00823045267489712,
  "collect": 0.00411522633744856,
  "commun": 0.00411522633744856,
  "compani": 0.00823045267489712,
  "contribut": 0.00411522633744856,
  "copyright": 0.00411522633744856,
  "develop": 0.00411522633744856,
  "discuss": 0.00411522633744856,
  "document": 0.00411522633744856,
  "educ": 0.00411522633744856,
  "event": 0.00411522633744856,
  "experienc": 0.00411522633744856,
  "expertis": 0.00411522633744856,
  "familiar": 0.00411522633744856,
  "fee": 0.00411522633744856,
  "find": 0.00411522633744856,
  "formal": 0.00411522633744856,
  "gener": 0.00411522633744856,
  "great": 0.00411522633744856,
  "group": 0.00411522633744856,
  "guid": 0.00411522633744856,
  "help": 0.012345679012345678,
  "includ": 0.00411522633744856,
  "individu": 0.00823045267489712,
  "inform": 0.00411522633744856,
  "integr": 0.00411522633744856,
  "intellectu": 0.00411522633744856,
  "interest": 0.00411522633744856,
  "introduct": 0.00411522633744856,
  "job": 0.00411522633744856,
  "learn": 0.00823045267489712,
  "link": 0.00823045267489712,
  "list": 0.012345679012345678,
  "manag": 0.00823045267489712,
  "mantra": 0.00411522633744856,
  "match": 0.00411522633744856,
  "meant": 0.00411522633744856,
  "meet": 0.00411522633744856,
  "membership": 0.00823045267489712,
  "network": 0.00411522633744856,
  "newcom": 0.00411522633744856,
  "open": 0.00411522633744856,
  "order": 0.00411522633744856,
  "particip": 0.024691358024691357,
  "patent": 0.00411522633744856,
  "point": 0.00411522633744856,
  "polici": 0.00411522633744856,
  "principl": 0.00411522633744856,
  "process": 0.012345679012345678,
  "produc": 0.00411522633744856,
  "properti": 0.00823045267489712,
  "provid": 0.00411522633744856,
  "repres": 0.00411522633744856,
  "resourc": 0.01646090534979424,
  "right": 0.00411522633744856,
  "rule": 0.00823045267489712,
  "search": 0.00823045267489712,
  "short": 0.00411522633744856,
  "sign": 0.00411522633744856,
  "sourc": 0.00411522633744856,
  "specif": 0.00411522633744856,
  "standard": 0.012345679012345678,
  "start": 0.00411522633744856,
  "technic": 0.00823045267489712,
  "technolog": 0.00411522633744856,
  "tool": 0.00411522633744856,
  "topic": 0.00411522633744856,
  "trademark": 0.00411522633744856,
  "transport": 0.00411522633744856,
  "view": 0.00411522633744856,
  "will": 0.00823045267489712,
  "wisdom": 0.00411522633744856,
  "work": 0.012345679012345678
}