{
  "00": 0.004884004884004884,
  "101": 0.002442002442002442,
  "12": 0.001221001221001221,
  "17": 0.002442002442002442,
  "21": 0.001221001221001221,
  "3": 0.001221001221001221,
  "48": 0.001221001221001221,
  "64": 0.002442002442002442,
  "95": 0.002442002442002442,
  "A": 0.001221001221001221,
  "AMS": 0.001221001221001221,
  "About": 0.001221001221001221,
  "Account": 0.001221001221001221,
  "Acrobat": 0.001221001221001221,
  "Adobe": 0.001221001221001221,
  "After": 0.002442002442002442,
  "Agenda": 0.003663003663003663,
  "All": 0.001221001221001221,
  "Area": 0.003663003663003663,
  "Autom": 0.001221001221001221,
  "BE": 0.002442002442002442,
  "BOF": 0.01098901098901099,
  "Befor": 0.001221001221001221,
  "Blog": 0.002442002442002442,
  "BoF": 0.001221001221001221,
  "Capabl": 0.001221001221001221,
  "Commun": 0.001221001221001221,
  "Contact": 0.002442002442002442,
  "Content": 0.001221001221001221,
  "DOC": 0.002442002442002442,
  "Datatrack": 0.003663003663003663,
  "Director": 0.002442002442002442,
  "Do": 0.002442002442002442,
  "Document": 0.003663003663003663,
  "Draft": 0.001221001221001221,
  "ET": 0.002442002442002442,
  "Each": 0.001221001221001221,
  "Editor": 0.001221001221001221,
  "Either": 0.001221001221001221,
  "Email": 0.003663003663003663,
  "Featur": 0.001221001221001221,
  "File": 0.001221001221001221,
  "For": 0.008547008547008548,
  "Form": 0.003663003663003663,
  "Format": 0.003663003663003663,
  "Fridai": 0.002442002442002442,
  "GMT": 0.002442002442002442,
  "Go": 0.001221001221001221,
  "Group": 0.006105006105006105,
  "HTML": 0.002442002442002442,
  "Hide": 0.001221001221001221,
  "How": 0.001221001221001221,
  "Howev": 0.001221001221001221,
  "IAB": 0.001221001221001221,
  "IANA": 0.001221001221001221,
  "IAOC": 0.001221001221001221,
  "ID": 0.001221001221001221,
  "IESG": 0.002442002442002442,
  "IETF": 0.0463980463980464,
  "IRTF": 0.001221001221001221,
  "ISOC": 0.001221001221001221,
  "If": 0.006105006105006105,
  "In": 0.001221001221001221,
  "Individu": 0.001221001221001221,
  "Info": 0.002442002442002442,
  "Informat": 0.001221001221001221,
  "Intellectu": 0.001221001221001221,
  "Internet": 0.003663003663003663,
  "Kei": 0.001221001221001221,
  "London": 0.002442002442002442,
  "MS": 0.002442002442002442,
  "MUST": 0.001221001221001221,
  "Mac": 0.002442002442002442,
  "Manag": 0.01098901098901099,
  "Materi": 0.02197802197802198,
  "Meet": 0.0231990231990232,
  "Microsoft": 0.001221001221001221,
  "Minut": 0.006105006105006105,
  "Mission": 0.001221001221001221,
  "Mondai": 0.001221001221001221,
  "NO": 0.001221001221001221,
  "New": 0.006105006105006105,
  "Once": 0.001221001221001221,
  "Online": 0.001221001221001221,
  "Order": 0.001221001221001221,
  "PDF": 0.003663003663003663,
  "PPT": 0.001221001221001221,
  "Particip": 0.001221001221001221,
  "Plain": 0.001221001221001221,
  "Pleas": 0.002442002442002442,
  "Portabl": 0.001221001221001221,
  "Post": 0.001221001221001221,
  "PowerPoint": 0.001221001221001221,
  "Present": 0.003663003663003663,
  "Privaci": 0.001221001221001221,
  "Proceed": 0.004884004884004884,
  "Quick": 0.002442002442002442,
  "RFC": 0.002442002442002442,
  "Request": 0.001221001221001221,
  "Run": 0.001221001221001221,
  "SPAM": 0.001221001221001221,
  "Sandbox": 0.001221001221001221,
  "Search": 0.008547008547008548,
  "Secretariat": 0.004884004884004884,
  "Sinc": 0.001221001221001221,
  "SiteIf": 0.001221001221001221,
  "SlidesPleas": 0.001221001221001221,
  "Standard": 0.001221001221001221,
  "Statement": 0.002442002442002442,
  "Style": 0.001221001221001221,
  "Subject": 0.001221001221001221,
  "Submiss": 0.007326007326007326,
  "Submit": 0.002442002442002442,
  "Support": 0.001221001221001221,
  "TXT": 0.001221001221001221,
  "The": 0.013431013431013432,
  "Therefor": 0.002442002442002442,
  "Thing": 0.001221001221001221,
  "To": 0.002442002442002442,
  "Tool": 0.013431013431013432,
  "Topic": 0.001221001221001221,
  "Trust": 0.001221001221001221,
  "URL": 0.001221001221001221,
  "Unix": 0.002442002442002442,
  "Update": 0.001221001221001221,
  "Upload": 0.003663003663003663,
  "Upon": 0.001221001221001221,
  "User": 0.002442002442002442,
  "WG": 0.003663003663003663,
  "WILL": 0.002442002442002442,
  "Web": 0.007326007326007326,
  "WebEx": 0.001221001221001221,
  "Websit": 0.001221001221001221,
  "When": 0.001221001221001221,
  "Where": 0.001221001221001221,
  "Who": 0.001221001221001221,
  "Word": 0.003663003663003663,
  "Work": 0.006105006105006105,
  "Writeup": 0.001221001221001221,
  "XX": 0.004884004884004884,
  "accept": 0.001221001221001221,
  "access": 0.002442002442002442,
  "accompani": 0.001221001221001221,
  "account": 0.004884004884004884,
  "action": 0.002442002442002442,
  "activ": 0.002442002442002442,
  "advanc": 0.001221001221001221,
  "agenda": 0.013431013431013432,
  "appear": 0.001221001221001221,
  "appropri": 0.001221001221001221,
  "approv": 0.003663003663003663,
  "archiv": 0.002442002442002442,
  "assum": 0.001221001221001221,
  "attende": 0.001221001221001221,
  "audio": 0.001221001221001221,
  "base": 0.001221001221001221,
  "blog": 0.002442002442002442,
  "cast": 0.001221001221001221,
  "cgi": 0.001221001221001221,
  "chair": 0.015873015873015872,
  "code": 0.001221001221001221,
  "commun": 0.001221001221001221,
  "complet": 0.003663003663003663,
  "concern": 0.001221001221001221,
  "conclus": 0.001221001221001221,
  "conform": 0.002442002442002442,
  "conveni": 0.002442002442002442,
  "convert": 0.003663003663003663,
  "copi": 0.001221001221001221,
  "correct": 0.003663003663003663,
  "datatrack": 0.001221001221001221,
  "deadlin": 0.003663003663003663,
  "delet": 0.002442002442002442,
  "describ": 0.001221001221001221,
  "descript": 0.001221001221001221,
  "desir": 0.002442002442002442,
  "desk": 0.001221001221001221,
  "discuss": 0.001221001221001221,
  "doc": 0.003663003663003663,
  "download": 0.001221001221001221,
  "earli": 0.001221001221001221,
  "electron": 0.001221001221001221,
  "email": 0.001221001221001221,
  "ensur": 0.001221001221001221,
  "establish": 0.002442002442002442,
  "event": 0.001221001221001221,
  "exampl": 0.001221001221001221,
  "final": 0.001221001221001221,
  "flag": 0.001221001221001221,
  "form": 0.002442002442002442,
  "format": 0.006105006105006105,
  "group": 0.01098901098901099,
  "hard": 0.001221001221001221,
  "held": 0.002442002442002442,
  "hour": 0.001221001221001221,
  "html": 0.004884004884004884,
  "http": 0.001221001221001221,
  "ietf": 0.007326007326007326,
  "includ": 0.002442002442002442,
  "inclus": 0.002442002442002442,
  "incorpor": 0.003663003663003663,
  "indic": 0.002442002442002442,
  "initi": 0.002442002442002442,
  "interest": 0.001221001221001221,
  "interfac": 0.001221001221001221,
  "latest": 0.003663003663003663,
  "link": 0.002442002442002442,
  "list": 0.004884004884004884,
  "log": 0.001221001221001221,
  "longer": 0.001221001221001221,
  "mail": 0.007326007326007326,
  "main": 0.001221001221001221,
  "make": 0.001221001221001221,
  "manag": 0.001221001221001221,
  "mandatori": 0.001221001221001221,
  "materi": 0.015873015873015872,
  "meet": 0.030525030525030524,
  "messag": 0.001221001221001221,
  "mileston": 0.001221001221001221,
  "minut": 0.009768009768009768,
  "multipl": 0.002442002442002442,
  "network": 0.001221001221001221,
  "note": 0.001221001221001221,
  "num": 0.001221001221001221,
  "number": 0.003663003663003663,
  "option": 0.001221001221001221,
  "order": 0.003663003663003663,
  "org": 0.006105006105006105,
  "origin": 0.001221001221001221,
  "password": 0.001221001221001221,
  "pdf": 0.004884004884004884,
  "perform": 0.001221001221001221,
  "plain": 0.002442002442002442,
  "polici": 0.001221001221001221,
  "post": 0.003663003663003663,
  "ppt": 0.003663003663003663,
  "preced": 0.001221001221001221,
  "prefer": 0.002442002442002442,
  "present": 0.019536019536019536,
  "preserv": 0.001221001221001221,
  "previou": 0.001221001221001221,