{
  "101": 0.015706806282722512,
  "AMS": 0.005235602094240838,
  "About": 0.005235602094240838,
  "Account": 0.005235602094240838,
  "Addition": 0.005235602094240838,
  "Address": 0.005235602094240838,
  "Area": 0.005235602094240838,
  "Autom": 0.005235602094240838,
  "Blog": 0.010471204188481676,
  "Comment": 0.005235602094240838,
  "Commun": 0.005235602094240838,
  "Contact": 0.010471204188481676,
  "Datatrack": 0.010471204188481676,
  "Draft": 0.005235602094240838,
  "Editor": 0.005235602094240838,
  "Email": 0.020942408376963352,
  "Face": 0.010471204188481676,
  "Form": 0.015706806282722512,
  "Go": 0.005235602094240838,
  "Group": 0.020942408376963352,
  "Guidanc": 0.005235602094240838,
  "How": 0.005235602094240838,
  "IAB": 0.005235602094240838,
  "IANA": 0.005235602094240838,
  "IAOC": 0.005235602094240838,
  "IESG": 0.015706806282722512,
  "IETF": 0.06282722513089005,
  "IRTF": 0.005235602094240838,
  "ISOC": 0.005235602094240838,
  "If": 0.005235602094240838,
  "Intellectu": 0.005235602094240838,
  "Interim": 0.005235602094240838,
  "Internet": 0.015706806282722512,
  "Invitat": 0.005235602094240838,
  "Letter": 0.005235602094240838,
  "London": 0.010471204188481676,
  "Meet": 0.010471204188481676,
  "Mission": 0.005235602094240838,
  "Name": 0.010471204188481676,
  "New": 0.02617801047120419,
  "Note": 0.005235602094240838,
  "Online": 0.005235602094240838,
  "Particip": 0.005235602094240838,
  "Pleas": 0.005235602094240838,
  "Privaci": 0.005235602094240838,
  "Quick": 0.010471204188481676,
  "RFC": 0.010471204188481676,
  "Request": 0.010471204188481676,
  "Run": 0.005235602094240838,
  "Search": 0.03664921465968586,
  "Secretariat": 0.010471204188481676,
  "Standard": 0.005235602094240838,
  "Statement": 0.010471204188481676,
  "Support": 0.005235602094240838,
  "The": 0.010471204188481676,
  "Thing": 0.005235602094240838,
  "To": 0.005235602094240838,
  "Tool": 0.010471204188481676,
  "Topic": 0.005235602094240838,
  "Trust": 0.005235602094240838,
  "Virtual": 0.005235602094240838,
  "WG": 0.020942408376963352,
  "WebEx": 0.02617801047120419,
  "Websit": 0.005235602094240838,
  "Who": 0.005235602094240838,
  "With": 0.005235602094240838,
  "Work": 0.020942408376963352,
  "Your": 0.005235602094240838,
  "access": 0.005235602094240838,
  "account": 0.020942408376963352,
  "announc": 0.005235602094240838,
  "archiv": 0.010471204188481676,
  "blog": 0.010471204188481676,
  "call": 0.005235602094240838,
  "chair": 0.020942408376963352,
  "code": 0.005235602094240838,
  "confer": 0.005235602094240838,
  "contact": 0.005235602094240838,
  "discuss": 0.005235602094240838,
  "event": 0.010471204188481676,
  "facilit": 0.005235602094240838,
  "fill": 0.005235602094240838,
  "form": 0.005235602094240838,
  "free": 0.005235602094240838,
  "group": 0.005235602094240838,
  "includ": 0.005235602094240838,
  "interest": 0.005235602094240838,
  "limit": 0.005235602094240838,
  "link": 0.010471204188481676,
  "list": 0.015706806282722512,
  "manag": 0.005235602094240838,
  "meet": 0.005235602094240838,
  "network": 0.005235602094240838,
  "note": 0.005235602094240838,
  "number": 0.005235602094240838,
  "offici": 0.005235602094240838,
  "password": 0.005235602094240838,
  "polici": 0.005235602094240838,
  "principl": 0.005235602094240838,
  "prior": 0.005235602094240838,
  "process": 0.005235602094240838,
  "properti": 0.005235602094240838,
  "request": 0.005235602094240838,
  "reset": 0.005235602094240838,
  "resourc": 0.010471204188481676,
  "right": 0.005235602094240838,
  "schedul": 0.005235602094240838,
  "search": 0.010471204188481676,
  "servic": 0.005235602094240838,
  "standard": 0.005235602094240838,
  "statement": 0.005235602094240838,
  "technolog": 0.005235602094240838,
  "tool": 0.010471204188481676,
  "transport": 0.005235602094240838,
  "week": 0.005235602094240838,
  "work": 0.010471204188481676
}