{
  "101": 0.008403361344537815,
  "A": 0.004201680672268907,
  "AMS": 0.004201680672268907,
  "About": 0.008403361344537815,
  "Area": 0.02100840336134454,
  "Autom": 0.004201680672268907,
  "Blog": 0.008403361344537815,
  "Commun": 0.004201680672268907,
  "Contact": 0.008403361344537815,
  "Datatrack": 0.012605042016806723,
  "Director": 0.004201680672268907,
  "Draft": 0.008403361344537815,
  "Editor": 0.004201680672268907,
  "Educat": 0.004201680672268907,
  "Email": 0.012605042016806723,
  "Engineer": 0.004201680672268907,
  "Forc": 0.004201680672268907,
  "Go": 0.004201680672268907,
  "Group": 0.004201680672268907,
  "How": 0.004201680672268907,
  "IAB": 0.004201680672268907,
  "IANA": 0.004201680672268907,
  "IAOC": 0.004201680672268907,
  "IESG": 0.008403361344537815,
  "IETF": 0.11764705882352941,
  "IRTF": 0.004201680672268907,
  "ISOC": 0.004201680672268907,
  "Intellectu": 0.004201680672268907,
  "Internet": 0.025210084033613446,
  "London": 0.008403361344537815,
  "Meet": 0.004201680672268907,
  "Mentor": 0.004201680672268907,
  "Mission": 0.004201680672268907,
  "New": 0.02100840336134454,
  "Newcom": 0.004201680672268907,
  "Online": 0.004201680672268907,
  "Outreach": 0.004201680672268907,
  "Particip": 0.008403361344537815,
  "Privaci": 0.004201680672268907,
  "Process": 0.008403361344537815,
  "Quick": 0.008403361344537815,
  "RFC": 0.012605042016806723,
  "Run": 0.004201680672268907,
  "Search": 0.029411764705882353,
  "Secretariat": 0.004201680672268907,
  "Standard": 0.004201680672268907,
  "Statement": 0.008403361344537815,
  "Support": 0.004201680672268907,
  "Task": 0.004201680672268907,
  "Technic": 0.008403361344537815,
  "The": 0.004201680672268907,
  "These": 0.004201680672268907,
  "Thing": 0.004201680672268907,
  "Tool": 0.008403361344537815,
  "Topic": 0.004201680672268907,
  "Trust": 0.004201680672268907,
  "Tutori": 0.02100840336134454,
  "WG": 0.008403361344537815,
  "Websit": 0.004201680672268907,
  "Who": 0.004201680672268907,
  "Work": 0.004201680672268907,
  "archiv": 0.008403361344537815,
  "aspect": 0.004201680672268907,
  "blog": 0.008403361344537815,
  "bring": 0.004201680672268907,
  "chair": 0.008403361344537815,
  "code": 0.004201680672268907,
  "commun": 0.004201680672268907,
  "complet": 0.004201680672268907,
  "conduct": 0.004201680672268907,
  "cover": 0.004201680672268907,
  "creat": 0.008403361344537815,
  "current": 0.012605042016806723,
  "develop": 0.004201680672268907,
  "discuss": 0.004201680672268907,
  "document": 0.004201680672268907,
  "educ": 0.004201680672268907,
  "effect": 0.004201680672268907,
  "event": 0.004201680672268907,
  "gener": 0.004201680672268907,
  "group": 0.004201680672268907,
  "histori": 0.004201680672268907,
  "includ": 0.008403361344537815,
  "interest": 0.012605042016806723,
  "introduct": 0.004201680672268907,
  "link": 0.008403361344537815,
  "list": 0.01680672268907563,
  "manag": 0.004201680672268907,
  "meet": 0.004201680672268907,
  "network": 0.004201680672268907,
  "number": 0.004201680672268907,
  "oper": 0.004201680672268907,
  "organ": 0.004201680672268907,
  "orient": 0.008403361344537815,
  "overview": 0.012605042016806723,
  "particip": 0.02100840336134454,
  "polici": 0.004201680672268907,
  "principl": 0.004201680672268907,
  "process": 0.012605042016806723,
  "properti": 0.004201680672268907,
  "provid": 0.004201680672268907,
  "rang": 0.004201680672268907,
  "regular": 0.004201680672268907,
  "relev": 0.004201680672268907,
  "resourc": 0.008403361344537815,
  "right": 0.004201680672268907,
  "search": 0.008403361344537815,
  "specif": 0.004201680672268907,
  "standard": 0.008403361344537815,
  "structur": 0.004201680672268907,
  "technic": 0.008403361344537815,
  "technolog": 0.004201680672268907,
  "tip": 0.004201680672268907,
  "tool": 0.012605042016806723,
  "topic": 0.01680672268907563,
  "transport": 0.004201680672268907,
  "tutori": 0.037815126050420166,
  "underwai": 0.012605042016806723,
  "updat": 0.008403361344537815,
  "well": 0.004201680672268907,
  "wide": 0.004201680672268907,
  "work": 0.02100840336134454
}