{
  "101": 0.007633587786259542,
  "17": 0.003816793893129771,
  "2016": 0.003816793893129771,
  "22": 0.003816793893129771,
  "96": 0.019083969465648856,
  "AMS": 0.003816793893129771,
  "About": 0.003816793893129771,
  "All": 0.003816793893129771,
  "Amsterdam": 0.007633587786259542,
  "Area": 0.003816793893129771,
  "Autom": 0.003816793893129771,
  "Berlin": 0.011450381679389313,
  "Blog": 0.007633587786259542,
  "Commun": 0.003816793893129771,
  "Contact": 0.007633587786259542,
  "Datatrack": 0.007633587786259542,
  "Desk": 0.007633587786259542,
  "Draft": 0.003816793893129771,
  "Editor": 0.003816793893129771,
  "Email": 0.011450381679389313,
  "English": 0.003816793893129771,
  "Feder": 0.003816793893129771,
  "Foreign": 0.003816793893129771,
  "German": 0.007633587786259542,
  "Germani": 0.007633587786259542,
  "Go": 0.003816793893129771,
  "Group": 0.003816793893129771,
  "Hard": 0.003816793893129771,
  "Hide": 0.003816793893129771,
  "How": 0.007633587786259542,
  "IAB": 0.003816793893129771,
  "IANA": 0.003816793893129771,
  "IAOC": 0.003816793893129771,
  "IESG": 0.007633587786259542,
  "IETF": 0.05343511450381679,
  "IRTF": 0.003816793893129771,
  "ISOC": 0.003816793893129771,
  "If": 0.007633587786259542,
  "In": 0.007633587786259542,
  "Info": 0.003816793893129771,
  "Intellectu": 0.003816793893129771,
  "Internet": 0.011450381679389313,
  "Invitat": 0.007633587786259542,
  "Juli": 0.003816793893129771,
  "Kei": 0.003816793893129771,
  "Letter": 0.007633587786259542,
  "Local": 0.007633587786259542,
  "London": 0.007633587786259542,
  "Meet": 0.011450381679389313,
  "Mission": 0.003816793893129771,
  "NOT": 0.003816793893129771,
  "New": 0.019083969465648856,
  "No": 0.003816793893129771,
  "Offlice": 0.003816793893129771,
  "Online": 0.003816793893129771,
  "PDF": 0.007633587786259542,
  "Particip": 0.003816793893129771,
  "Past": 0.003816793893129771,
  "Pleas": 0.011450381679389313,
  "Privaci": 0.003816793893129771,
  "Quick": 0.007633587786259542,
  "RFC": 0.007633587786259542,
  "Run": 0.003816793893129771,
  "Search": 0.026717557251908396,
  "Secretariat": 0.003816793893129771,
  "Secur": 0.007633587786259542,
  "Shengen": 0.007633587786259542,
  "Standard": 0.003816793893129771,
  "Statement": 0.007633587786259542,
  "Support": 0.003816793893129771,
  "The": 0.007633587786259542,
  "Thi": 0.003816793893129771,
  "Thing": 0.003816793893129771,
  "To": 0.003816793893129771,
  "Tool": 0.007633587786259542,
  "Topic": 0.003816793893129771,
  "Trust": 0.003816793893129771,
  "WG": 0.007633587786259542,
  "Websit": 0.007633587786259542,
  "Who": 0.003816793893129771,
  "Work": 0.003816793893129771,
  "XLS": 0.003816793893129771,
  "accept": 0.011450381679389313,
  "appli": 0.003816793893129771,
  "applic": 0.003816793893129771,
  "archiv": 0.007633587786259542,
  "attende": 0.007633587786259542,
  "blog": 0.007633587786259542,
  "broken": 0.003816793893129771,
  "case": 0.003816793893129771,
  "chair": 0.007633587786259542,
  "check": 0.007633587786259542,
  "code": 0.003816793893129771,
  "complet": 0.003816793893129771,
  "consul": 0.011450381679389313,
  "copi": 0.007633587786259542,
  "countri": 0.007633587786259542,
  "coven": 0.003816793893129771,
  "determin": 0.003816793893129771,
  "directli": 0.003816793893129771,
  "discuss": 0.003816793893129771,
  "document": 0.007633587786259542,
  "email": 0.011450381679389313,
  "embassi": 0.003816793893129771,
  "event": 0.007633587786259542,
  "except": 0.003816793893129771,
  "exempt": 0.003816793893129771,
  "fax": 0.003816793893129771,
  "form": 0.003816793893129771,
  "format": 0.003816793893129771,
  "group": 0.003816793893129771,
  "host": 0.007633587786259542,
  "inform": 0.003816793893129771,
  "interest": 0.003816793893129771,
  "invit": 0.019083969465648856,
  "issu": 0.007633587786259542,
  "junip": 0.007633587786259542,
  "letter": 0.019083969465648856,
  "link": 0.011450381679389313,
  "list": 0.019083969465648856,
  "local": 0.003816793893129771,
  "manag": 0.003816793893129771,
  "net": 0.007633587786259542,
  "network": 0.003816793893129771,
  "note": 0.003816793893129771,
  "origin": 0.003816793893129771,
  "outdat": 0.003816793893129771,
  "passport": 0.003816793893129771,
  "place": 0.003816793893129771,
  "polici": 0.003816793893129771,
  "principl": 0.003816793893129771,
  "process": 0.007633587786259542,
  "properti": 0.003816793893129771,
  "provid": 0.003816793893129771,
  "purpos": 0.003816793893129771,
  "requir": 0.011450381679389313,
  "resourc": 0.007633587786259542,
  "return": 0.003816793893129771,
  "right": 0.003816793893129771,
  "scan": 0.003816793893129771,
  "search": 0.007633587786259542,
  "servic": 0.003816793893129771,
  "sign": 0.007633587786259542,
  "standard": 0.003816793893129771,
  "submit": 0.003816793893129771,
  "technolog": 0.003816793893129771,
  "tool": 0.003816793893129771,
  "translat": 0.003816793893129771,
  "transport": 0.003816793893129771,
  "travel": 0.003816793893129771,
  "typic": 0.003816793893129771,
  "visa": 0.011450381679389313,
  "will": 0.011450381679389313,
  "work": 0.007633587786259542,
  "zone": 0.003816793893129771
}