{
  "00": 0.007159904534606206,
  "08": 0.002386634844868735,
  "09": 0.002386634844868735,
  "101": 0.00477326968973747,
  "12": 0.002386634844868735,
  "13": 0.002386634844868735,
  "14": 0.002386634844868735,
  "16": 0.002386634844868735,
  "17": 0.002386634844868735,
  "18": 0.002386634844868735,
  "30": 0.00954653937947494,
  "45": 0.002386634844868735,
  "99": 0.02386634844868735,
  "A": 0.00477326968973747,
  "AMS": 0.002386634844868735,
  "About": 0.002386634844868735,
  "Agenda": 0.002386634844868735,
  "Android": 0.00477326968973747,
  "Area": 0.002386634844868735,
  "As": 0.002386634844868735,
  "Autom": 0.002386634844868735,
  "Badg": 0.002386634844868735,
  "Berlin": 0.002386634844868735,
  "Bit": 0.002386634844868735,
  "Bite": 0.002386634844868735,
  "Blog": 0.00477326968973747,
  "Brussel": 0.002386634844868735,
  "Commun": 0.002386634844868735,
  "Congress": 0.002386634844868735,
  "Contact": 0.00477326968973747,
  "Datatrack": 0.007159904534606206,
  "Dinner": 0.002386634844868735,
  "Dive": 0.002386634844868735,
  "Document": 0.002386634844868735,
  "Draft": 0.00477326968973747,
  "EDU": 0.00477326968973747,
  "Editor": 0.002386634844868735,
  "Email": 0.007159904534606206,
  "Engineer": 0.002386634844868735,
  "Explanat": 0.002386634844868735,
  "Feedback": 0.002386634844868735,
  "Find": 0.002386634844868735,
  "For": 0.002386634844868735,
  "Forc": 0.002386634844868735,
  "Go": 0.002386634844868735,
  "Greet": 0.002386634844868735,
  "Group": 0.002386634844868735,
  "Guid": 0.002386634844868735,
  "Hall": 0.002386634844868735,
  "Hide": 0.002386634844868735,
  "How": 0.00477326968973747,
  "IAB": 0.002386634844868735,
  "IANA": 0.002386634844868735,
  "IAOC": 0.002386634844868735,
  "IESG": 0.007159904534606206,
  "IETF": 0.07637231503579953,
  "IRTF": 0.002386634844868735,
  "ISOC": 0.002386634844868735,
  "In": 0.00477326968973747,
  "Intellectu": 0.002386634844868735,
  "Internet": 0.011933174224343675,
  "Khan": 0.002386634844868735,
  "London": 0.00477326968973747,
  "Mani": 0.00477326968973747,
  "Meet": 0.011933174224343675,
  "Mentor": 0.00477326968973747,
  "Mission": 0.002386634844868735,
  "Mondai": 0.002386634844868735,
  "N": 0.002386634844868735,
  "Naveen": 0.002386634844868735,
  "New": 0.011933174224343675,
  "Newcom": 0.014319809069212411,
  "Novic": 0.002386634844868735,
  "One": 0.002386634844868735,
  "Online": 0.00477326968973747,
  "Option": 0.002386634844868735,
  "Organiz": 0.002386634844868735,
  "Orientat": 0.002386634844868735,
  "Other": 0.002386634844868735,
  "Particip": 0.00477326968973747,
  "Past": 0.002386634844868735,
  "Pragu": 0.007159904534606206,
  "Privaci": 0.002386634844868735,
  "Program": 0.00477326968973747,
  "Quick": 0.00477326968973747,
  "RFC": 0.007159904534606206,
  "RSVP": 0.002386634844868735,
  "Run": 0.002386634844868735,
  "Search": 0.016706443914081145,
  "Secretariat": 0.00477326968973747,
  "Session": 0.002386634844868735,
  "Standard": 0.002386634844868735,
  "Statement": 0.00477326968973747,
  "Summer": 0.002386634844868735,
  "Sundai": 0.00477326968973747,
  "Support": 0.002386634844868735,
  "TBA": 0.002386634844868735,
  "Tao": 0.002386634844868735,
  "Task": 0.002386634844868735,
  "Team": 0.002386634844868735,
  "Terrac": 0.002386634844868735,
  "The": 0.011933174224343675,
  "There": 0.002386634844868735,
  "These": 0.002386634844868735,
  "Thi": 0.00477326968973747,
  "Thing": 0.002386634844868735,
  "Thursdai": 0.002386634844868735,
  "Tool": 0.00477326968973747,
  "Topic": 0.002386634844868735,
  "Trust": 0.002386634844868735,
  "Tutori": 0.002386634844868735,
  "WG": 0.00477326968973747,
  "Websit": 0.002386634844868735,
  "Welcom": 0.002386634844868735,
  "Who": 0.002386634844868735,
  "Work": 0.002386634844868735,
  "You": 0.002386634844868735,
  "advanc": 0.002386634844868735,
  "advic": 0.002386634844868735,
  "agenda": 0.014319809069212411,
  "aid": 0.002386634844868735,
  "amsl": 0.002386634844868735,
  "app": 0.00954653937947494,
  "archiv": 0.00477326968973747,
  "attende": 0.002386634844868735,
  "author": 0.002386634844868735,
  "badg": 0.002386634844868735,
  "blog": 0.00477326968973747,
  "board": 0.002386634844868735,
  "bulletin": 0.002386634844868735,
  "chair": 0.007159904534606206,
  "chang": 0.002386634844868735,
  "code": 0.002386634844868735,
  "collect": 0.002386634844868735,
  "color": 0.002386634844868735,
  "commun": 0.00477326968973747,
  "criteria": 0.002386634844868735,
  "current": 0.002386634844868735,
  "dai": 0.002386634844868735,
  "datatrack": 0.007159904534606206,
  "depth": 0.002386634844868735,
  "design": 0.00477326968973747,
  "detail": 0.002386634844868735,
  "discuss": 0.002386634844868735,
  "doc": 0.002386634844868735,
  "dot": 0.00477326968973747,
  "dynam": 0.002386634844868735,
  "easier": 0.002386634844868735,
  "email": 0.002386634844868735,
  "event": 0.00954653937947494,
  "experi": 0.002386634844868735,
  "experienc": 0.002386634844868735,
  "face": 0.00477326968973747,
  "fewer": 0.002386634844868735,
  "focu": 0.002386634844868735,
  "fun": 0.002386634844868735,
  "googl": 0.002386634844868735,
  "group": 0.007159904534606206,
  "help": 0.002386634844868735,
  "histori": 0.002386634844868735,
  "html": 0.00954653937947494,
  "http": 0.016706443914081145,
  "iPhon": 0.00477326968973747,
  "ietf": 0.016706443914081145,
  "ietfer": 0.002386634844868735,
  "ietfsch": 0.00477326968973747,
  "integr": 0.00477326968973747,
  "interest": 0.002386634844868735,
  "intro": 0.002386634844868735,
  "introduc": 0.00477326968973747,
  "introduct": 0.002386634844868735,
  "itun": 0.002386634844868735,
  "link": 0.00477326968973747,
  "list": 0.007159904534606206,
  "manag": 0.002386634844868735,
  "mark": 0.002386634844868735,
  "match": 0.002386634844868735,
  "materi": 0.00477326968973747,
  "meet": 0.011933174224343675,
  "mentor": 0.002386634844868735,
  "near": 0.002386634844868735,
  "network": 0.002386634844868735,
  "newcom": 0.011933174224343675,
  "nkhan": 0.002386634844868735,
  "number": 0.002386634844868735,
  "onlin": 0.007159904534606206,
  "order": 0.002386634844868735,
  "org": 0.016706443914081145,
  "particip": 0.007159904534606206,
  "peopl": 0.00477326968973747,
  "plai": 0.002386634844868735,
  "polici": 0.002386634844868735,
  "present": 0.00477326968973747,
  "principl": 0.002386634844868735,
  "process": 0.007159904534606206,
  "program": 0.00477326968973747,
  "properti": 0.002386634844868735,
  "purpos": 0.002386634844868735,
  "rdid": 0.002386634844868735,
  "regist": 0.002386634844868735,
  "registr": 0.002386634844868735,
  "resourc": 0.00954653937947494,
  "right": 0.002386634844868735,
  "search": 0.007159904534606206,
  "session": 0.00477326968973747,
  "share": 0.002386634844868735,
  "show": 0.002386634844868735,
  "sign": 0.002386634844868735,
  "slide": 0.002386634844868735,
  "smartphon": 0.002386634844868735,
  "standard": 0.002386634844868735,
  "store": 0.002386634844868735,
  "student": 0.002386634844868735,
  "tao": 0.002386634844868735,
  "team": 0.002386634844868735,
  "technic": 0.002386634844868735,
  "technolog": 0.002386634844868735,
  "thought": 0.002386634844868735,
  "three": 0.002386634844868735,
  "titl": 0.002386634844868735,
  "tool": 0.002386634844868735,
  "topic": 0.002386634844868735,
  "transport": 0.002386634844868735,
  "tutori": 0.007159904534606206,
  "varieti": 0.002386634844868735,
  "version": 0.00477326968973747,
  "view": 0.002386634844868735,
  "visit": 0.002386634844868735,
  "week": 0.00477326968973747,
  "well": 0.002386634844868735,
  "will": 0.002386634844868735,
  "wisdom": 0.002386634844868735,
  "work": 0.00954653937947494
}