{
  "0": 0.0020876826722338203,
  "03": 0.0020876826722338203,
  "06": 0.0020876826722338203,
  "1": 0.0020876826722338203,
  "11": 0.0020876826722338203,
  "13": 0.0020876826722338203,
  "2": 0.0020876826722338203,
  "2018": 0.0020876826722338203,
  "6": 0.0020876826722338203,
  "7": 0.0020876826722338203,
  "74": 0.0020876826722338203,
  "8179": 0.0020876826722338203,
  "A": 0.0041753653444676405,
  "AG": 0.0041753653444676405,
  "About": 0.0020876826722338203,
  "Active": 0.029227557411273485,
  "Agenda": 0.0041753653444676405,
  "An": 0.0020876826722338203,
  "Any": 0.0020876826722338203,
  "Applicat": 0.0041753653444676405,
  "Area": 0.0041753653444676405,
  "BOF": 0.0041753653444676405,
  "Best": 0.0020876826722338203,
  "By": 0.0041753653444676405,
  "Charter": 0.0041753653444676405,
  "Conclud": 0.0041753653444676405,
  "Contribut": 0.010438413361169102,
  "Contributor": 0.0041753653444676405,
  "Current": 0.0020876826722338203,
  "Datatrack": 0.0041753653444676405,
  "Director": 0.0041753653444676405,
  "Django": 0.0020876826722338203,
  "Document": 0.0041753653444676405,
  "Downref": 0.0041753653444676405,
  "Draft": 0.010438413361169102,
  "Editor": 0.012526096033402923,
  "Email": 0.0020876826722338203,
  "Enabl": 0.0020876826722338203,
  "Experiment": 0.0020876826722338203,
  "File": 0.0041753653444676405,
  "Floor": 0.0041753653444676405,
  "Gener": 0.0041753653444676405,
  "Group": 0.0041753653444676405,
  "IAB": 0.010438413361169102,
  "IANA": 0.0020876826722338203,
  "IAOC": 0.0020876826722338203,
  "IASA": 0.0020876826722338203,
  "IESG": 0.014613778705636743,
  "IETF": 0.06471816283924843,
  "IPR": 0.031315240083507306,
  "IRTF": 0.010438413361169102,
  "ISE": 0.0041753653444676405,
  "ISOC": 0.0020876826722338203,
  "Important": 0.0041753653444676405,
  "Informat": 0.0020876826722338203,
  "Intellectu": 0.0020876826722338203,
  "Internet": 0.010438413361169102,
  "Javascript": 0.0020876826722338203,
  "Liaison": 0.0041753653444676405,
  "List": 0.0020876826722338203,
  "Materi": 0.0041753653444676405,
  "Meet": 0.0041753653444676405,
  "Mgmt": 0.0041753653444676405,
  "New": 0.008350730688935281,
  "Non": 0.0041753653444676405,
  "Notifi": 0.0020876826722338203,
  "Op": 0.0041753653444676405,
  "Other": 0.012526096033402923,
  "Password": 0.0041753653444676405,
  "Past": 0.008350730688935281,
  "Practic": 0.0020876826722338203,
  "Prefer": 0.0041753653444676405,
  "Process": 0.0020876826722338203,
  "Program": 0.0041753653444676405,
  "Properti": 0.0020876826722338203,
  "Python": 0.0020876826722338203,
  "RFC": 0.025052192066805846,
  "RG": 0.0041753653444676405,
  "Real": 0.0041753653444676405,
  "Report": 0.006263048016701462,
  "Request": 0.0041753653444676405,
  "Right": 0.0020876826722338203,
  "Rout": 0.0041753653444676405,
  "Search": 0.006263048016701462,
  "Secretariat": 0.0020876826722338203,
  "Secur": 0.0041753653444676405,
  "Session": 0.0041753653444676405,
  "Sign": 0.008350730688935281,
  "Standard": 0.0020876826722338203,
  "Statement": 0.0041753653444676405,
  "Statist": 0.0041753653444676405,
  "Such": 0.0020876826722338203,
  "Team": 0.0041753653444676405,
  "Technolog": 0.0020876826722338203,
  "The": 0.006263048016701462,
  "There": 0.0020876826722338203,
  "Thi": 0.0020876826722338203,
  "Time": 0.0041753653444676405,
  "To": 0.0041753653444676405,
  "Toggl": 0.0020876826722338203,
  "Tool": 0.0020876826722338203,
  "Tracker": 0.0020876826722338203,
  "Transport": 0.0041753653444676405,
  "Trust": 0.0020876826722338203,
  "Tutori": 0.0041753653444676405,
  "Upcome": 0.0041753653444676405,
  "User": 0.0041753653444676405,
  "Version": 0.0020876826722338203,
  "WG": 0.008350730688935281,
  "accept": 0.0020876826722338203,
  "account": 0.0041753653444676405,
  "acknowledg": 0.0020876826722338203,
  "activ": 0.008350730688935281,
  "address": 0.0020876826722338203,
  "agenda": 0.0041753653444676405,
  "agreement": 0.0020876826722338203,
  "area": 0.0041753653444676405,
  "audio": 0.0020876826722338203,
  "auspic": 0.0020876826722338203,
  "behalf": 0.0041753653444676405,
  "bug": 0.006263048016701462,
  "claim": 0.0020876826722338203,
  "clearli": 0.0020876826722338203,
  "commun": 0.0020876826722338203,
  "contact": 0.0020876826722338203,
  "context": 0.0041753653444676405,
  "contribut": 0.0041753653444676405,
  "date": 0.0041753653444676405,
  "deem": 0.0020876826722338203,
  "defin": 0.0020876826722338203,
  "describ": 0.006263048016701462,
  "design": 0.0020876826722338203,
  "direct": 0.0020876826722338203,
  "disclosur": 0.031315240083507306,
  "doc": 0.0041753653444676405,
  "document": 0.006263048016701462,
  "effort": 0.0020876826722338203,
  "electron": 0.0020876826722338203,
  "endors": 0.0020876826722338203,
  "entiti": 0.0020876826722338203,
  "exist": 0.0020876826722338203,
  "extent": 0.0020876826722338203,
  "file": 0.0041753653444676405,
  "find": 0.0041753653444676405,
  "full": 0.0020876826722338203,
  "function": 0.010438413361169102,
  "group": 0.018789144050104383,
  "identifi": 0.0020876826722338203,
  "ietf": 0.0041753653444676405,
  "implement": 0.0020876826722338203,
  "impli": 0.0020876826722338203,
  "includ": 0.0041753653444676405,
  "independ": 0.0020876826722338203,
  "input": 0.0020876826722338203,
  "intellectu": 0.006263048016701462,
  "intend": 0.008350730688935281,
  "ipr": 0.0020876826722338203,
  "issu": 0.0020876826722338203,
  "licens": 0.0020876826722338203,
  "list": 0.016701461377870562,
  "mail": 0.0041753653444676405,
  "materi": 0.006263048016701462,
  "mechan": 0.0020876826722338203,
  "meet": 0.0020876826722338203,
  "member": 0.0041753653444676405,
  "navig": 0.0020876826722338203,
  "oral": 0.0020876826722338203,
  "org": 0.0020876826722338203,
  "origin": 0.0041753653444676405,
  "p1": 0.0020876826722338203,
  "parent": 0.0041753653444676405,
  "particip": 0.0041753653444676405,
  "pertain": 0.0020876826722338203,
  "place": 0.0020876826722338203,
  "plan": 0.0041753653444676405,
  "plenari": 0.0020876826722338203,
  "portion": 0.0020876826722338203,
  "posit": 0.0020876826722338203,
  "post": 0.0020876826722338203,
  "proceed": 0.0041753653444676405,
  "process": 0.0020876826722338203,
  "properti": 0.006263048016701462,
  "public": 0.006263048016701462,
  "question": 0.0020876826722338203,
  "record": 0.0020876826722338203,
  "registri": 0.0041753653444676405,
  "remov": 0.0020876826722338203,
  "repres": 0.0020876826722338203,
  "request": 0.0041753653444676405,
  "reset": 0.0041753653444676405,
  "right": 0.012526096033402923,
  "rule": 0.0041753653444676405,
  "scope": 0.0020876826722338203,
  "select": 0.0020876826722338203,
  "session": 0.010438413361169102,
  "sourc": 0.0041753653444676405,
  "specif": 0.0041753653444676405,
  "statement": 0.010438413361169102,
  "stream": 0.0041753653444676405,
  "submiss": 0.006263048016701462,
  "submit": 0.0020876826722338203,
  "take": 0.0020876826722338203,
  "team": 0.0020876826722338203,
  "technolog": 0.0020876826722338203,
  "time": 0.0020876826722338203,
  "track": 0.0041753653444676405,
  "updat": 0.0041753653444676405,
  "valid": 0.0020876826722338203,
  "video": 0.0020876826722338203,
  "view": 0.0020876826722338203,
  "well": 0.0020876826722338203,
  "work": 0.008350730688935281,
  "written": 0.0041753653444676405
}