{
  "101": 0.0076045627376425855,
  "AMS": 0.0038022813688212928,
  "About": 0.0076045627376425855,
  "Administr": 0.0038022813688212928,
  "Architectur": 0.0038022813688212928,
  "Area": 0.0038022813688212928,
  "Autom": 0.0038022813688212928,
  "Blog": 0.0076045627376425855,
  "Board": 0.0038022813688212928,
  "Chair": 0.011406844106463879,
  "Committe": 0.0076045627376425855,
  "Commun": 0.0038022813688212928,
  "Contact": 0.0076045627376425855,
  "Datatrack": 0.0076045627376425855,
  "Director": 0.0038022813688212928,
  "Draft": 0.0038022813688212928,
  "Editor": 0.0038022813688212928,
  "Email": 0.011406844106463879,
  "Engineer": 0.0076045627376425855,
  "For": 0.0038022813688212928,
  "Forc": 0.022813688212927757,
  "Go": 0.0038022813688212928,
  "Group": 0.034220532319391636,
  "Hide": 0.0038022813688212928,
  "How": 0.0038022813688212928,
  "IAB": 0.0038022813688212928,
  "IANA": 0.0038022813688212928,
  "IAOC": 0.0038022813688212928,
  "IESG": 0.0076045627376425855,
  "IETF": 0.045627376425855515,
  "IRSG": 0.0076045627376425855,
  "IRTF": 0.034220532319391636,
  "ISOC": 0.0038022813688212928,
  "In": 0.0038022813688212928,
  "Info": 0.0038022813688212928,
  "Intellectu": 0.0038022813688212928,
  "Internet": 0.060836501901140684,
  "Kei": 0.0038022813688212928,
  "London": 0.0076045627376425855,
  "Meet": 0.0038022813688212928,
  "Mission": 0.0038022813688212928,
  "New": 0.019011406844106463,
  "Nomin": 0.0038022813688212928,
  "Online": 0.0038022813688212928,
  "Operat": 0.0038022813688212928,
  "Particip": 0.0076045627376425855,
  "Privaci": 0.0038022813688212928,
  "Quick": 0.0076045627376425855,
  "RFC": 0.0076045627376425855,
  "Research": 0.03802281368821293,
  "Run": 0.0038022813688212928,
  "Search": 0.026615969581749048,
  "Secretariat": 0.0038022813688212928,
  "Standard": 0.0038022813688212928,
  "Statement": 0.0076045627376425855,
  "Steer": 0.0076045627376425855,
  "Support": 0.0038022813688212928,
  "Task": 0.022813688212927757,
  "Team": 0.0038022813688212928,
  "The": 0.022813688212927757,
  "These": 0.0038022813688212928,
  "Thing": 0.0038022813688212928,
  "Tool": 0.011406844106463879,
  "Topic": 0.0038022813688212928,
  "Trust": 0.0076045627376425855,
  "WG": 0.0076045627376425855,
  "Websit": 0.0038022813688212928,
  "Who": 0.0038022813688212928,
  "Work": 0.0038022813688212928,
  "applic": 0.0076045627376425855,
  "architectur": 0.0076045627376425855,
  "archiv": 0.0076045627376425855,
  "blog": 0.0076045627376425855,
  "chair": 0.011406844106463879,
  "code": 0.0038022813688212928,
  "collabor": 0.0038022813688212928,
  "commun": 0.0038022813688212928,
  "compos": 0.0038022813688212928,
  "consult": 0.0038022813688212928,
  "contributor": 0.0038022813688212928,
  "creat": 0.0038022813688212928,
  "develop": 0.0038022813688212928,
  "discuss": 0.0038022813688212928,
  "engin": 0.0038022813688212928,
  "event": 0.0038022813688212928,
  "evolut": 0.0038022813688212928,
  "explor": 0.0038022813688212928,
  "focus": 0.015209125475285171,
  "group": 0.0076045627376425855,
  "includ": 0.0038022813688212928,
  "individu": 0.0076045627376425855,
  "interest": 0.0038022813688212928,
  "issu": 0.011406844106463879,
  "larg": 0.0038022813688212928,
  "link": 0.0076045627376425855,
  "list": 0.011406844106463879,
  "long": 0.011406844106463879,
  "longer": 0.0038022813688212928,
  "make": 0.0038022813688212928,
  "manag": 0.0076045627376425855,
  "member": 0.0038022813688212928,
  "membership": 0.0076045627376425855,
  "need": 0.0038022813688212928,
  "network": 0.0038022813688212928,
  "number": 0.0038022813688212928,
  "organ": 0.0076045627376425855,
  "parallel": 0.0038022813688212928,
  "polici": 0.0038022813688212928,
  "principl": 0.0038022813688212928,
  "process": 0.0038022813688212928,
  "promot": 0.0076045627376425855,
  "properti": 0.0038022813688212928,
  "protocol": 0.0076045627376425855,
  "repres": 0.0038022813688212928,
  "resourc": 0.0076045627376425855,
  "right": 0.0038022813688212928,
  "search": 0.0076045627376425855,
  "select": 0.0038022813688212928,
  "shorter": 0.0038022813688212928,
  "stabl": 0.0038022813688212928,
  "standard": 0.0076045627376425855,
  "teamwork": 0.0038022813688212928,
  "technolog": 0.011406844106463879,
  "term": 0.019011406844106463,
  "tool": 0.0038022813688212928,
  "topic": 0.0076045627376425855,
  "transport": 0.0038022813688212928,
  "websit": 0.0038022813688212928,
  "work": 0.011406844106463879
}