{
  "00": 0.012195121951219513,
  "1": 0.008130081300813009,
  "101": 0.008130081300813009,
  "16": 0.0040650406504065045,
  "17": 0.008130081300813009,
  "18": 0.0040650406504065045,
  "19": 0.0040650406504065045,
  "25": 0.0040650406504065045,
  "30": 0.008130081300813009,
  "30th": 0.0040650406504065045,
  "3rd": 0.0040650406504065045,
  "94": 0.024390243902439025,
  "A": 0.008130081300813009,
  "AMS": 0.0040650406504065045,
  "Abiliti": 0.0040650406504065045,
  "About": 0.0040650406504065045,
  "An": 0.0040650406504065045,
  "Any": 0.0040650406504065045,
  "Area": 0.0040650406504065045,
  "Autom": 0.0040650406504065045,
  "Ballroom": 0.0040650406504065045,
  "Benefit": 0.0040650406504065045,
  "Blog": 0.008130081300813009,
  "Commun": 0.008130081300813009,
  "Companion": 0.04065040650406504,
  "Contact": 0.008130081300813009,
  "Datatrack": 0.008130081300813009,
  "Draft": 0.0040650406504065045,
  "Editor": 0.0040650406504065045,
  "Email": 0.02032520325203252,
  "Event": 0.0040650406504065045,
  "Floor": 0.008130081300813009,
  "Go": 0.0040650406504065045,
  "Group": 0.0040650406504065045,
  "Hide": 0.0040650406504065045,
  "Hotel": 0.008130081300813009,
  "How": 0.008130081300813009,
  "IAB": 0.0040650406504065045,
  "IANA": 0.0040650406504065045,
  "IAOC": 0.0040650406504065045,
  "IESG": 0.008130081300813009,
  "IETF": 0.06910569105691057,
  "IRTF": 0.0040650406504065045,
  "ISOC": 0.0040650406504065045,
  "If": 0.0040650406504065045,
  "In": 0.0040650406504065045,
  "Info": 0.0040650406504065045,
  "Intellectu": 0.0040650406504065045,
  "InterContinent": 0.012195121951219513,
  "Internet": 0.012195121951219513,
  "Kei": 0.0040650406504065045,
  "List": 0.012195121951219513,
  "Locat": 0.008130081300813009,
  "London": 0.008130081300813009,
  "Mail": 0.0040650406504065045,
  "Mayfair": 0.0040650406504065045,
  "Meet": 0.012195121951219513,
  "Mission": 0.0040650406504065045,
  "New": 0.02032520325203252,
  "Novemb": 0.008130081300813009,
  "Online": 0.0040650406504065045,
  "Particip": 0.008130081300813009,
  "Past": 0.0040650406504065045,
  "Privaci": 0.0040650406504065045,
  "Program": 0.028455284552845527,
  "Quick": 0.008130081300813009,
  "RFC": 0.008130081300813009,
  "Recept": 0.0040650406504065045,
  "Registr": 0.0040650406504065045,
  "Run": 0.0040650406504065045,
  "Search": 0.028455284552845527,
  "Secretariat": 0.0040650406504065045,
  "Sign": 0.0040650406504065045,
  "Standard": 0.0040650406504065045,
  "Statement": 0.008130081300813009,
  "Sundai": 0.008130081300813009,
  "Support": 0.0040650406504065045,
  "The": 0.0040650406504065045,
  "Thing": 0.0040650406504065045,
  "Tool": 0.008130081300813009,
  "Topic": 0.0040650406504065045,
  "Trust": 0.0040650406504065045,
  "USD": 0.0040650406504065045,
  "WG": 0.008130081300813009,
  "Websit": 0.0040650406504065045,
  "Welcom": 0.0040650406504065045,
  "Who": 0.0040650406504065045,
  "Work": 0.0040650406504065045,
  "Yokohama": 0.008130081300813009,
  "access": 0.0040650406504065045,
  "ag": 0.0040650406504065045,
  "archiv": 0.008130081300813009,
  "attend": 0.008130081300813009,
  "badg": 0.0040650406504065045,
  "blog": 0.008130081300813009,
  "chair": 0.008130081300813009,
  "choos": 0.0040650406504065045,
  "code": 0.0040650406504065045,
  "companion": 0.012195121951219513,
  "discuss": 0.0040650406504065045,
  "distinct": 0.0040650406504065045,
  "email": 0.008130081300813009,
  "event": 0.008130081300813009,
  "excit": 0.0040650406504065045,
  "famili": 0.0040650406504065045,
  "free": 0.0040650406504065045,
  "friend": 0.0040650406504065045,
  "grant": 0.0040650406504065045,
  "group": 0.0040650406504065045,
  "includ": 0.0040650406504065045,
  "interest": 0.0040650406504065045,
  "join": 0.0040650406504065045,
  "link": 0.008130081300813009,
  "list": 0.02032520325203252,
  "manag": 0.0040650406504065045,
  "meet": 0.0040650406504065045,
  "member": 0.0040650406504065045,
  "network": 0.0040650406504065045,
  "offici": 0.0040650406504065045,
  "open": 0.0040650406504065045,
  "opportun": 0.0040650406504065045,
  "particip": 0.0040650406504065045,
  "plan": 0.0040650406504065045,
  "polici": 0.0040650406504065045,
  "principl": 0.0040650406504065045,
  "process": 0.0040650406504065045,
  "properti": 0.0040650406504065045,
  "recept": 0.0040650406504065045,
  "regist": 0.0040650406504065045,
  "resourc": 0.008130081300813009,
  "right": 0.0040650406504065045,
  "search": 0.008130081300813009,
  "separ": 0.0040650406504065045,
  "session": 0.0040650406504065045,
  "shortli": 0.0040650406504065045,
  "special": 0.0040650406504065045,
  "standard": 0.0040650406504065045,
  "technolog": 0.0040650406504065045,
  "tool": 0.0040650406504065045,
  "transport": 0.0040650406504065045,
  "travel": 0.0040650406504065045,
  "venu": 0.0040650406504065045,
  "will": 0.0040650406504065045,
  "work": 0.012195121951219513,
  "year": 0.0040650406504065045
}