{
  "0": 0.0017452006980802793,
  "101": 0.0034904013961605585,
  "15": 0.0034904013961605585,
  "19": 0.0017452006980802793,
  "20": 0.0017452006980802793,
  "2017": 0.0017452006980802793,
  "21": 0.0017452006980802793,
  "24": 0.0017452006980802793,
  "3rd": 0.0034904013961605585,
  "4": 0.0017452006980802793,
  "5G": 0.0034904013961605585,
  "5gex": 0.0017452006980802793,
  "7": 0.0017452006980802793,
  "99": 0.006980802792321117,
  "A10": 0.005235602094240838,
  "AMS": 0.0017452006980802793,
  "API": 0.0017452006980802793,
  "About": 0.0017452006980802793,
  "Alternat": 0.0017452006980802793,
  "Area": 0.0017452006980802793,
  "As": 0.0017452006980802793,
  "Autom": 0.0017452006980802793,
  "BGP": 0.0017452006980802793,
  "BagPip": 0.0017452006980802793,
  "BigClown": 0.0017452006980802793,
  "Bit": 0.006980802792321117,
  "Bite": 0.006980802792321117,
  "Blog": 0.0034904013961605585,
  "Budapest": 0.0017452006980802793,
  "Cloud": 0.0017452006980802793,
  "Commun": 0.0017452006980802793,
  "Concept": 0.0017452006980802793,
  "Congress": 0.0017452006980802793,
  "Contact": 0.0034904013961605585,
  "DDoS": 0.006980802792321117,
  "Datatrack": 0.0034904013961605585,
  "Demonstr": 0.005235602094240838,
  "Descript": 0.0017452006980802793,
  "Do": 0.0034904013961605585,
  "Draft": 0.0017452006980802793,
  "Econom": 0.0017452006980802793,
  "Editor": 0.0017452006980802793,
  "Email": 0.005235602094240838,
  "Enabl": 0.0017452006980802793,
  "Ericsson": 0.0017452006980802793,
  "European": 0.0017452006980802793,
  "Exchang": 0.0017452006980802793,
  "For": 0.0017452006980802793,
  "Gener": 0.0034904013961605585,
  "Go": 0.0017452006980802793,
  "Group": 0.0017452006980802793,
  "HIP": 0.0017452006980802793,
  "Hall": 0.0017452006980802793,
  "Held": 0.0017452006980802793,
  "Hide": 0.0017452006980802793,
  "Hilton": 0.0017452006980802793,
  "How": 0.0034904013961605585,
  "IAB": 0.0017452006980802793,
  "IANA": 0.0017452006980802793,
  "IAOC": 0.0017452006980802793,
  "ID": 0.0034904013961605585,
  "IESG": 0.0034904013961605585,
  "IETF": 0.029668411867364748,
  "II": 0.0017452006980802793,
  "IOT": 0.0017452006980802793,
  "IP": 0.008726003490401396,
  "IPPM": 0.0017452006980802793,
  "IRTF": 0.0017452006980802793,
  "ISOC": 0.0017452006980802793,
  "Identiti": 0.006980802792321117,
  "In": 0.006980802792321117,
  "Industri": 0.0017452006980802793,
  "Infrastructur": 0.0017452006980802793,
  "Intellectu": 0.0017452006980802793,
  "Internet": 0.006980802792321117,
  "Interwork": 0.0017452006980802793,
  "It": 0.0034904013961605585,
  "Juli": 0.0017452006980802793,
  "LISP": 0.0017452006980802793,
  "LOC": 0.0034904013961605585,
  "Lab": 0.0017452006980802793,
  "London": 0.0034904013961605585,
  "MPLS": 0.0034904013961605585,
  "Marvel": 0.0017452006980802793,
  "Meet": 0.005235602094240838,
  "Mission": 0.0017452006980802793,
  "Mobil": 0.0017452006980802793,
  "N": 0.0034904013961605585,
  "NFV": 0.0034904013961605585,
  "Network": 0.0017452006980802793,
  "New": 0.008726003490401396,
  "Omnia": 0.0017452006980802793,
  "Online": 0.0017452006980802793,
  "OpenDayLight": 0.0017452006980802793,
  "OpenFlow": 0.0034904013961605585,
  "OpenStack": 0.0017452006980802793,
  "Option": 0.0017452006980802793,
  "Orang": 0.0017452006980802793,
  "Our": 0.0017452006980802793,
  "PCEP": 0.0017452006980802793,
  "Particip": 0.005235602094240838,
  "Past": 0.0017452006980802793,
  "PoC": 0.0017452006980802793,
  "Pragu": 0.005235602094240838,
  "Privaci": 0.0017452006980802793,
  "Proof": 0.0017452006980802793,
  "Quick": 0.0034904013961605585,
  "RFC": 0.0034904013961605585,
  "RSVP": 0.0017452006980802793,
  "Research": 0.0017452006980802793,
  "Run": 0.0017452006980802793,
  "SDN": 0.005235602094240838,
  "SW": 0.0017452006980802793,
  "Search": 0.012216404886561954,
  "Secretariat": 0.0017452006980802793,
  "Servic": 0.005235602094240838,
  "Standard": 0.0017452006980802793,
  "Statement": 0.0034904013961605585,
  "Stop": 0.0017452006980802793,
  "Support": 0.0017452006980802793,
  "TCAM": 0.0017452006980802793,
  "TE": 0.0017452006980802793,
  "Technolog": 0.0034904013961605585,
  "Tetri": 0.0017452006980802793,
  "The": 0.010471204188481676,
  "Then": 0.0017452006980802793,
  "These": 0.0017452006980802793,
  "Thi": 0.0017452006980802793,
  "Thing": 0.0017452006980802793,
  "TimeFlip": 0.0017452006980802793,
  "Tool": 0.0034904013961605585,
  "Topic": 0.0017452006980802793,
  "Trust": 0.0017452006980802793,
  "Turri": 0.0017452006980802793,
  "Tutori": 0.0017452006980802793,
  "Union": 0.0017452006980802793,
  "Univers": 0.0017452006980802793,
  "Unknown": 0.0017452006980802793,
  "VNF": 0.005235602094240838,
  "VNFaaS": 0.0017452006980802793,
  "VPN": 0.006980802792321117,
  "Visit": 0.0017452006980802793,
  "WG": 0.0034904013961605585,
  "We": 0.0034904013961605585,
  "Websit": 0.0017452006980802793,
  "Who": 0.0017452006980802793,
  "With": 0.0017452006980802793,
  "Work": 0.0017452006980802793,
  "abil": 0.0017452006980802793,
  "acceler": 0.0017452006980802793,
  "access": 0.0034904013961605585,
  "account": 0.0017452006980802793,
  "accur": 0.0017452006980802793,
  "action": 0.0017452006980802793,
  "actor": 0.0017452006980802793,
  "addit": 0.0017452006980802793,
  "aim": 0.0017452006980802793,
  "allow": 0.0017452006980802793,
  "altern": 0.0017452006980802793,
  "anticip": 0.0017452006980802793,
  "approach": 0.0034904013961605585,
  "architectur": 0.0017452006980802793,
  "archiv": 0.0034904013961605585,
  "art": 0.0017452006980802793,
  "attack": 0.0034904013961605585,
  "autom": 0.0017452006980802793,
  "backbon": 0.0017452006980802793,
  "bad": 0.0017452006980802793,
  "base": 0.008726003490401396,
  "beer": 0.0017452006980802793,
  "belong": 0.0017452006980802793,
  "bit": 0.0017452006980802793,
  "blog": 0.0034904013961605585,
  "booth": 0.0034904013961605585,
  "build": 0.0017452006980802793,
  "capac": 0.0017452006980802793,
  "carri": 0.0017452006980802793,
  "case": 0.0017452006980802793,
  "chair": 0.0034904013961605585,
  "cloud": 0.0034904013961605585,
  "code": 0.0017452006980802793,
  "collabor": 0.0017452006980802793,
  "common": 0.0017452006980802793,
  "commun": 0.0034904013961605585,
  "complimentari": 0.0017452006980802793,
  "compon": 0.010471204188481676,
  "compromis": 0.0017452006980802793,
  "concept": 0.0017452006980802793,
  "conjunct": 0.0017452006980802793,
  "connect": 0.0017452006980802793,
  "continu": 0.0017452006980802793,
  "control": 0.005235602094240838,
  "coopetit": 0.0017452006980802793,
  "cornerston": 0.0017452006980802793,
  "couch": 0.0017452006980802793,
  "craft": 0.0017452006980802793,
  "current": 0.0017452006980802793,
  "custom": 0.0017452006980802793,
  "data": 0.0034904013961605585,
  "dedic": 0.0017452006980802793,
  "delai": 0.0017452006980802793,
  "demo": 0.0034904013961605585,
  "demonstr": 0.005235602094240838,
  "depend": 0.0017452006980802793,
  "deploy": 0.0017452006980802793,
  "depth": 0.0034904013961605585,
  "design": 0.0034904013961605585,
  "detect": 0.0017452006980802793,
  "develop": 0.005235602094240838,
  "devic": 0.0017452006980802793,
  "discuss": 0.0034904013961605585,
  "distribut": 0.0017452006980802793,
  "driver": 0.0017452006980802793,
  "dynam": 0.0017452006980802793,
  "eagerli": 0.0017452006980802793,
  "ecosystem": 0.0034904013961605585,
  "edg": 0.0017452006980802793,
  "emerg": 0.0017452006980802793,
  "emphas": 0.0017452006980802793,
  "enabl": 0.0017452006980802793,
  "encourag": 0.0017452006980802793,
  "endpoint": 0.0017452006980802793,
  "entir": 0.0017452006980802793,
  "environ": 0.0034904013961605585,
  "eu": 0.0017452006980802793,
  "event": 0.008726003490401396,
  "exist": 0.0034904013961605585,
  "exploit": 0.0017452006980802793,
  "extend": 0.0017452006980802793,
  "favorit": 0.0017452006980802793,
  "featur": 0.0017452006980802793,
  "feder": 0.0017452006980802793,
  "focu": 0.0034904013961605585,
  "fulli": 0.0017452006980802793,