{
  "00": 0.002564102564102564,
  "1": 0.007692307692307693,
  "101": 0.005128205128205128,
  "2": 0.002564102564102564,
  "200": 0.002564102564102564,
  "26": 0.005128205128205128,
  "3": 0.002564102564102564,
  "30": 0.002564102564102564,
  "31": 0.002564102564102564,
  "60": 0.002564102564102564,
  "98": 0.020512820512820513,
  "AMS": 0.002564102564102564,
  "About": 0.002564102564102564,
  "Agenda": 0.002564102564102564,
  "Area": 0.002564102564102564,
  "Autom": 0.002564102564102564,
  "Blog": 0.005128205128205128,
  "Chapter": 0.010256410256410256,
  "Chicago": 0.010256410256410256,
  "Commun": 0.002564102564102564,
  "Contact": 0.005128205128205128,
  "Dai": 0.002564102564102564,
  "Datatrack": 0.005128205128205128,
  "Desk": 0.002564102564102564,
  "Draft": 0.002564102564102564,
  "Editor": 0.002564102564102564,
  "Email": 0.007692307692307693,
  "Engineer": 0.005128205128205128,
  "Experienc": 0.002564102564102564,
  "Forc": 0.002564102564102564,
  "Go": 0.002564102564102564,
  "Group": 0.005128205128205128,
  "Guest": 0.017948717948717947,
  "Hide": 0.002564102564102564,
  "How": 0.005128205128205128,
  "IAB": 0.002564102564102564,
  "IANA": 0.002564102564102564,
  "IAOC": 0.002564102564102564,
  "ID": 0.002564102564102564,
  "IESG": 0.005128205128205128,
  "IETF": 0.05641025641025641,
  "IP": 0.002564102564102564,
  "IPv6": 0.002564102564102564,
  "IRTF": 0.002564102564102564,
  "ISOC": 0.007692307692307693,
  "If": 0.002564102564102564,
  "In": 0.005128205128205128,
  "Instructor": 0.002564102564102564,
  "Intellectu": 0.002564102564102564,
  "Interest": 0.002564102564102564,
  "Internet": 0.03333333333333333,
  "It": 0.002564102564102564,
  "Join": 0.002564102564102564,
  "Lead": 0.002564102564102564,
  "Local": 0.002564102564102564,
  "London": 0.005128205128205128,
  "March": 0.005128205128205128,
  "Meet": 0.010256410256410256,
  "Member": 0.002564102564102564,
  "Mission": 0.002564102564102564,
  "New": 0.01282051282051282,
  "Newcom": 0.002564102564102564,
  "Note": 0.002564102564102564,
  "Online": 0.002564102564102564,
  "PM": 0.002564102564102564,
  "Particip": 0.002564102564102564,
  "Pass": 0.010256410256410256,
  "Past": 0.002564102564102564,
  "Pick": 0.005128205128205128,
  "Privaci": 0.002564102564102564,
  "Professor": 0.002564102564102564,
  "Quick": 0.005128205128205128,
  "RFC": 0.005128205128205128,
  "Regist": 0.002564102564102564,
  "Registr": 0.007692307692307693,
  "Run": 0.002564102564102564,
  "Search": 0.017948717948717947,
  "Secretariat": 0.002564102564102564,
  "See": 0.002564102564102564,
  "Send": 0.002564102564102564,
  "Societi": 0.005128205128205128,
  "Standard": 0.005128205128205128,
  "State": 0.002564102564102564,
  "Statement": 0.005128205128205128,
  "Student": 0.007692307692307693,
  "Sundai": 0.002564102564102564,
  "Support": 0.002564102564102564,
  "Swissotel": 0.002564102564102564,
  "TCP": 0.002564102564102564,
  "Tabl": 0.002564102564102564,
  "Task": 0.002564102564102564,
  "The": 0.020512820512820513,
  "Thing": 0.002564102564102564,
  "To": 0.005128205128205128,
  "Tool": 0.005128205128205128,
  "Topic": 0.002564102564102564,
  "Trust": 0.002564102564102564,
  "Tutori": 0.002564102564102564,
  "Univers": 0.002564102564102564,
  "VoIP": 0.002564102564102564,
  "WG": 0.005128205128205128,
  "We": 0.002564102564102564,
  "Websit": 0.002564102564102564,
  "Who": 0.002564102564102564,
  "Work": 0.005128205128205128,
  "You": 0.002564102564102564,
  "agenda": 0.002564102564102564,
  "architectur": 0.002564102564102564,
  "archiv": 0.005128205128205128,
  "attend": 0.005128205128205128,
  "attende": 0.002564102564102564,
  "basi": 0.002564102564102564,
  "best": 0.002564102564102564,
  "better": 0.002564102564102564,
  "blog": 0.005128205128205128,
  "chair": 0.005128205128205128,
  "check": 0.002564102564102564,
  "code": 0.005128205128205128,
  "commun": 0.005128205128205128,
  "complimentari": 0.002564102564102564,
  "concern": 0.002564102564102564,
  "consensu": 0.002564102564102564,
  "corpor": 0.002564102564102564,
  "countri": 0.002564102564102564,
  "dai": 0.017948717948717947,
  "datatrack": 0.002564102564102564,
  "decis": 0.002564102564102564,
  "depth": 0.002564102564102564,
  "develop": 0.005128205128205128,
  "discuss": 0.002564102564102564,
  "don": 0.002564102564102564,
  "email": 0.005128205128205128,
  "endeavor": 0.002564102564102564,
  "engin": 0.002564102564102564,
  "event": 0.007692307692307693,
  "evolut": 0.002564102564102564,
  "expect": 0.002564102564102564,
  "face": 0.005128205128205128,
  "forward": 0.002564102564102564,
  "govern": 0.002564102564102564,
  "group": 0.005128205128205128,
  "guest": 0.005128205128205128,
  "hand": 0.002564102564102564,
  "held": 0.002564102564102564,
  "html": 0.010256410256410256,
  "http": 0.010256410256410256,
  "ietf": 0.01282051282051282,
  "includ": 0.002564102564102564,
  "individu": 0.002564102564102564,
  "instant": 0.002564102564102564,
  "instructor": 0.005128205128205128,
  "interest": 0.005128205128205128,
  "intern": 0.002564102564102564,
  "invit": 0.002564102564102564,
  "lead": 0.005128205128205128,
  "learn": 0.002564102564102564,
  "link": 0.005128205128205128,
  "list": 0.007692307692307693,
  "local": 0.005128205128205128,
  "mail": 0.002564102564102564,
  "manag": 0.002564102564102564,
  "meet": 0.017948717948717947,
  "member": 0.007692307692307693,
  "messag": 0.002564102564102564,
  "network": 0.005128205128205128,
  "newcom": 0.002564102564102564,
  "number": 0.002564102564102564,
  "onlin": 0.002564102564102564,
  "open": 0.005128205128205128,
  "oper": 0.002564102564102564,
  "opportun": 0.002564102564102564,
  "org": 0.01282051282051282,
  "organ": 0.002564102564102564,
  "pai": 0.002564102564102564,
  "particip": 0.002564102564102564,
  "peopl": 0.002564102564102564,
  "polici": 0.002564102564102564,
  "premier": 0.002564102564102564,
  "principl": 0.002564102564102564,
  "process": 0.007692307692307693,
  "progress": 0.002564102564102564,
  "properti": 0.002564102564102564,
  "provid": 0.002564102564102564,
  "receiv": 0.002564102564102564,
  "regist": 0.002564102564102564,
  "registrar": 0.002564102564102564,
  "request": 0.002564102564102564,
  "research": 0.002564102564102564,
  "resourc": 0.005128205128205128,
  "respons": 0.002564102564102564,
  "right": 0.002564102564102564,
  "rough": 0.002564102564102564,
  "run": 0.002564102564102564,
  "schedul": 0.005128205128205128,
  "search": 0.005128205128205128,
  "session": 0.002564102564102564,
  "smooth": 0.002564102564102564,
  "standard": 0.01282051282051282,
  "student": 0.002564102564102564,
  "subject": 0.002564102564102564,
  "t": 0.002564102564102564,
  "tag": 0.002564102564102564,
  "technolog": 0.002564102564102564,
  "three": 0.002564102564102564,
  "time": 0.002564102564102564,
  "tool": 0.002564102564102564,
  "transport": 0.002564102564102564,
  "tutori": 0.002564102564102564,
  "uniqu": 0.002564102564102564,
  "volunt": 0.005128205128205128,
  "welcom": 0.002564102564102564,
  "will": 0.010256410256410256,
  "work": 0.015384615384615385,
  "worldwid": 0.002564102564102564,
  "year": 0.002564102564102564
}