{
  "101": 0.008658008658008658,
  "AMS": 0.004329004329004329,
  "About": 0.004329004329004329,
  "An": 0.004329004329004329,
  "Area": 0.004329004329004329,
  "Autom": 0.004329004329004329,
  "Blog": 0.008658008658008658,
  "Code": 0.012987012987012988,
  "CodeStand": 0.008658008658008658,
  "Commun": 0.004329004329004329,
  "Contact": 0.008658008658008658,
  "Datatrack": 0.008658008658008658,
  "Draft": 0.004329004329004329,
  "Editor": 0.004329004329004329,
  "Email": 0.012987012987012988,
  "Go": 0.004329004329004329,
  "Group": 0.004329004329004329,
  "Hackathon": 0.008658008658008658,
  "How": 0.008658008658008658,
  "IAB": 0.004329004329004329,
  "IANA": 0.004329004329004329,
  "IAOC": 0.004329004329004329,
  "IESG": 0.008658008658008658,
  "IETF": 0.09523809523809523,
  "IRTF": 0.004329004329004329,
  "ISOC": 0.004329004329004329,
  "Implement": 0.008658008658008658,
  "Intellectu": 0.004329004329004329,
  "Internet": 0.017316017316017316,
  "London": 0.008658008658008658,
  "Meet": 0.004329004329004329,
  "Mission": 0.004329004329004329,
  "New": 0.021645021645021644,
  "Online": 0.004329004329004329,
  "Particip": 0.004329004329004329,
  "Privaci": 0.004329004329004329,
  "Quick": 0.008658008658008658,
  "RFC": 0.008658008658008658,
  "Run": 0.012987012987012988,
  "Search": 0.030303030303030304,
  "Secretariat": 0.004329004329004329,
  "Sprint": 0.008658008658008658,
  "Standard": 0.008658008658008658,
  "Statement": 0.008658008658008658,
  "Support": 0.004329004329004329,
  "The": 0.008658008658008658,
  "Thi": 0.004329004329004329,
  "Thing": 0.004329004329004329,
  "Tool": 0.012987012987012988,
  "Topic": 0.004329004329004329,
  "Trust": 0.004329004329004329,
  "WG": 0.008658008658008658,
  "We": 0.004329004329004329,
  "Websit": 0.004329004329004329,
  "While": 0.004329004329004329,
  "Who": 0.004329004329004329,
  "Work": 0.004329004329004329,
  "activ": 0.004329004329004329,
  "advanc": 0.004329004329004329,
  "archiv": 0.008658008658008658,
  "base": 0.004329004329004329,
  "blog": 0.008658008658008658,
  "bring": 0.004329004329004329,
  "chair": 0.008658008658008658,
  "code": 0.030303030303030304,
  "collabor": 0.004329004329004329,
  "commun": 0.004329004329004329,
  "consensu": 0.004329004329004329,
  "consid": 0.004329004329004329,
  "consum": 0.004329004329004329,
  "contribut": 0.004329004329004329,
  "critic": 0.004329004329004329,
  "develop": 0.025974025974025976,
  "directli": 0.004329004329004329,
  "discuss": 0.004329004329004329,
  "encourag": 0.012987012987012988,
  "event": 0.004329004329004329,
  "experi": 0.004329004329004329,
  "feedback": 0.004329004329004329,
  "group": 0.004329004329004329,
  "host": 0.004329004329004329,
  "idea": 0.004329004329004329,
  "implement": 0.017316017316017316,
  "interest": 0.004329004329004329,
  "link": 0.008658008658008658,
  "list": 0.012987012987012988,
  "manag": 0.004329004329004329,
  "marketplac": 0.004329004329004329,
  "motto": 0.004329004329004329,
  "network": 0.004329004329004329,
  "number": 0.004329004329004329,
  "open": 0.004329004329004329,
  "organ": 0.004329004329004329,
  "particip": 0.012987012987012988,
  "plai": 0.004329004329004329,
  "pleasur": 0.004329004329004329,
  "polici": 0.004329004329004329,
  "practic": 0.004329004329004329,
  "pre": 0.004329004329004329,
  "principl": 0.004329004329004329,
  "process": 0.012987012987012988,
  "professor": 0.004329004329004329,
  "promot": 0.004329004329004329,
  "properti": 0.004329004329004329,
  "proprietari": 0.004329004329004329,
  "protocol": 0.004329004329004329,
  "relev": 0.004329004329004329,
  "report": 0.008658008658008658,
  "research": 0.004329004329004329,
  "resourc": 0.008658008658008658,
  "right": 0.004329004329004329,
  "rough": 0.004329004329004329,
  "run": 0.004329004329004329,
  "sampl": 0.004329004329004329,
  "search": 0.008658008658008658,
  "solut": 0.004329004329004329,
  "sourc": 0.004329004329004329,
  "specif": 0.008658008658008658,
  "standard": 0.03463203463203463,
  "student": 0.004329004329004329,
  "support": 0.004329004329004329,
  "team": 0.004329004329004329,
  "technolog": 0.004329004329004329,
  "time": 0.004329004329004329,
  "tool": 0.008658008658008658,
  "transport": 0.004329004329004329,
  "unoffici": 0.004329004329004329,
  "util": 0.004329004329004329,
  "vendor": 0.004329004329004329,
  "work": 0.017316017316017316,
  "write": 0.004329004329004329
}