{
  "00": 0.012254901960784314,
  "101": 0.004901960784313725,
  "13": 0.0024509803921568627,
  "14": 0.0024509803921568627,
  "150": 0.0024509803921568627,
  "16": 0.004901960784313725,
  "17": 0.0024509803921568627,
  "20": 0.0024509803921568627,
  "50": 0.0024509803921568627,
  "87": 0.0024509803921568627,
  "9": 0.0024509803921568627,
  "93": 0.014705882352941176,
  "A": 0.004901960784313725,
  "AMS": 0.0024509803921568627,
  "About": 0.0024509803921568627,
  "Agenda": 0.0024509803921568627,
  "Android": 0.004901960784313725,
  "Area": 0.0024509803921568627,
  "Attende": 0.0024509803921568627,
  "Autom": 0.0024509803921568627,
  "Badg": 0.0024509803921568627,
  "Blog": 0.004901960784313725,
  "Classroom": 0.0024509803921568627,
  "Cloud": 0.0024509803921568627,
  "Commun": 0.0024509803921568627,
  "Conner": 0.0024509803921568627,
  "Contact": 0.004901960784313725,
  "Dai": 0.0024509803921568627,
  "Datatrack": 0.007352941176470588,
  "Dinner": 0.0024509803921568627,
  "Dive": 0.0024509803921568627,
  "Document": 0.0024509803921568627,
  "Draft": 0.004901960784313725,
  "EDU": 0.004901960784313725,
  "Editor": 0.0024509803921568627,
  "Email": 0.007352941176470588,
  "Engineer": 0.0024509803921568627,
  "Event": 0.0024509803921568627,
  "Explanat": 0.0024509803921568627,
  "Find": 0.0024509803921568627,
  "For": 0.0024509803921568627,
  "Forc": 0.0024509803921568627,
  "Garden": 0.0024509803921568627,
  "Get": 0.0024509803921568627,
  "Go": 0.0024509803921568627,
  "Greet": 0.0024509803921568627,
  "Group": 0.0024509803921568627,
  "Guid": 0.0024509803921568627,
  "Hide": 0.0024509803921568627,
  "How": 0.004901960784313725,
  "I": 0.0024509803921568627,
  "IAB": 0.0024509803921568627,
  "IANA": 0.0024509803921568627,
  "IAOC": 0.0024509803921568627,
  "IESG": 0.007352941176470588,
  "IETF": 0.07352941176470588,
  "II": 0.0024509803921568627,
  "IRTF": 0.0024509803921568627,
  "ISOC": 0.0024509803921568627,
  "In": 0.0024509803921568627,
  "Info": 0.0024509803921568627,
  "Intellectu": 0.0024509803921568627,
  "Internet": 0.012254901960784314,
  "Karlin": 0.0024509803921568627,
  "Kei": 0.0024509803921568627,
  "List": 0.0024509803921568627,
  "Locat": 0.0024509803921568627,
  "London": 0.004901960784313725,
  "Maddi": 0.0024509803921568627,
  "Mani": 0.004901960784313725,
  "Meet": 0.014705882352941176,
  "Mentor": 0.004901960784313725,
  "Mission": 0.0024509803921568627,
  "Mondai": 0.0024509803921568627,
  "New": 0.012254901960784314,
  "Newcom": 0.012254901960784314,
  "Novic": 0.0024509803921568627,
  "Online": 0.004901960784313725,
  "Organiz": 0.0024509803921568627,
  "Orientat": 0.0024509803921568627,
  "Other": 0.0024509803921568627,
  "Particip": 0.0024509803921568627,
  "Past": 0.0024509803921568627,
  "Pragu": 0.007352941176470588,
  "Privaci": 0.0024509803921568627,
  "Program": 0.004901960784313725,
  "Quick": 0.004901960784313725,
  "RFC": 0.007352941176470588,
  "RSVP": 0.0024509803921568627,
  "Registr": 0.0024509803921568627,
  "Run": 0.0024509803921568627,
  "Search": 0.01715686274509804,
  "Secretariat": 0.004901960784313725,
  "Standard": 0.0024509803921568627,
  "Statement": 0.004901960784313725,
  "Subscrib": 0.0024509803921568627,
  "Sundai": 0.004901960784313725,
  "Support": 0.0024509803921568627,
  "Tao": 0.0024509803921568627,
  "Task": 0.0024509803921568627,
  "Team": 0.0024509803921568627,
  "Terrac": 0.0024509803921568627,
  "The": 0.012254901960784314,
  "Theater": 0.0024509803921568627,
  "There": 0.0024509803921568627,
  "These": 0.0024509803921568627,
  "Thi": 0.004901960784313725,
  "Thing": 0.0024509803921568627,
  "Time": 0.0024509803921568627,
  "Tool": 0.004901960784313725,
  "Topic": 0.0024509803921568627,
  "Trust": 0.0024509803921568627,
  "WG": 0.004901960784313725,
  "Websit": 0.0024509803921568627,
  "Welcom": 0.0024509803921568627,
  "Who": 0.0024509803921568627,
  "Work": 0.0024509803921568627,
  "You": 0.0024509803921568627,
  "advanc": 0.0024509803921568627,
  "advic": 0.0024509803921568627,
  "agenda": 0.014705882352941176,
  "aid": 0.0024509803921568627,
  "amsl": 0.0024509803921568627,
  "app": 0.00980392156862745,
  "archiv": 0.004901960784313725,
  "attende": 0.0024509803921568627,
  "author": 0.0024509803921568627,
  "badg": 0.0024509803921568627,
  "blog": 0.004901960784313725,
  "board": 0.0024509803921568627,
  "bulletin": 0.0024509803921568627,
  "chair": 0.007352941176470588,
  "chang": 0.0024509803921568627,
  "code": 0.0024509803921568627,
  "collect": 0.0024509803921568627,
  "color": 0.0024509803921568627,
  "commun": 0.004901960784313725,
  "convers": 0.0024509803921568627,
  "criteria": 0.0024509803921568627,
  "current": 0.0024509803921568627,
  "dai": 0.0024509803921568627,
  "dalmasso": 0.0024509803921568627,
  "datatrack": 0.007352941176470588,
  "design": 0.004901960784313725,
  "detail": 0.0024509803921568627,
  "discuss": 0.0024509803921568627,
  "doc": 0.0024509803921568627,
  "dot": 0.004901960784313725,
  "dynam": 0.0024509803921568627,
  "email": 0.0024509803921568627,
  "event": 0.00980392156862745,
  "experienc": 0.0024509803921568627,
  "face": 0.004901960784313725,
  "fewer": 0.0024509803921568627,
  "focu": 0.0024509803921568627,
  "fun": 0.0024509803921568627,
  "googl": 0.0024509803921568627,
  "great": 0.0024509803921568627,
  "group": 0.007352941176470588,
  "help": 0.0024509803921568627,
  "histori": 0.0024509803921568627,
  "html": 0.00980392156862745,
  "http": 0.01715686274509804,
  "iPhon": 0.004901960784313725,
  "ietf": 0.012254901960784314,
  "ietfer": 0.0024509803921568627,
  "ietfsch": 0.0024509803921568627,
  "integr": 0.004901960784313725,
  "interest": 0.0024509803921568627,
  "intro": 0.0024509803921568627,
  "introduc": 0.004901960784313725,
  "introduct": 0.0024509803921568627,
  "itun": 0.0024509803921568627,
  "link": 0.004901960784313725,
  "list": 0.007352941176470588,
  "manag": 0.0024509803921568627,
  "mark": 0.0024509803921568627,
  "match": 0.0024509803921568627,
  "materi": 0.004901960784313725,
  "mconner": 0.0024509803921568627,
  "meet": 0.014705882352941176,
  "mentor": 0.0024509803921568627,
  "move": 0.0024509803921568627,
  "network": 0.0024509803921568627,
  "newcom": 0.00980392156862745,
  "number": 0.0024509803921568627,
  "ongo": 0.0024509803921568627,
  "onlin": 0.007352941176470588,
  "order": 0.0024509803921568627,
  "org": 0.014705882352941176,
  "particip": 0.012254901960784314,
  "peopl": 0.004901960784313725,
  "plai": 0.0024509803921568627,
  "polici": 0.0024509803921568627,
  "present": 0.004901960784313725,
  "principl": 0.0024509803921568627,
  "process": 0.007352941176470588,
  "program": 0.004901960784313725,
  "properti": 0.0024509803921568627,
  "purpos": 0.0024509803921568627,
  "regist": 0.0024509803921568627,
  "registr": 0.0024509803921568627,
  "resourc": 0.00980392156862745,
  "right": 0.0024509803921568627,
  "search": 0.007352941176470588,
  "session": 0.004901960784313725,
  "show": 0.0024509803921568627,
  "sign": 0.0024509803921568627,
  "slide": 0.0024509803921568627,
  "smartphon": 0.0024509803921568627,
  "standard": 0.0024509803921568627,
  "store": 0.0024509803921568627,
  "student": 0.0024509803921568627,
  "tao": 0.0024509803921568627,
  "team": 0.0024509803921568627,
  "technic": 0.0024509803921568627,
  "technolog": 0.0024509803921568627,
  "three": 0.0024509803921568627,
  "tip": 0.0024509803921568627,
  "titl": 0.0024509803921568627,
  "tool": 0.0024509803921568627,
  "topic": 0.0024509803921568627,
  "transport": 0.0024509803921568627,
  "tutori": 0.007352941176470588,
  "varieti": 0.0024509803921568627,
  "version": 0.004901960784313725,
  "view": 0.0024509803921568627,
  "visit": 0.0024509803921568627,
  "week": 0.0024509803921568627,
  "well": 0.0024509803921568627,
  "will": 0.0024509803921568627,
  "wisdom": 0.0024509803921568627,
  "work": 0.00980392156862745
}