{
  "00": 0.011299435028248588,
  "101": 0.011299435028248588,
  "12": 0.005649717514124294,
  "13": 0.011299435028248588,
  "14": 0.005649717514124294,
  "15": 0.005649717514124294,
  "16": 0.005649717514124294,
  "2017": 0.011299435028248588,
  "26": 0.011299435028248588,
  "30": 0.011299435028248588,
  "31": 0.005649717514124294,
  "45": 0.011299435028248588,
  "98": 0.022598870056497175,
  "AMS": 0.005649717514124294,
  "About": 0.005649717514124294,
  "Area": 0.005649717514124294,
  "Autom": 0.005649717514124294,
  "Blog": 0.011299435028248588,
  "Chicago": 0.01694915254237288,
  "Commun": 0.005649717514124294,
  "Consider": 0.005649717514124294,
  "Contact": 0.011299435028248588,
  "Datatrack": 0.011299435028248588,
  "Draft": 0.005649717514124294,
  "Editor": 0.005649717514124294,
  "EduTeam": 0.005649717514124294,
  "Email": 0.01694915254237288,
  "Go": 0.005649717514124294,
  "Group": 0.005649717514124294,
  "Hide": 0.005649717514124294,
  "How": 0.011299435028248588,
  "IAB": 0.005649717514124294,
  "IANA": 0.005649717514124294,
  "IAOC": 0.005649717514124294,
  "IESG": 0.011299435028248588,
  "IETF": 0.07344632768361582,
  "IRFT": 0.005649717514124294,
  "IRTF": 0.005649717514124294,
  "ISOC": 0.005649717514124294,
  "Illinoi": 0.005649717514124294,
  "In": 0.011299435028248588,
  "Indpendent": 0.005649717514124294,
  "Intellectu": 0.005649717514124294,
  "Internet": 0.01694915254237288,
  "London": 0.011299435028248588,
  "March": 0.011299435028248588,
  "Meet": 0.01694915254237288,
  "Mission": 0.005649717514124294,
  "New": 0.02824858757062147,
  "Newcom": 0.005649717514124294,
  "Online": 0.005649717514124294,
  "Overview": 0.005649717514124294,
  "Particip": 0.005649717514124294,
  "Past": 0.005649717514124294,
  "Privaci": 0.005649717514124294,
  "QUIC": 0.005649717514124294,
  "Quick": 0.011299435028248588,
  "RFC": 0.011299435028248588,
  "Run": 0.005649717514124294,
  "Search": 0.03954802259887006,
  "Secretariat": 0.005649717514124294,
  "Secur": 0.005649717514124294,
  "Session": 0.005649717514124294,
  "Standard": 0.005649717514124294,
  "Statement": 0.011299435028248588,
  "Stream": 0.005649717514124294,
  "Sundai": 0.005649717514124294,
  "Support": 0.005649717514124294,
  "The": 0.011299435028248588,
  "Thing": 0.005649717514124294,
  "Time": 0.01694915254237288,
  "Tool": 0.011299435028248588,
  "Topic": 0.005649717514124294,
  "Train": 0.005649717514124294,
  "Trust": 0.005649717514124294,
  "USA": 0.005649717514124294,
  "WG": 0.011299435028248588,
  "Websit": 0.005649717514124294,
  "Who": 0.005649717514124294,
  "Work": 0.005649717514124294,
  "archiv": 0.011299435028248588,
  "attende": 0.005649717514124294,
  "blog": 0.011299435028248588,
  "chair": 0.011299435028248588,
  "code": 0.005649717514124294,
  "depth": 0.005649717514124294,
  "discuss": 0.005649717514124294,
  "event": 0.011299435028248588,
  "group": 0.005649717514124294,
  "held": 0.005649717514124294,
  "interest": 0.005649717514124294,
  "link": 0.011299435028248588,
  "list": 0.01694915254237288,
  "manag": 0.005649717514124294,
  "network": 0.005649717514124294,
  "open": 0.005649717514124294,
  "polici": 0.005649717514124294,
  "principl": 0.005649717514124294,
  "process": 0.005649717514124294,
  "properti": 0.005649717514124294,
  "resourc": 0.011299435028248588,
  "right": 0.005649717514124294,
  "search": 0.011299435028248588,
  "standard": 0.005649717514124294,
  "technolog": 0.005649717514124294,
  "tool": 0.005649717514124294,
  "transport": 0.005649717514124294,
  "tutori": 0.011299435028248588,
  "will": 0.005649717514124294,
  "work": 0.011299435028248588
}