{
  "101": 0.0051813471502590676,
  "AD": 0.0051813471502590676,
  "AMS": 0.0025906735751295338,
  "About": 0.007772020725388601,
  "Architectur": 0.0051813471502590676,
  "Area": 0.010362694300518135,
  "Assign": 0.0025906735751295338,
  "Author": 0.0025906735751295338,
  "Autom": 0.0025906735751295338,
  "Blog": 0.0051813471502590676,
  "Board": 0.0051813471502590676,
  "Commun": 0.0025906735751295338,
  "Contact": 0.0051813471502590676,
  "Contributor": 0.0025906735751295338,
  "Datatrack": 0.0051813471502590676,
  "Director": 0.0051813471502590676,
  "Draft": 0.0051813471502590676,
  "Editor": 0.0025906735751295338,
  "Email": 0.007772020725388601,
  "Engineer": 0.007772020725388601,
  "Forc": 0.0051813471502590676,
  "Gener": 0.0025906735751295338,
  "Get": 0.0025906735751295338,
  "Glossari": 0.0025906735751295338,
  "Go": 0.0025906735751295338,
  "Group": 0.010362694300518135,
  "How": 0.0025906735751295338,
  "IAB": 0.018134715025906734,
  "IANA": 0.0051813471502590676,
  "IAOC": 0.0025906735751295338,
  "IESG": 0.015544041450777202,
  "IETF": 0.08031088082901554,
  "IPR": 0.0025906735751295338,
  "IRTF": 0.0025906735751295338,
  "ISOC": 0.0051813471502590676,
  "Intellectu": 0.0025906735751295338,
  "Internet": 0.054404145077720206,
  "Learn": 0.0025906735751295338,
  "Liaison": 0.0051813471502590676,
  "London": 0.0051813471502590676,
  "Meet": 0.0025906735751295338,
  "Mission": 0.0051813471502590676,
  "More": 0.0025906735751295338,
  "Much": 0.0025906735751295338,
  "New": 0.015544041450777202,
  "Note": 0.0051813471502590676,
  "Number": 0.0025906735751295338,
  "Online": 0.0025906735751295338,
  "Particip": 0.007772020725388601,
  "Privaci": 0.0025906735751295338,
  "Provid": 0.0025906735751295338,
  "Quick": 0.0051813471502590676,
  "RFC": 0.007772020725388601,
  "RFC2026": 0.0025906735751295338,
  "RFC4677": 0.0025906735751295338,
  "Run": 0.0025906735751295338,
  "Search": 0.018134715025906734,
  "Secretariat": 0.0025906735751295338,
  "Societi": 0.0025906735751295338,
  "Standard": 0.0025906735751295338,
  "Start": 0.0025906735751295338,
  "Statement": 0.0051813471502590676,
  "Steer": 0.0025906735751295338,
  "Support": 0.0051813471502590676,
  "Tao": 0.0025906735751295338,
  "Task": 0.0051813471502590676,
  "The": 0.04404145077720207,
  "Thi": 0.0025906735751295338,
  "Thing": 0.0025906735751295338,
  "Tool": 0.0051813471502590676,
  "Topic": 0.0025906735751295338,
  "Trust": 0.0025906735751295338,
  "WG": 0.0051813471502590676,
  "Websit": 0.0025906735751295338,
  "Well": 0.0051813471502590676,
  "Who": 0.0051813471502590676,
  "Work": 0.0051813471502590676,
  "You": 0.0025906735751295338,
  "activ": 0.0025906735751295338,
  "adjud": 0.0025906735751295338,
  "appeal": 0.0025906735751295338,
  "appoint": 0.0051813471502590676,
  "architectur": 0.007772020725388601,
  "archiv": 0.0051813471502590676,
  "area": 0.0025906735751295338,
  "assign": 0.0025906735751295338,
  "better": 0.0051813471502590676,
  "blog": 0.0051813471502590676,
  "bodi": 0.0025906735751295338,
  "central": 0.0025906735751295338,
  "chair": 0.007772020725388601,
  "charter": 0.0025906735751295338,
  "code": 0.0025906735751295338,
  "commonli": 0.0025906735751295338,
  "commun": 0.0051813471502590676,
  "complain": 0.0025906735751295338,
  "concern": 0.0051813471502590676,
  "condit": 0.0025906735751295338,
  "context": 0.0025906735751295338,
  "contribut": 0.0025906735751295338,
  "coordin": 0.0025906735751295338,
  "describ": 0.0025906735751295338,
  "design": 0.007772020725388601,
  "develop": 0.0025906735751295338,
  "differ": 0.0025906735751295338,
  "discuss": 0.0025906735751295338,
  "document": 0.0025906735751295338,
  "event": 0.0025906735751295338,
  "evolut": 0.0051813471502590676,
  "expertis": 0.0025906735751295338,
  "fail": 0.0025906735751295338,
  "feel": 0.0025906735751295338,
  "find": 0.0025906735751295338,
  "foundat": 0.0025906735751295338,
  "goal": 0.0025906735751295338,
  "group": 0.010362694300518135,
  "handl": 0.0025906735751295338,
  "help": 0.007772020725388601,
  "high": 0.0025906735751295338,
  "hold": 0.0025906735751295338,
  "individu": 0.0025906735751295338,
  "influenc": 0.0025906735751295338,
  "innov": 0.0025906735751295338,
  "interest": 0.0025906735751295338,
  "intern": 0.0051813471502590676,
  "keep": 0.0025906735751295338,
  "larg": 0.0051813471502590676,
  "learn": 0.0025906735751295338,
  "liaison": 0.0025906735751295338,
  "limit": 0.0025906735751295338,
  "link": 0.0051813471502590676,
  "list": 0.010362694300518135,
  "mail": 0.0025906735751295338,
  "manag": 0.007772020725388601,
  "meet": 0.0025906735751295338,
  "member": 0.0051813471502590676,
  "mentor": 0.0025906735751295338,
  "mission": 0.0025906735751295338,
  "network": 0.007772020725388601,
  "number": 0.0025906735751295338,
  "officio": 0.0025906735751295338,
  "open": 0.015544041450777202,
  "oper": 0.010362694300518135,
  "organ": 0.0051813471502590676,
  "oversight": 0.0025906735751295338,
  "paramet": 0.0025906735751295338,
  "particip": 0.0025906735751295338,
  "peopl": 0.0025906735751295338,
  "permissionless": 0.0025906735751295338,
  "person": 0.0025906735751295338,
  "polici": 0.0051813471502590676,
  "premier": 0.0025906735751295338,
  "principl": 0.0051813471502590676,
  "process": 0.007772020725388601,
  "produc": 0.0025906735751295338,
  "properti": 0.0025906735751295338,
  "protocol": 0.0025906735751295338,
  "public": 0.0025906735751295338,
  "purpos": 0.0025906735751295338,
  "qualiti": 0.0025906735751295338,
  "read": 0.0025906735751295338,
  "relationship": 0.0025906735751295338,
  "relev": 0.0025906735751295338,
  "research": 0.0051813471502590676,
  "resourc": 0.0051813471502590676,
  "respons": 0.0025906735751295338,
  "right": 0.0025906735751295338,
  "search": 0.0051813471502590676,
  "serv": 0.0025906735751295338,
  "smooth": 0.0051813471502590676,
  "specif": 0.0025906735751295338,
  "standard": 0.010362694300518135,
  "statement": 0.0025906735751295338,
  "structur": 0.0025906735751295338,
  "submiss": 0.0025906735751295338,
  "support": 0.007772020725388601,
  "task": 0.0025906735751295338,
  "technic": 0.010362694300518135,
  "technolog": 0.0025906735751295338,
  "term": 0.0025906735751295338,
  "three": 0.0025906735751295338,
  "time": 0.0025906735751295338,
  "tool": 0.0025906735751295338,
  "topic": 0.0025906735751295338,
  "transport": 0.0025906735751295338,
  "tutori": 0.0025906735751295338,
  "undertaken": 0.0025906735751295338,
  "uniqu": 0.0025906735751295338,
  "valu": 0.0025906735751295338,
  "varieti": 0.0025906735751295338,
  "vendor": 0.0051813471502590676,
  "wai": 0.0025906735751295338,
  "warrant": 0.0025906735751295338,
  "wide": 0.0025906735751295338,
  "work": 0.018134715025906734,
  "year": 0.0025906735751295338
}