{
  "1": 0.0033222591362126247,
  "101": 0.006644518272425249,
  "3935": 0.006644518272425249,
  "A": 0.0033222591362126247,
  "AMS": 0.0033222591362126247,
  "About": 0.009966777408637873,
  "Alvestrand": 0.0033222591362126247,
  "Area": 0.0033222591362126247,
  "Autom": 0.0033222591362126247,
  "Bibliographi": 0.0033222591362126247,
  "Blog": 0.006644518272425249,
  "Commun": 0.0033222591362126247,
  "Contact": 0.006644518272425249,
  "Convers": 0.0033222591362126247,
  "Core": 0.0033222591362126247,
  "Datatrack": 0.006644518272425249,
  "Draft": 0.0033222591362126247,
  "Editor": 0.0033222591362126247,
  "Email": 0.009966777408637873,
  "Go": 0.0033222591362126247,
  "Group": 0.006644518272425249,
  "Harald": 0.0033222591362126247,
  "Hide": 0.0033222591362126247,
  "How": 0.0033222591362126247,
  "IAB": 0.0033222591362126247,
  "IANA": 0.0033222591362126247,
  "IAOC": 0.0033222591362126247,
  "IESG": 0.006644518272425249,
  "IETF": 0.08305647840531562,
  "IRTF": 0.0033222591362126247,
  "ISOC": 0.0033222591362126247,
  "In": 0.0033222591362126247,
  "Info": 0.0033222591362126247,
  "Intellectu": 0.0033222591362126247,
  "Internet": 0.029900332225913623,
  "Kei": 0.0033222591362126247,
  "London": 0.006644518272425249,
  "Meet": 0.0033222591362126247,
  "Mission": 0.016611295681063124,
  "New": 0.016611295681063124,
  "Online": 0.0033222591362126247,
  "Open": 0.0033222591362126247,
  "Part": 0.0033222591362126247,
  "Particip": 0.006644518272425249,
  "Privaci": 0.0033222591362126247,
  "Protocol": 0.0033222591362126247,
  "Quick": 0.006644518272425249,
  "RFC": 0.013289036544850499,
  "Rough": 0.0033222591362126247,
  "Run": 0.0033222591362126247,
  "Search": 0.023255813953488372,
  "Secretariat": 0.0033222591362126247,
  "Standard": 0.0033222591362126247,
  "Statement": 0.009966777408637873,
  "Support": 0.006644518272425249,
  "T": 0.0033222591362126247,
  "Technic": 0.006644518272425249,
  "The": 0.009966777408637873,
  "Thi": 0.006644518272425249,
  "Thing": 0.0033222591362126247,
  "Tool": 0.006644518272425249,
  "Topic": 0.0033222591362126247,
  "Trust": 0.0033222591362126247,
  "Volunt": 0.0033222591362126247,
  "WG": 0.009966777408637873,
  "We": 0.0033222591362126247,
  "Websit": 0.0033222591362126247,
  "Who": 0.006644518272425249,
  "Work": 0.0033222591362126247,
  "accept": 0.0033222591362126247,
  "adher": 0.0033222591362126247,
  "affect": 0.0033222591362126247,
  "archiv": 0.006644518272425249,
  "argu": 0.0033222591362126247,
  "aspect": 0.006644518272425249,
  "attempt": 0.0033222591362126247,
  "attend": 0.0033222591362126247,
  "base": 0.0033222591362126247,
  "better": 0.006644518272425249,
  "blog": 0.006644518272425249,
  "captur": 0.0033222591362126247,
  "cardin": 0.0033222591362126247,
  "chair": 0.006644518272425249,
  "code": 0.006644518272425249,
  "combin": 0.0033222591362126247,
  "commit": 0.0033222591362126247,
  "compet": 0.013289036544850499,
  "consensu": 0.0033222591362126247,
  "control": 0.0033222591362126247,
  "debat": 0.0033222591362126247,
  "decid": 0.0033222591362126247,
  "defin": 0.0033222591362126247,
  "deploi": 0.0033222591362126247,
  "design": 0.006644518272425249,
  "discuss": 0.0033222591362126247,
  "document": 0.013289036544850499,
  "engin": 0.009966777408637873,
  "event": 0.0033222591362126247,
  "exert": 0.0033222591362126247,
  "expect": 0.0033222591362126247,
  "experi": 0.0033222591362126247,
  "function": 0.006644518272425249,
  "further": 0.0033222591362126247,
  "group": 0.0033222591362126247,
  "heard": 0.0033222591362126247,
  "high": 0.0033222591362126247,
  "implement": 0.0033222591362126247,
  "influenc": 0.0033222591362126247,
  "input": 0.0033222591362126247,
  "interest": 0.006644518272425249,
  "issu": 0.009966777408637873,
  "judgement": 0.0033222591362126247,
  "leadership": 0.0033222591362126247,
  "led": 0.0033222591362126247,
  "link": 0.006644518272425249,
  "list": 0.016611295681063124,
  "listen": 0.0033222591362126247,
  "mail": 0.0033222591362126247,
  "make": 0.006644518272425249,
  "manag": 0.006644518272425249,
  "meet": 0.0033222591362126247,
  "memo": 0.0033222591362126247,
  "minut": 0.0033222591362126247,
  "mission": 0.019933554817275746,
  "need": 0.0033222591362126247,
  "network": 0.006644518272425249,
  "output": 0.0033222591362126247,
  "ownership": 0.006644518272425249,
  "particip": 0.009966777408637873,
  "peopl": 0.006644518272425249,
  "person": 0.0033222591362126247,
  "point": 0.0033222591362126247,
  "polici": 0.0033222591362126247,
  "principl": 0.023255813953488372,
  "process": 0.006644518272425249,
  "produc": 0.006644518272425249,
  "properti": 0.0033222591362126247,
  "protocol": 0.009966777408637873,
  "publicli": 0.0033222591362126247,
  "pursu": 0.0033222591362126247,
  "qualiti": 0.006644518272425249,
  "rare": 0.0033222591362126247,
  "real": 0.0033222591362126247,
  "refer": 0.0033222591362126247,
  "relev": 0.0033222591362126247,
  "resourc": 0.006644518272425249,
  "respons": 0.006644518272425249,
  "right": 0.0033222591362126247,
  "run": 0.0033222591362126247,
  "search": 0.006644518272425249,
  "sound": 0.0033222591362126247,
  "sourc": 0.0033222591362126247,
  "spe": 0.0033222591362126247,
  "speak": 0.0033222591362126247,
  "specif": 0.0033222591362126247,
  "standard": 0.006644518272425249,
  "statement": 0.013289036544850499,
  "take": 0.0033222591362126247,
  "technic": 0.006644518272425249,
  "technolog": 0.0033222591362126247,
  "term": 0.0033222591362126247,
  "time": 0.0033222591362126247,
  "tool": 0.0033222591362126247,
  "touch": 0.0033222591362126247,
  "transport": 0.0033222591362126247,
  "understand": 0.0033222591362126247,
  "voic": 0.0033222591362126247,
  "work": 0.016611295681063124
}