{
  "1": 0.0027548209366391185,
  "101": 0.005509641873278237,
  "12": 0.005509641873278237,
  "13": 0.0027548209366391185,
  "15": 0.0027548209366391185,
  "17": 0.0027548209366391185,
  "18": 0.0027548209366391185,
  "1TSN": 0.0027548209366391185,
  "2016": 0.005509641873278237,
  "30": 0.0027548209366391185,
  "4": 0.0027548209366391185,
  "8K": 0.0027548209366391185,
  "97": 0.005509641873278237,
  "AMS": 0.0027548209366391185,
  "About": 0.0027548209366391185,
  "Andrew": 0.005509641873278237,
  "Area": 0.005509641873278237,
  "Assure": 0.005509641873278237,
  "Autom": 0.0027548209366391185,
  "BBF": 0.0027548209366391185,
  "BBN": 0.0027548209366391185,
  "Ballroom": 0.0027548209366391185,
  "Blog": 0.005509641873278237,
  "Broadband": 0.0027548209366391185,
  "Cascad": 0.0027548209366391185,
  "Commun": 0.005509641873278237,
  "Contact": 0.005509641873278237,
  "Council": 0.0027548209366391185,
  "Datatrack": 0.005509641873278237,
  "DetNet": 0.0027548209366391185,
  "Develop": 0.0027548209366391185,
  "Director": 0.005509641873278237,
  "Distinguish": 0.005509641873278237,
  "Draft": 0.0027548209366391185,
  "Editor": 0.0027548209366391185,
  "Email": 0.008264462809917356,
  "Engineer": 0.005509641873278237,
  "Ethernet": 0.005509641873278237,
  "Exampl": 0.0027548209366391185,
  "Flex": 0.0027548209366391185,
  "Foundat": 0.0027548209366391185,
  "G": 0.005509641873278237,
  "Go": 0.0027548209366391185,
  "Group": 0.005509641873278237,
  "He": 0.011019283746556474,
  "Hide": 0.0027548209366391185,
  "How": 0.005509641873278237,
  "Huawei": 0.005509641873278237,
  "IAB": 0.0027548209366391185,
  "IANA": 0.0027548209366391185,
  "IAOC": 0.0027548209366391185,
  "IEEE802": 0.0027548209366391185,
  "IESG": 0.005509641873278237,
  "IETF": 0.03581267217630854,
  "IP": 0.0027548209366391185,
  "IRTF": 0.0027548209366391185,
  "ISOC": 0.0027548209366391185,
  "In": 0.0027548209366391185,
  "Info": 0.0027548209366391185,
  "Intellectu": 0.0027548209366391185,
  "Internet": 0.011019283746556474,
  "Kei": 0.0027548209366391185,
  "Korea": 0.0027548209366391185,
  "Logist": 0.0027548209366391185,
  "London": 0.005509641873278237,
  "Lunch": 0.0027548209366391185,
  "MPLS": 0.0027548209366391185,
  "Mali": 0.005509641873278237,
  "Meet": 0.008264462809917356,
  "Member": 0.0027548209366391185,
  "Mission": 0.0027548209366391185,
  "NFV": 0.0027548209366391185,
  "NOT": 0.0027548209366391185,
  "Network": 0.008264462809917356,
  "New": 0.013774104683195593,
  "Novemb": 0.005509641873278237,
  "OIF": 0.0027548209366391185,
  "ONF": 0.0027548209366391185,
  "Online": 0.0027548209366391185,
  "Open": 0.0027548209366391185,
  "Organiz": 0.0027548209366391185,
  "Park": 0.0027548209366391185,
  "Particip": 0.0027548209366391185,
  "Past": 0.0027548209366391185,
  "Present": 0.0027548209366391185,
  "Previous": 0.0027548209366391185,
  "Privaci": 0.0027548209366391185,
  "QUANT": 0.0027548209366391185,
  "QUasi": 0.0027548209366391185,
  "Quick": 0.005509641873278237,
  "RFC": 0.008264462809917356,
  "Room": 0.0027548209366391185,
  "Rout": 0.0027548209366391185,
  "Run": 0.0027548209366391185,
  "SDN": 0.0027548209366391185,
  "Search": 0.01928374655647383,
  "Secretariat": 0.0027548209366391185,
  "Sensit": 0.0027548209366391185,
  "Seoul": 0.008264462809917356,
  "Seri": 0.005509641873278237,
  "Servic": 0.005509641873278237,
  "South": 0.0027548209366391185,
  "Speaker": 0.005509641873278237,
  "Standard": 0.005509641873278237,
  "Statement": 0.005509641873278237,
  "Support": 0.0027548209366391185,
  "Technic": 0.0027548209366391185,
  "Technolog": 0.005509641873278237,
  "Tellab": 0.0027548209366391185,
  "The": 0.005509641873278237,
  "Thi": 0.0027548209366391185,
  "Thing": 0.0027548209366391185,
  "Thursdai": 0.008264462809917356,
  "Time": 0.005509641873278237,
  "To": 0.0027548209366391185,
  "Tool": 0.005509641873278237,
  "Topic": 0.005509641873278237,
  "Transport": 0.0027548209366391185,
  "Trust": 0.0027548209366391185,
  "Vehicl": 0.005509641873278237,
  "Verizon": 0.0027548209366391185,
  "WAN": 0.0027548209366391185,
  "WG": 0.005509641873278237,
  "Websit": 0.0027548209366391185,
  "What": 0.005509641873278237,
  "Who": 0.0027548209366391185,
  "With": 0.0027548209366391185,
  "Work": 0.005509641873278237,
  "architectur": 0.0027548209366391185,
  "archiv": 0.005509641873278237,
  "area": 0.0027548209366391185,
  "art": 0.0027548209366391185,
  "assur": 0.005509641873278237,
  "augment": 0.0027548209366391185,
  "author": 0.0027548209366391185,
  "bandwidth": 0.005509641873278237,
  "base": 0.0027548209366391185,
  "blog": 0.005509641873278237,
  "board": 0.0027548209366391185,
  "build": 0.0027548209366391185,
  "burn": 0.0027548209366391185,
  "campu": 0.0027548209366391185,
  "case": 0.0027548209366391185,
  "chair": 0.011019283746556474,
  "chairman": 0.0027548209366391185,
  "code": 0.0027548209366391185,
  "compani": 0.0027548209366391185,
  "confer": 0.0027548209366391185,
  "consult": 0.0027548209366391185,
  "contribut": 0.005509641873278237,
  "current": 0.0027548209366391185,
  "custom": 0.0027548209366391185,
  "data": 0.0027548209366391185,
  "discuss": 0.0027548209366391185,
  "engin": 0.0027548209366391185,
  "event": 0.005509641873278237,
  "evolut": 0.0027548209366391185,
  "extern": 0.0027548209366391185,
  "factor": 0.0027548209366391185,
  "feasibl": 0.0027548209366391185,
  "fix": 0.0027548209366391185,
  "futur": 0.0027548209366391185,
  "group": 0.0027548209366391185,
  "held": 0.005509641873278237,
  "hold": 0.0027548209366391185,
  "idea": 0.0027548209366391185,
  "includ": 0.011019283746556474,
  "industri": 0.0027548209366391185,
  "initi": 0.0027548209366391185,
  "interact": 0.0027548209366391185,
  "interest": 0.0027548209366391185,
  "intern": 0.0027548209366391185,
  "introduc": 0.0027548209366391185,
  "latenc": 0.013774104683195593,
  "leadership": 0.008264462809917356,
  "learn": 0.0027548209366391185,
  "link": 0.008264462809917356,
  "list": 0.008264462809917356,
  "local": 0.0027548209366391185,
  "low": 0.008264462809917356,
  "manag": 0.0027548209366391185,
  "member": 0.0027548209366391185,
  "membership": 0.0027548209366391185,
  "mix": 0.0027548209366391185,
  "mobil": 0.0027548209366391185,
  "network": 0.01652892561983471,
  "node": 0.0027548209366391185,
  "number": 0.005509641873278237,
  "numer": 0.0027548209366391185,
  "optim": 0.0027548209366391185,
  "organ": 0.0027548209366391185,
  "packet": 0.005509641873278237,
  "polici": 0.0027548209366391185,
  "port": 0.0027548209366391185,
  "posit": 0.005509641873278237,
  "presid": 0.0027548209366391185,
  "principl": 0.0027548209366391185,
  "process": 0.0027548209366391185,
  "product": 0.0027548209366391185,
  "properti": 0.0027548209366391185,
  "protocol": 0.0027548209366391185,
  "provid": 0.008264462809917356,
  "purpos": 0.0027548209366391185,
  "question": 0.0027548209366391185,
  "realiti": 0.0027548209366391185,
  "requir": 0.0027548209366391185,
  "resourc": 0.005509641873278237,
  "right": 0.0027548209366391185,
  "role": 0.0027548209366391185,
  "scale": 0.0027548209366391185,
  "search": 0.005509641873278237,
  "seed": 0.0027548209366391185,
  "senior": 0.0027548209366391185,
  "servic": 0.008264462809917356,
  "sow": 0.0027548209366391185,
  "special": 0.005509641873278237,
  "specif": 0.0027548209366391185,
  "spoken": 0.0027548209366391185,
  "standard": 0.013774104683195593,
  "start": 0.0027548209366391185,
  "state": 0.0027548209366391185,
  "talk": 0.0027548209366391185,
  "technolog": 0.013774104683195593,
  "telecom": 0.0027548209366391185,
  "tool": 0.0027548209366391185,
  "traffic": 0.0027548209366391185,
  "transport": 0.0027548209366391185,
  "ultra": 0.0027548209366391185,
  "video": 0.0027548209366391185,
  "virtual": 0.0027548209366391185,
  "wide": 0.0027548209366391185,
  "will": 0.005509641873278237,
  "work": 0.005509641873278237,
  "written": 0.0027548209366391185,
  "â": 0.0027548209366391185
}