{
  "00": 0.013100436681222707,
  "1": 0.004366812227074236,
  "101": 0.008733624454148471,
  "16": 0.004366812227074236,
  "17": 0.008733624454148471,
  "18": 0.004366812227074236,
  "19": 0.004366812227074236,
  "25": 0.004366812227074236,
  "30": 0.008733624454148471,
  "9": 0.008733624454148471,
  "91": 0.008733624454148471,
  "A": 0.008733624454148471,
  "AMS": 0.004366812227074236,
  "Abiliti": 0.004366812227074236,
  "About": 0.004366812227074236,
  "An": 0.004366812227074236,
  "Any": 0.004366812227074236,
  "Area": 0.004366812227074236,
  "Autom": 0.004366812227074236,
  "Ballroom": 0.004366812227074236,
  "Benefit": 0.004366812227074236,
  "Blog": 0.008733624454148471,
  "Commun": 0.008733624454148471,
  "Companion": 0.026200873362445413,
  "Contact": 0.008733624454148471,
  "Datatrack": 0.008733624454148471,
  "Draft": 0.004366812227074236,
  "Editor": 0.004366812227074236,
  "Email": 0.013100436681222707,
  "Emergenc": 0.004366812227074236,
  "Event": 0.004366812227074236,
  "Go": 0.004366812227074236,
  "Great": 0.004366812227074236,
  "Group": 0.004366812227074236,
  "Hide": 0.004366812227074236,
  "Honolulu": 0.008733624454148471,
  "How": 0.008733624454148471,
  "IAB": 0.004366812227074236,
  "IANA": 0.004366812227074236,
  "IAOC": 0.004366812227074236,
  "IESG": 0.008733624454148471,
  "IETF": 0.0611353711790393,
  "IRTF": 0.004366812227074236,
  "ISOC": 0.004366812227074236,
  "If": 0.004366812227074236,
  "In": 0.004366812227074236,
  "Info": 0.004366812227074236,
  "Intellectu": 0.004366812227074236,
  "Internet": 0.013100436681222707,
  "Kei": 0.004366812227074236,
  "Lawn": 0.004366812227074236,
  "Locat": 0.008733624454148471,
  "London": 0.008733624454148471,
  "Meet": 0.013100436681222707,
  "Mission": 0.004366812227074236,
  "New": 0.021834061135371178,
  "Novemb": 0.008733624454148471,
  "Online": 0.004366812227074236,
  "Particip": 0.013100436681222707,
  "Past": 0.004366812227074236,
  "Pearl": 0.004366812227074236,
  "Privaci": 0.004366812227074236,
  "Procedur": 0.004366812227074236,
  "Program": 0.013100436681222707,
  "Quick": 0.008733624454148471,
  "RFC": 0.008733624454148471,
  "Recept": 0.004366812227074236,
  "Remot": 0.004366812227074236,
  "Run": 0.004366812227074236,
  "Sea": 0.004366812227074236,
  "Search": 0.03056768558951965,
  "Secretariat": 0.004366812227074236,
  "Standard": 0.004366812227074236,
  "Statement": 0.008733624454148471,
  "Sundai": 0.008733624454148471,
  "Support": 0.004366812227074236,
  "Tapa": 0.004366812227074236,
  "The": 0.004366812227074236,
  "Thing": 0.004366812227074236,
  "Tool": 0.008733624454148471,
  "Topic": 0.004366812227074236,
  "Trust": 0.004366812227074236,
  "Tutori": 0.004366812227074236,
  "USD": 0.004366812227074236,
  "WG": 0.008733624454148471,
  "Websit": 0.004366812227074236,
  "Welcom": 0.004366812227074236,
  "Who": 0.004366812227074236,
  "Work": 0.004366812227074236,
  "Your": 0.004366812227074236,
  "access": 0.004366812227074236,
  "ag": 0.004366812227074236,
  "archiv": 0.008733624454148471,
  "attend": 0.008733624454148471,
  "badg": 0.004366812227074236,
  "blog": 0.008733624454148471,
  "chair": 0.008733624454148471,
  "choos": 0.004366812227074236,
  "code": 0.004366812227074236,
  "companion": 0.017467248908296942,
  "discuss": 0.004366812227074236,
  "distinct": 0.004366812227074236,
  "email": 0.008733624454148471,
  "event": 0.008733624454148471,
  "excit": 0.004366812227074236,
  "famili": 0.004366812227074236,
  "free": 0.004366812227074236,
  "friend": 0.004366812227074236,
  "grant": 0.004366812227074236,
  "group": 0.004366812227074236,
  "includ": 0.004366812227074236,
  "interest": 0.004366812227074236,
  "join": 0.004366812227074236,
  "link": 0.008733624454148471,
  "list": 0.021834061135371178,
  "manag": 0.004366812227074236,
  "meet": 0.008733624454148471,
  "member": 0.004366812227074236,
  "network": 0.004366812227074236,
  "offici": 0.004366812227074236,
  "onsit": 0.004366812227074236,
  "opportun": 0.004366812227074236,
  "particip": 0.004366812227074236,
  "plan": 0.004366812227074236,
  "polici": 0.004366812227074236,
  "principl": 0.004366812227074236,
  "process": 0.004366812227074236,
  "properti": 0.004366812227074236,
  "rain": 0.004366812227074236,
  "recept": 0.004366812227074236,
  "regist": 0.008733624454148471,
  "resourc": 0.008733624454148471,
  "right": 0.004366812227074236,
  "search": 0.008733624454148471,
  "separ": 0.004366812227074236,
  "session": 0.004366812227074236,
  "special": 0.004366812227074236,
  "standard": 0.004366812227074236,
  "technolog": 0.004366812227074236,
  "time": 0.004366812227074236,
  "tool": 0.004366812227074236,
  "transport": 0.004366812227074236,
  "travel": 0.004366812227074236,
  "venu": 0.004366812227074236,
  "websit": 0.004366812227074236,
  "work": 0.013100436681222707,
  "year": 0.004366812227074236
}