{
  "101": 0.00558659217877095,
  "92": 0.0111731843575419,
  "92all": 0.008379888268156424,
  "92attende": 0.008379888268156424,
  "AMS": 0.002793296089385475,
  "About": 0.002793296089385475,
  "Administr": 0.002793296089385475,
  "Agenda": 0.002793296089385475,
  "Area": 0.002793296089385475,
  "Attende": 0.00558659217877095,
  "Audio": 0.002793296089385475,
  "Autom": 0.002793296089385475,
  "BOF": 0.002793296089385475,
  "Blog": 0.00558659217877095,
  "Commun": 0.002793296089385475,
  "Contact": 0.00558659217877095,
  "Continental1http": 0.002793296089385475,
  "Dalla": 0.00558659217877095,
  "Datatrack": 0.00558659217877095,
  "Director": 0.002793296089385475,
  "Draft": 0.002793296089385475,
  "Dure": 0.002793296089385475,
  "Each": 0.00558659217877095,
  "East2http": 0.002793296089385475,
  "Editor": 0.002793296089385475,
  "Email": 0.008379888268156424,
  "Far": 0.002793296089385475,
  "For": 0.00558659217877095,
  "Gener": 0.002793296089385475,
  "Go": 0.002793296089385475,
  "Gold3http": 0.002793296089385475,
  "Group": 0.00558659217877095,
  "Groupchat": 0.002793296089385475,
  "Hallwai": 0.002793296089385475,
  "Hide": 0.002793296089385475,
  "How": 0.00558659217877095,
  "IAB": 0.002793296089385475,
  "IAD": 0.002793296089385475,
  "IANA": 0.002793296089385475,
  "IAOC": 0.002793296089385475,
  "IESG": 0.00558659217877095,
  "IETF": 0.05027932960893855,
  "IETF92": 0.002793296089385475,
  "IRTF": 0.002793296089385475,
  "ISOC": 0.002793296089385475,
  "In": 0.002793296089385475,
  "Info": 0.002793296089385475,
  "Intellectu": 0.002793296089385475,
  "International4http": 0.002793296089385475,
  "Internet": 0.008379888268156424,
  "Jabber": 0.0111731843575419,
  "Kei": 0.002793296089385475,
  "List": 0.002793296089385475,
  "Log": 0.002793296089385475,
  "London": 0.00558659217877095,
  "Mail": 0.002793296089385475,
  "Main": 0.002793296089385475,
  "Meet": 0.008379888268156424,
  "Meetecho": 0.008379888268156424,
  "Mission": 0.002793296089385475,
  "New": 0.013966480446927373,
  "Oak5http": 0.002793296089385475,
  "Online": 0.002793296089385475,
  "Page": 0.002793296089385475,
  "Parisian6http": 0.002793296089385475,
  "Particip": 0.008379888268156424,
  "Past": 0.002793296089385475,
  "Pleas": 0.002793296089385475,
  "Plenari": 0.002793296089385475,
  "Privaci": 0.002793296089385475,
  "Quick": 0.00558659217877095,
  "RFC": 0.00558659217877095,
  "Remot": 0.008379888268156424,
  "RoomChannelAudio": 0.002793296089385475,
  "Royal7http": 0.002793296089385475,
  "Run": 0.002793296089385475,
  "Search": 0.019553072625698324,
  "Secretariat": 0.00558659217877095,
  "Servic": 0.002793296089385475,
  "Standard": 0.002793296089385475,
  "Statement": 0.00558659217877095,
  "Stream": 0.002793296089385475,
  "Subscript": 0.00558659217877095,
  "Support": 0.002793296089385475,
  "The": 0.008379888268156424,
  "Thing": 0.002793296089385475,
  "To": 0.00558659217877095,
  "Tool": 0.00558659217877095,
  "Topic": 0.002793296089385475,
  "Trust": 0.002793296089385475,
  "Venetian8http": 0.002793296089385475,
  "WG": 0.00558659217877095,
  "Websit": 0.002793296089385475,
  "Who": 0.002793296089385475,
  "Work": 0.00558659217877095,
  "XMPP": 0.002793296089385475,
  "acronym": 0.002793296089385475,
  "alto": 0.002793296089385475,
  "archiv": 0.01675977653631285,
  "associ": 0.002793296089385475,
  "attende": 0.00558659217877095,
  "blog": 0.00558659217877095,
  "chair": 0.00558659217877095,
  "chat": 0.002793296089385475,
  "chatroom": 0.013966480446927373,
  "code": 0.002793296089385475,
  "commentari": 0.002793296089385475,
  "commun": 0.002793296089385475,
  "connect": 0.00558659217877095,
  "convers": 0.002793296089385475,
  "correspond": 0.002793296089385475,
  "default": 0.002793296089385475,
  "differ": 0.002793296089385475,
  "discuss": 0.00558659217877095,
  "dnsalia": 0.0223463687150838,
  "email": 0.00558659217877095,
  "event": 0.00558659217877095,
  "gener": 0.002793296089385475,
  "go": 0.002793296089385475,
  "group": 0.00558659217877095,
  "hallwai": 0.002793296089385475,
  "ietf": 0.0335195530726257,
  "ietf921": 0.002793296089385475,
  "ietf922": 0.002793296089385475,
  "ietf923": 0.002793296089385475,
  "ietf924": 0.002793296089385475,
  "ietf925": 0.002793296089385475,
  "ietf926": 0.002793296089385475,
  "ietf927": 0.002793296089385475,
  "ietf928": 0.002793296089385475,
  "ietf92stream": 0.0223463687150838,
  "ifram": 0.002793296089385475,
  "interest": 0.002793296089385475,
  "issu": 0.002793296089385475,
  "jabber": 0.0111731843575419,
  "link": 0.013966480446927373,
  "list": 0.030726256983240222,
  "live": 0.002793296089385475,
  "m3u": 0.0223463687150838,
  "mail": 0.002793296089385475,
  "manag": 0.002793296089385475,
  "meet": 0.013966480446927373,
  "net": 0.0223463687150838,
  "network": 0.002793296089385475,
  "nonspecif": 0.002793296089385475,
  "note": 0.002793296089385475,
  "offici": 0.002793296089385475,
  "open": 0.002793296089385475,
  "opportun": 0.002793296089385475,
  "org": 0.0111731843575419,
  "particip": 0.00558659217877095,
  "pass": 0.002793296089385475,
  "plenari": 0.002793296089385475,
  "polici": 0.002793296089385475,
  "principl": 0.002793296089385475,
  "process": 0.002793296089385475,
  "properti": 0.002793296089385475,
  "question": 0.008379888268156424,
  "regist": 0.002793296089385475,
  "remot": 0.002793296089385475,
  "reserv": 0.002793296089385475,
  "resourc": 0.00558659217877095,
  "right": 0.002793296089385475,
  "room": 0.00558659217877095,
  "run": 0.002793296089385475,
  "scribe": 0.00558659217877095,
  "search": 0.00558659217877095,
  "send": 0.002793296089385475,
  "session": 0.008379888268156424,
  "social": 0.002793296089385475,
  "speak": 0.002793296089385475,
  "speaker": 0.002793296089385475,
  "standard": 0.002793296089385475,
  "stream": 0.002793296089385475,
  "subscrib": 0.008379888268156424,
  "technolog": 0.002793296089385475,
  "text": 0.002793296089385475,
  "time": 0.00558659217877095,
  "tool": 0.002793296089385475,
  "transport": 0.002793296089385475,
  "type": 0.00558659217877095,
  "varieti": 0.002793296089385475,
  "video": 0.002793296089385475,
  "view": 0.00558659217877095,
  "visit": 0.00558659217877095,
  "wai": 0.002793296089385475,
  "will": 0.00558659217877095,
  "work": 0.008379888268156424
}