{
  "101": 0.00516795865633075,
  "87": 0.002583979328165375,
  "93": 0.0103359173126615,
  "93all": 0.007751937984496124,
  "93attende": 0.007751937984496124,
  "AMS": 0.002583979328165375,
  "About": 0.002583979328165375,
  "Administr": 0.002583979328165375,
  "Agenda": 0.002583979328165375,
  "Area": 0.002583979328165375,
  "Athen": 0.002583979328165375,
  "Attende": 0.007751937984496124,
  "Audio": 0.00516795865633075,
  "Autom": 0.002583979328165375,
  "BOF": 0.002583979328165375,
  "Ballroom6http": 0.002583979328165375,
  "Barcelona1": 0.002583979328165375,
  "Berlin": 0.002583979328165375,
  "Blog": 0.00516795865633075,
  "Brussels2http": 0.002583979328165375,
  "Channel": 0.002583979328165375,
  "Commun": 0.002583979328165375,
  "Congress": 0.007751937984496124,
  "Contact": 0.00516795865633075,
  "Datatrack": 0.00516795865633075,
  "Director": 0.002583979328165375,
  "Draft": 0.002583979328165375,
  "Dure": 0.002583979328165375,
  "Each": 0.00516795865633075,
  "Editor": 0.002583979328165375,
  "Email": 0.007751937984496124,
  "For": 0.00516795865633075,
  "Gener": 0.002583979328165375,
  "Get": 0.002583979328165375,
  "Go": 0.002583979328165375,
  "Grand": 0.002583979328165375,
  "Group": 0.00516795865633075,
  "Groupchat": 0.002583979328165375,
  "Hall": 0.007751937984496124,
  "Hallwai": 0.002583979328165375,
  "Hide": 0.002583979328165375,
  "Hilton": 0.002583979328165375,
  "How": 0.00516795865633075,
  "I": 0.002583979328165375,
  "I3http": 0.002583979328165375,
  "IAB": 0.002583979328165375,
  "IAD": 0.002583979328165375,
  "IANA": 0.002583979328165375,
  "IAOC": 0.002583979328165375,
  "IESG": 0.00516795865633075,
  "IETF": 0.04909560723514212,
  "IETF93": 0.002583979328165375,
  "II4http": 0.002583979328165375,
  "II7http": 0.002583979328165375,
  "III5http": 0.002583979328165375,
  "III8http": 0.002583979328165375,
  "IRTF": 0.002583979328165375,
  "ISOC": 0.002583979328165375,
  "In": 0.002583979328165375,
  "Info": 0.002583979328165375,
  "Intellectu": 0.002583979328165375,
  "Internet": 0.007751937984496124,
  "Jabber": 0.0103359173126615,
  "Karlin": 0.00516795865633075,
  "Kei": 0.002583979328165375,
  "List": 0.00516795865633075,
  "Log": 0.002583979328165375,
  "London": 0.00516795865633075,
  "Mail": 0.002583979328165375,
  "Main": 0.002583979328165375,
  "Mani": 0.002583979328165375,
  "Meet": 0.007751937984496124,
  "Meetecho": 0.007751937984496124,
  "Mission": 0.002583979328165375,
  "New": 0.012919896640826873,
  "Online": 0.002583979328165375,
  "Page": 0.002583979328165375,
  "Particip": 0.007751937984496124,
  "Past": 0.002583979328165375,
  "Pleas": 0.002583979328165375,
  "Plenari": 0.002583979328165375,
  "Pragu": 0.00516795865633075,
  "Privaci": 0.002583979328165375,
  "Quick": 0.00516795865633075,
  "RFC": 0.00516795865633075,
  "Remot": 0.00516795865633075,
  "Room": 0.002583979328165375,
  "Run": 0.002583979328165375,
  "Search": 0.01808785529715762,
  "Secretariat": 0.00516795865633075,
  "Servic": 0.002583979328165375,
  "Standard": 0.002583979328165375,
  "Statement": 0.00516795865633075,
  "Stream": 0.002583979328165375,
  "Subscrib": 0.002583979328165375,
  "Subscript": 0.00516795865633075,
  "Support": 0.002583979328165375,
  "The": 0.007751937984496124,
  "Thing": 0.002583979328165375,
  "To": 0.00516795865633075,
  "Tool": 0.00516795865633075,
  "Topic": 0.002583979328165375,
  "Trust": 0.002583979328165375,
  "WG": 0.00516795865633075,
  "Websit": 0.002583979328165375,
  "Who": 0.002583979328165375,
  "Work": 0.00516795865633075,
  "XMPP": 0.002583979328165375,
  "acronym": 0.002583979328165375,
  "alto": 0.002583979328165375,
  "archiv": 0.015503875968992248,
  "associ": 0.002583979328165375,
  "attende": 0.00516795865633075,
  "blog": 0.00516795865633075,
  "chair": 0.00516795865633075,
  "chat": 0.002583979328165375,
  "chatroom": 0.012919896640826873,
  "code": 0.002583979328165375,
  "commentari": 0.002583979328165375,
  "commun": 0.002583979328165375,
  "connect": 0.00516795865633075,
  "convers": 0.00516795865633075,
  "correspond": 0.002583979328165375,
  "default": 0.002583979328165375,
  "differ": 0.002583979328165375,
  "discuss": 0.00516795865633075,
  "dnsalia": 0.020671834625323,
  "email": 0.00516795865633075,
  "event": 0.00516795865633075,
  "gener": 0.002583979328165375,
  "go": 0.002583979328165375,
  "great": 0.002583979328165375,
  "group": 0.00516795865633075,
  "hallwai": 0.002583979328165375,
  "http": 0.002583979328165375,
  "ietf": 0.031007751937984496,
  "ietf931": 0.002583979328165375,
  "ietf932": 0.002583979328165375,
  "ietf933": 0.002583979328165375,
  "ietf934": 0.002583979328165375,
  "ietf935": 0.002583979328165375,
  "ietf936": 0.002583979328165375,
  "ietf937": 0.002583979328165375,
  "ietf938": 0.002583979328165375,
  "ietf93stream": 0.020671834625323,
  "ifram": 0.002583979328165375,
  "interest": 0.002583979328165375,
  "issu": 0.002583979328165375,
  "jabber": 0.0103359173126615,
  "link": 0.012919896640826873,
  "list": 0.028423772609819122,
  "live": 0.002583979328165375,
  "m3u": 0.020671834625323,
  "mail": 0.002583979328165375,
  "manag": 0.002583979328165375,
  "meet": 0.015503875968992248,
  "net": 0.020671834625323,
  "network": 0.002583979328165375,
  "nonspecif": 0.002583979328165375,
  "note": 0.002583979328165375,
  "offer": 0.002583979328165375,
  "offici": 0.002583979328165375,
  "ongo": 0.002583979328165375,
  "open": 0.002583979328165375,
  "opportun": 0.002583979328165375,
  "option": 0.002583979328165375,
  "org": 0.0103359173126615,
  "particip": 0.0103359173126615,
  "pass": 0.002583979328165375,
  "plenari": 0.002583979328165375,
  "polici": 0.002583979328165375,
  "principl": 0.002583979328165375,
  "process": 0.002583979328165375,
  "properti": 0.002583979328165375,
  "question": 0.007751937984496124,
  "regist": 0.002583979328165375,
  "remot": 0.00516795865633075,
  "reserv": 0.002583979328165375,
  "resourc": 0.00516795865633075,
  "right": 0.002583979328165375,
  "room": 0.00516795865633075,
  "run": 0.002583979328165375,
  "scribe": 0.00516795865633075,
  "search": 0.00516795865633075,
  "send": 0.002583979328165375,
  "session": 0.007751937984496124,
  "social": 0.002583979328165375,
  "speak": 0.002583979328165375,
  "speaker": 0.002583979328165375,
  "standard": 0.002583979328165375,
  "stream": 0.002583979328165375,
  "subscrib": 0.007751937984496124,
  "technolog": 0.002583979328165375,
  "text": 0.002583979328165375,
  "time": 0.00516795865633075,
  "tip": 0.002583979328165375,
  "tool": 0.002583979328165375,
  "transport": 0.002583979328165375,
  "type": 0.00516795865633075,
  "video": 0.002583979328165375,
  "view": 0.00516795865633075,
  "visit": 0.00516795865633075,
  "will": 0.00516795865633075,
  "work": 0.007751937984496124
}