{
  "101": 0.010050251256281407,
  "96": 0.005025125628140704,
  "AMS": 0.005025125628140704,
  "About": 0.010050251256281407,
  "Area": 0.005025125628140704,
  "Autom": 0.005025125628140704,
  "Blog": 0.010050251256281407,
  "Bradner": 0.005025125628140704,
  "Commun": 0.005025125628140704,
  "Contact": 0.010050251256281407,
  "Datatrack": 0.010050251256281407,
  "Draft": 0.005025125628140704,
  "Editor": 0.005025125628140704,
  "Email": 0.01507537688442211,
  "Engineer": 0.005025125628140704,
  "Extension": 0.010050251256281407,
  "Forc": 0.005025125628140704,
  "Go": 0.005025125628140704,
  "Group": 0.005025125628140704,
  "Harvard": 0.010050251256281407,
  "Hide": 0.005025125628140704,
  "How": 0.005025125628140704,
  "IAB": 0.005025125628140704,
  "IANA": 0.005025125628140704,
  "IAOC": 0.005025125628140704,
  "IESG": 0.010050251256281407,
  "IETF": 0.08542713567839195,
  "IRTF": 0.005025125628140704,
  "ISOC": 0.005025125628140704,
  "In": 0.010050251256281407,
  "Info": 0.005025125628140704,
  "Intellectu": 0.005025125628140704,
  "Internet": 0.020100502512562814,
  "Kei": 0.005025125628140704,
  "Link": 0.005025125628140704,
  "London": 0.010050251256281407,
  "Meet": 0.005025125628140704,
  "Mission": 0.005025125628140704,
  "New": 0.02512562814070352,
  "Newcom": 0.035175879396984924,
  "Online": 0.005025125628140704,
  "Particip": 0.010050251256281407,
  "Privaci": 0.005025125628140704,
  "Quick": 0.010050251256281407,
  "RFC": 0.010050251256281407,
  "Run": 0.005025125628140704,
  "School": 0.010050251256281407,
  "Scott": 0.005025125628140704,
  "Search": 0.035175879396984924,
  "Secretariat": 0.005025125628140704,
  "Slide": 0.005025125628140704,
  "Standard": 0.005025125628140704,
  "Statement": 0.010050251256281407,
  "Support": 0.005025125628140704,
  "Task": 0.005025125628140704,
  "The": 0.010050251256281407,
  "Thi": 0.005025125628140704,
  "Thing": 0.005025125628140704,
  "Tool": 0.010050251256281407,
  "Topic": 0.005025125628140704,
  "Train": 0.005025125628140704,
  "Trust": 0.005025125628140704,
  "Tutori": 0.005025125628140704,
  "Univers": 0.005025125628140704,
  "Video": 0.005025125628140704,
  "WG": 0.010050251256281407,
  "Websit": 0.005025125628140704,
  "Who": 0.005025125628140704,
  "Work": 0.005025125628140704,
  "addit": 0.005025125628140704,
  "agre": 0.005025125628140704,
  "archiv": 0.010050251256281407,
  "aspect": 0.005025125628140704,
  "bite": 0.005025125628140704,
  "blog": 0.010050251256281407,
  "caption": 0.005025125628140704,
  "chair": 0.010050251256281407,
  "class": 0.005025125628140704,
  "close": 0.005025125628140704,
  "code": 0.005025125628140704,
  "deliv": 0.005025125628140704,
  "design": 0.005025125628140704,
  "discuss": 0.005025125628140704,
  "event": 0.005025125628140704,
  "gener": 0.005025125628140704,
  "gracious": 0.005025125628140704,
  "group": 0.005025125628140704,
  "histori": 0.005025125628140704,
  "interest": 0.005025125628140704,
  "introduct": 0.005025125628140704,
  "introductori": 0.005025125628140704,
  "link": 0.010050251256281407,
  "list": 0.01507537688442211,
  "manag": 0.005025125628140704,
  "meet": 0.010050251256281407,
  "network": 0.005025125628140704,
  "newcom": 0.005025125628140704,
  "number": 0.005025125628140704,
  "onlin": 0.005025125628140704,
  "oper": 0.005025125628140704,
  "polici": 0.005025125628140704,
  "present": 0.010050251256281407,
  "principl": 0.005025125628140704,
  "process": 0.005025125628140704,
  "produc": 0.005025125628140704,
  "properti": 0.005025125628140704,
  "record": 0.005025125628140704,
  "resourc": 0.010050251256281407,
  "revis": 0.005025125628140704,
  "right": 0.005025125628140704,
  "search": 0.010050251256281407,
  "seri": 0.005025125628140704,
  "size": 0.005025125628140704,
  "standard": 0.005025125628140704,
  "structur": 0.005025125628140704,
  "technolog": 0.005025125628140704,
  "tool": 0.005025125628140704,
  "train": 0.020100502512562814,
  "transport": 0.005025125628140704,
  "tutori": 0.02512562814070352,
  "updat": 0.005025125628140704,
  "video": 0.010050251256281407,
  "view": 0.010050251256281407,
  "work": 0.005025125628140704,
  "year": 0.005025125628140704
}