{
  "00": 0.007653061224489796,
  "101": 0.02806122448979592,
  "12": 0.002551020408163265,
  "13": 0.002551020408163265,
  "14": 0.002551020408163265,
  "15": 0.002551020408163265,
  "16": 0.002551020408163265,
  "17": 0.002551020408163265,
  "19": 0.002551020408163265,
  "30": 0.00510204081632653,
  "A": 0.00510204081632653,
  "AMS": 0.002551020408163265,
  "About": 0.002551020408163265,
  "Agenda": 0.002551020408163265,
  "Android": 0.00510204081632653,
  "Area": 0.002551020408163265,
  "Autom": 0.002551020408163265,
  "Blenheim": 0.002551020408163265,
  "Blog": 0.00510204081632653,
  "Commun": 0.002551020408163265,
  "Contact": 0.00510204081632653,
  "Dai": 0.002551020408163265,
  "Datatrack": 0.007653061224489796,
  "Dinner": 0.002551020408163265,
  "Dive": 0.002551020408163265,
  "Draft": 0.00510204081632653,
  "Editor": 0.002551020408163265,
  "Email": 0.007653061224489796,
  "Emergenc": 0.002551020408163265,
  "Engineer": 0.002551020408163265,
  "Event": 0.00510204081632653,
  "Explanat": 0.002551020408163265,
  "Find": 0.002551020408163265,
  "For": 0.002551020408163265,
  "Forc": 0.002551020408163265,
  "Go": 0.002551020408163265,
  "Greet": 0.002551020408163265,
  "Group": 0.002551020408163265,
  "Guid": 0.002551020408163265,
  "Hide": 0.002551020408163265,
  "How": 0.00510204081632653,
  "IAB": 0.002551020408163265,
  "IANA": 0.002551020408163265,
  "IAOC": 0.002551020408163265,
  "IESG": 0.007653061224489796,
  "IETF": 0.09693877551020408,
  "IRTF": 0.002551020408163265,
  "ISOC": 0.002551020408163265,
  "In": 0.002551020408163265,
  "Info": 0.002551020408163265,
  "Intellectu": 0.002551020408163265,
  "Internet": 0.015306122448979591,
  "Join": 0.002551020408163265,
  "Kei": 0.002551020408163265,
  "Locat": 0.002551020408163265,
  "London": 0.015306122448979591,
  "Mani": 0.00510204081632653,
  "Meet": 0.012755102040816327,
  "Mentor": 0.007653061224489796,
  "Mission": 0.002551020408163265,
  "Mondai": 0.002551020408163265,
  "New": 0.012755102040816327,
  "Newcom": 0.015306122448979591,
  "Novic": 0.002551020408163265,
  "Online": 0.002551020408163265,
  "Organiz": 0.002551020408163265,
  "Orientat": 0.002551020408163265,
  "Other": 0.002551020408163265,
  "Page": 0.00510204081632653,
  "Particip": 0.00510204081632653,
  "Privaci": 0.002551020408163265,
  "Procedur": 0.002551020408163265,
  "Program": 0.007653061224489796,
  "Quick": 0.00510204081632653,
  "RFC": 0.007653061224489796,
  "RSVP": 0.002551020408163265,
  "Regist": 0.00510204081632653,
  "Registr": 0.002551020408163265,
  "Registrar": 0.002551020408163265,
  "Remot": 0.002551020408163265,
  "Resourc": 0.002551020408163265,
  "Run": 0.002551020408163265,
  "Sandringham": 0.002551020408163265,
  "Search": 0.017857142857142856,
  "Secretariat": 0.00510204081632653,
  "Social": 0.002551020408163265,
  "Standard": 0.002551020408163265,
  "Statement": 0.00510204081632653,
  "Sundai": 0.00510204081632653,
  "Support": 0.002551020408163265,
  "Tao": 0.002551020408163265,
  "Task": 0.002551020408163265,
  "The": 0.01020408163265306,
  "There": 0.00510204081632653,
  "Thi": 0.007653061224489796,
  "Thing": 0.002551020408163265,
  "Time": 0.002551020408163265,
  "Tool": 0.00510204081632653,
  "Topic": 0.002551020408163265,
  "Trust": 0.002551020408163265,
  "WG": 0.00510204081632653,
  "Websit": 0.002551020408163265,
  "Welcom": 0.002551020408163265,
  "Who": 0.002551020408163265,
  "Work": 0.002551020408163265,
  "You": 0.002551020408163265,
  "advanc": 0.002551020408163265,
  "advic": 0.002551020408163265,
  "agenda": 0.012755102040816327,
  "aid": 0.002551020408163265,
  "app": 0.00510204081632653,
  "archiv": 0.00510204081632653,
  "attende": 0.002551020408163265,
  "author": 0.002551020408163265,
  "badg": 0.00510204081632653,
  "blog": 0.00510204081632653,
  "board": 0.002551020408163265,
  "bulletin": 0.002551020408163265,
  "chair": 0.007653061224489796,
  "chang": 0.002551020408163265,
  "code": 0.002551020408163265,
  "collect": 0.002551020408163265,
  "color": 0.002551020408163265,
  "commun": 0.007653061224489796,
  "creat": 0.002551020408163265,
  "criteria": 0.002551020408163265,
  "current": 0.002551020408163265,
  "dai": 0.002551020408163265,
  "datatrack": 0.00510204081632653,
  "describ": 0.002551020408163265,
  "design": 0.00510204081632653,
  "discuss": 0.002551020408163265,
  "doc": 0.002551020408163265,
  "document": 0.002551020408163265,
  "dot": 0.00510204081632653,
  "dynam": 0.002551020408163265,
  "email": 0.002551020408163265,
  "event": 0.012755102040816327,
  "experienc": 0.002551020408163265,
  "face": 0.00510204081632653,
  "fewer": 0.002551020408163265,
  "fun": 0.002551020408163265,
  "group": 0.007653061224489796,
  "help": 0.00510204081632653,
  "histori": 0.002551020408163265,
  "html": 0.002551020408163265,
  "http": 0.00510204081632653,
  "iPhon": 0.00510204081632653,
  "ietf": 0.007653061224489796,
  "includ": 0.002551020408163265,
  "integr": 0.00510204081632653,
  "interest": 0.002551020408163265,
  "intro": 0.002551020408163265,
  "introduc": 0.00510204081632653,
  "introduct": 0.002551020408163265,
  "link": 0.00510204081632653,
  "list": 0.007653061224489796,
  "manag": 0.002551020408163265,
  "mark": 0.002551020408163265,
  "match": 0.002551020408163265,
  "materi": 0.00510204081632653,
  "meet": 0.012755102040816327,
  "network": 0.002551020408163265,
  "newcom": 0.012755102040816327,
  "number": 0.002551020408163265,
  "onlin": 0.007653061224489796,
  "order": 0.002551020408163265,
  "org": 0.007653061224489796,
  "overview": 0.002551020408163265,
  "particip": 0.007653061224489796,
  "peopl": 0.00510204081632653,
  "polici": 0.002551020408163265,
  "power": 0.002551020408163265,
  "present": 0.00510204081632653,
  "principl": 0.002551020408163265,
  "print": 0.002551020408163265,
  "process": 0.007653061224489796,
  "program": 0.002551020408163265,
  "properti": 0.002551020408163265,
  "provid": 0.002551020408163265,
  "purpos": 0.002551020408163265,
  "regist": 0.002551020408163265,
  "registr": 0.002551020408163265,
  "registrar": 0.002551020408163265,
  "resourc": 0.01020408163265306,
  "right": 0.002551020408163265,
  "search": 0.007653061224489796,
  "session": 0.00510204081632653,
  "show": 0.002551020408163265,
  "sign": 0.002551020408163265,
  "slide": 0.002551020408163265,
  "smartphon": 0.002551020408163265,
  "standard": 0.002551020408163265,
  "start": 0.00510204081632653,
  "student": 0.002551020408163265,
  "summari": 0.002551020408163265,
  "technic": 0.002551020408163265,
  "technolog": 0.00510204081632653,
  "three": 0.002551020408163265,
  "titl": 0.002551020408163265,
  "tool": 0.002551020408163265,
  "transport": 0.002551020408163265,
  "tutori": 0.00510204081632653,
  "varieti": 0.002551020408163265,
  "venu": 0.002551020408163265,
  "version": 0.00510204081632653,
  "view": 0.002551020408163265,
  "visit": 0.002551020408163265,
  "web": 0.002551020408163265,
  "week": 0.002551020408163265,
  "will": 0.002551020408163265,
  "wisdom": 0.002551020408163265,
  "work": 0.012755102040816327
}