{
  "00": 0.03398058252427184,
  "1": 0.0048543689320388345,
  "101": 0.009708737864077669,
  "13": 0.009708737864077669,
  "14": 0.0048543689320388345,
  "15": 0.009708737864077669,
  "16": 0.019417475728155338,
  "17": 0.0048543689320388345,
  "2015": 0.0048543689320388345,
  "30": 0.0048543689320388345,
  "50": 0.009708737864077669,
  "87": 0.0048543689320388345,
  "94": 0.019417475728155338,
  "AMS": 0.0048543689320388345,
  "About": 0.0048543689320388345,
  "Advice": 0.0048543689320388345,
  "Area": 0.009708737864077669,
  "Attende": 0.0048543689320388345,
  "Autom": 0.0048543689320388345,
  "Blog": 0.009708737864077669,
  "CBOR": 0.0048543689320388345,
  "Commun": 0.0048543689320388345,
  "Contact": 0.009708737864077669,
  "Datatrack": 0.009708737864077669,
  "Draft": 0.0048543689320388345,
  "Edite": 0.0048543689320388345,
  "Editor": 0.0048543689320388345,
  "EduTeam": 0.0048543689320388345,
  "Email": 0.014563106796116505,
  "Get": 0.0048543689320388345,
  "Go": 0.0048543689320388345,
  "Group": 0.0048543689320388345,
  "Hide": 0.0048543689320388345,
  "How": 0.009708737864077669,
  "IAB": 0.0048543689320388345,
  "IANA": 0.0048543689320388345,
  "IAOC": 0.0048543689320388345,
  "ID": 0.0048543689320388345,
  "IESG": 0.009708737864077669,
  "IETF": 0.06796116504854369,
  "IRTF": 0.0048543689320388345,
  "ISOC": 0.0048543689320388345,
  "In": 0.0048543689320388345,
  "Info": 0.0048543689320388345,
  "Intellectu": 0.0048543689320388345,
  "Internet": 0.019417475728155338,
  "Kei": 0.0048543689320388345,
  "List": 0.0048543689320388345,
  "Local": 0.0048543689320388345,
  "London": 0.009708737864077669,
  "Meet": 0.014563106796116505,
  "Mission": 0.0048543689320388345,
  "New": 0.024271844660194174,
  "Newcom": 0.009708737864077669,
  "Novemb": 0.0048543689320388345,
  "Online": 0.0048543689320388345,
  "Overview": 0.0048543689320388345,
  "PRECIS": 0.0048543689320388345,
  "Particip": 0.0048543689320388345,
  "Past": 0.0048543689320388345,
  "Privaci": 0.0048543689320388345,
  "Quick": 0.009708737864077669,
  "RFC": 0.014563106796116505,
  "Run": 0.0048543689320388345,
  "Search": 0.03398058252427184,
  "Secretariat": 0.0048543689320388345,
  "Session": 0.009708737864077669,
  "Standard": 0.0048543689320388345,
  "Statement": 0.009708737864077669,
  "Subscrib": 0.0048543689320388345,
  "Sundai": 0.0048543689320388345,
  "Support": 0.0048543689320388345,
  "The": 0.009708737864077669,
  "Thing": 0.0048543689320388345,
  "Time": 0.024271844660194174,
  "Tool": 0.014563106796116505,
  "Topic": 0.0048543689320388345,
  "Train": 0.0048543689320388345,
  "Trust": 0.0048543689320388345,
  "Tutori": 0.019417475728155338,
  "Version": 0.0048543689320388345,
  "WG": 0.009708737864077669,
  "Websit": 0.0048543689320388345,
  "Who": 0.0048543689320388345,
  "Work": 0.0048543689320388345,
  "YANG": 0.009708737864077669,
  "Yokohama": 0.009708737864077669,
  "archiv": 0.009708737864077669,
  "attende": 0.0048543689320388345,
  "blog": 0.009708737864077669,
  "chair": 0.009708737864077669,
  "code": 0.0048543689320388345,
  "convers": 0.0048543689320388345,
  "creat": 0.0048543689320388345,
  "discuss": 0.0048543689320388345,
  "event": 0.009708737864077669,
  "great": 0.0048543689320388345,
  "group": 0.0048543689320388345,
  "held": 0.0048543689320388345,
  "i18n": 0.0048543689320388345,
  "interest": 0.0048543689320388345,
  "link": 0.009708737864077669,
  "list": 0.014563106796116505,
  "manag": 0.0048543689320388345,
  "meet": 0.0048543689320388345,
  "network": 0.0048543689320388345,
  "ongo": 0.0048543689320388345,
  "open": 0.0048543689320388345,
  "particip": 0.009708737864077669,
  "polici": 0.0048543689320388345,
  "principl": 0.0048543689320388345,
  "process": 0.0048543689320388345,
  "properti": 0.0048543689320388345,
  "resourc": 0.009708737864077669,
  "right": 0.0048543689320388345,
  "search": 0.009708737864077669,
  "standard": 0.0048543689320388345,
  "technolog": 0.0048543689320388345,
  "tip": 0.0048543689320388345,
  "tool": 0.0048543689320388345,
  "transport": 0.0048543689320388345,
  "will": 0.0048543689320388345,
  "work": 0.009708737864077669
}