{
  "101": 0.006872852233676976,
  "AMS": 0.003436426116838488,
  "About": 0.006872852233676976,
  "Area": 0.003436426116838488,
  "Autom": 0.003436426116838488,
  "Blog": 0.006872852233676976,
  "Commun": 0.003436426116838488,
  "Contact": 0.006872852233676976,
  "Creat": 0.003436426116838488,
  "Datatrack": 0.006872852233676976,
  "Design": 0.003436426116838488,
  "Document": 0.006872852233676976,
  "Draft": 0.027491408934707903,
  "Editor": 0.010309278350515464,
  "Email": 0.010309278350515464,
  "Go": 0.003436426116838488,
  "Group": 0.006872852233676976,
  "How": 0.003436426116838488,
  "IAB": 0.003436426116838488,
  "IANA": 0.003436426116838488,
  "IAOC": 0.003436426116838488,
  "IESG": 0.006872852233676976,
  "IETF": 0.06529209621993128,
  "IRTF": 0.003436426116838488,
  "ISOC": 0.003436426116838488,
  "Intellectu": 0.003436426116838488,
  "Internet": 0.037800687285223365,
  "London": 0.006872852233676976,
  "Mani": 0.003436426116838488,
  "Meet": 0.003436426116838488,
  "Mission": 0.003436426116838488,
  "New": 0.01718213058419244,
  "NroffEdit": 0.003436426116838488,
  "Online": 0.003436426116838488,
  "Other": 0.003436426116838488,
  "Particip": 0.006872852233676976,
  "Present": 0.003436426116838488,
  "Privaci": 0.006872852233676976,
  "Process": 0.010309278350515464,
  "Protocol": 0.003436426116838488,
  "Quick": 0.006872852233676976,
  "RFC": 0.027491408934707903,
  "Run": 0.003436426116838488,
  "Search": 0.024054982817869417,
  "Secretariat": 0.003436426116838488,
  "Shepherd": 0.003436426116838488,
  "Standard": 0.003436426116838488,
  "Statement": 0.006872852233676976,
  "Support": 0.003436426116838488,
  "Team": 0.003436426116838488,
  "The": 0.003436426116838488,
  "Thi": 0.027491408934707903,
  "Thing": 0.003436426116838488,
  "Tool": 0.01718213058419244,
  "Topic": 0.003436426116838488,
  "Trust": 0.003436426116838488,
  "Tutori": 0.003436426116838488,
  "WG": 0.006872852233676976,
  "Websit": 0.003436426116838488,
  "Who": 0.003436426116838488,
  "Work": 0.006872852233676976,
  "Write": 0.003436426116838488,
  "XML": 0.003436426116838488,
  "YAML": 0.003436426116838488,
  "accept": 0.003436426116838488,
  "allow": 0.003436426116838488,
  "archiv": 0.006872852233676976,
  "aspir": 0.003436426116838488,
  "automat": 0.003436426116838488,
  "bit": 0.003436426116838488,
  "blog": 0.006872852233676976,
  "bring": 0.003436426116838488,
  "chair": 0.010309278350515464,
  "code": 0.003436426116838488,
  "convert": 0.003436426116838488,
  "cover": 0.006872852233676976,
  "creat": 0.006872852233676976,
  "current": 0.003436426116838488,
  "describ": 0.003436426116838488,
  "discuss": 0.003436426116838488,
  "document": 0.013745704467353952,
  "edit": 0.003436426116838488,
  "editor": 0.003436426116838488,
  "effect": 0.006872852233676976,
  "encount": 0.003436426116838488,
  "engin": 0.003436426116838488,
  "event": 0.003436426116838488,
  "experi": 0.003436426116838488,
  "form": 0.003436426116838488,
  "format": 0.003436426116838488,
  "group": 0.010309278350515464,
  "help": 0.006872852233676976,
  "improv": 0.003436426116838488,
  "includ": 0.003436426116838488,
  "intend": 0.003436426116838488,
  "interest": 0.003436426116838488,
  "introduct": 0.006872852233676976,
  "leader": 0.003436426116838488,
  "leadership": 0.003436426116838488,
  "level": 0.003436426116838488,
  "link": 0.006872852233676976,
  "list": 0.010309278350515464,
  "long": 0.003436426116838488,
  "manag": 0.003436426116838488,
  "markdown": 0.006872852233676976,
  "meet": 0.003436426116838488,
  "member": 0.006872852233676976,
  "network": 0.003436426116838488,
  "offer": 0.003436426116838488,
  "orient": 0.010309278350515464,
  "overview": 0.003436426116838488,
  "particip": 0.010309278350515464,
  "polici": 0.003436426116838488,
  "popular": 0.003436426116838488,
  "present": 0.010309278350515464,
  "principl": 0.003436426116838488,
  "privaci": 0.003436426116838488,
  "process": 0.01718213058419244,
  "produc": 0.006872852233676976,
  "properti": 0.003436426116838488,
  "protocol": 0.003436426116838488,
  "provid": 0.003436426116838488,
  "qualiti": 0.003436426116838488,
  "resourc": 0.006872852233676976,
  "right": 0.003436426116838488,
  "role": 0.003436426116838488,
  "search": 0.006872852233676976,
  "share": 0.003436426116838488,
  "shepherd": 0.003436426116838488,
  "simpl": 0.003436426116838488,
  "skill": 0.003436426116838488,
  "standard": 0.003436426116838488,
  "support": 0.003436426116838488,
  "team": 0.006872852233676976,
  "technic": 0.003436426116838488,
  "technolog": 0.003436426116838488,
  "threat": 0.003436426116838488,
  "throughput": 0.003436426116838488,
  "time": 0.003436426116838488,
  "tip": 0.013745704467353952,
  "tool": 0.020618556701030927,
  "train": 0.006872852233676976,
  "transport": 0.003436426116838488,
  "tutori": 0.044673539518900345,
  "wai": 0.003436426116838488,
  "well": 0.003436426116838488,
  "work": 0.01718213058419244,
  "write": 0.003436426116838488,
  "xml2rfc": 0.003436426116838488
}