{
  "03": 0.002631578947368421,
  "04": 0.002631578947368421,
  "1": 0.02894736842105263,
  "10": 0.002631578947368421,
  "11": 0.002631578947368421,
  "12": 0.002631578947368421,
  "13": 0.002631578947368421,
  "14": 0.002631578947368421,
  "15": 0.002631578947368421,
  "16": 0.002631578947368421,
  "17": 0.002631578947368421,
  "18": 0.002631578947368421,
  "19": 0.002631578947368421,
  "2": 0.034210526315789476,
  "20": 0.002631578947368421,
  "2016": 0.002631578947368421,
  "21": 0.002631578947368421,
  "22": 0.002631578947368421,
  "23": 0.002631578947368421,
  "24": 0.002631578947368421,
  "25": 0.002631578947368421,
  "3": 0.015789473684210527,
  "4": 0.07631578947368421,
  "5": 0.015789473684210527,
  "6": 0.005263157894736842,
  "7": 0.005263157894736842,
  "8": 0.002631578947368421,
  "802": 0.002631578947368421,
  "9": 0.002631578947368421,
  "95": 0.002631578947368421,
  "AD": 0.010526315789473684,
  "AMS": 0.002631578947368421,
  "AR": 0.002631578947368421,
  "ART": 0.002631578947368421,
  "About": 0.002631578947368421,
  "Acknowledg": 0.002631578947368421,
  "Administr": 0.002631578947368421,
  "Advanc": 0.002631578947368421,
  "Agenda": 0.002631578947368421,
  "Aire": 0.002631578947368421,
  "Announcement": 0.005263157894736842,
  "Applicat": 0.002631578947368421,
  "Area": 0.02894736842105263,
  "Associat": 0.002631578947368421,
  "Attende": 0.002631578947368421,
  "Bit": 0.002631578947368421,
  "Bite": 0.002631578947368421,
  "BoF": 0.005263157894736842,
  "Brief": 0.002631578947368421,
  "Bueno": 0.002631578947368421,
  "Chair": 0.007894736842105263,
  "Charter": 0.002631578947368421,
  "Code": 0.002631578947368421,
  "Commun": 0.002631578947368421,
  "Contact": 0.005263157894736842,
  "Content": 0.002631578947368421,
  "Custom": 0.002631578947368421,
  "D": 0.005263157894736842,
  "Datatrack": 0.005263157894736842,
  "Date": 0.002631578947368421,
  "Disclosur": 0.005263157894736842,
  "Discuss": 0.002631578947368421,
  "Draft": 0.002631578947368421,
  "Ed": 0.002631578947368421,
  "Editor": 0.005263157894736842,
  "Edu": 0.002631578947368421,
  "Email": 0.002631578947368421,
  "Error": 0.002631578947368421,
  "Extend": 0.002631578947368421,
  "Feedback": 0.002631578947368421,
  "File": 0.002631578947368421,
  "For": 0.002631578947368421,
  "Forc": 0.005263157894736842,
  "Gener": 0.002631578947368421,
  "Goup": 0.002631578947368421,
  "Greet": 0.002631578947368421,
  "Group": 0.007894736842105263,
  "Hackathon": 0.005263157894736842,
  "Home": 0.005263157894736842,
  "Hour": 0.010526315789473684,
  "Hub": 0.002631578947368421,
  "I": 0.005263157894736842,
  "IAB": 0.002631578947368421,
  "IANA": 0.005263157894736842,
  "IASA": 0.002631578947368421,
  "IEEE": 0.002631578947368421,
  "IEPG": 0.002631578947368421,
  "IESG": 0.002631578947368421,
  "IETF": 0.02631578947368421,
  "IPR": 0.005263157894736842,
  "IRTF": 0.005263157894736842,
  "ISOC": 0.002631578947368421,
  "Important": 0.002631578947368421,
  "Index": 0.002631578947368421,
  "Info": 0.002631578947368421,
  "Interim": 0.002631578947368421,
  "Internet": 0.013157894736842105,
  "Introduct": 0.005263157894736842,
  "Javascript": 0.002631578947368421,
  "Journei": 0.005263157894736842,
  "LLC": 0.002631578947368421,
  "Legal": 0.002631578947368421,
  "Liaison": 0.007894736842105263,
  "List": 0.013157894736842105,
  "Lunch": 0.002631578947368421,
  "Mail": 0.002631578947368421,
  "Manag": 0.010526315789473684,
  "Matter": 0.002631578947368421,
  "Meet": 0.015789473684210527,
  "Member": 0.002631578947368421,
  "Mente": 0.002631578947368421,
  "Mentor": 0.010526315789473684,
  "Minut": 0.002631578947368421,
  "Mission": 0.002631578947368421,
  "N": 0.002631578947368421,
  "Newcom": 0.013157894736842105,
  "NomCom": 0.002631578947368421,
  "Non": 0.002631578947368421,
  "Normal": 0.002631578947368421,
  "Note": 0.002631578947368421,
  "Office": 0.010526315789473684,
  "Only": 0.002631578947368421,
  "Operat": 0.005263157894736842,
  "Orientat": 0.005263157894736842,
  "Overview": 0.005263157894736842,
  "Page": 0.013157894736842105,
  "Paramet": 0.002631578947368421,
  "Past": 0.002631578947368421,
  "Pleas": 0.002631578947368421,
  "Plenari": 0.010526315789473684,
  "Polici": 0.002631578947368421,
  "Proceed": 0.007894736842105263,
  "Process": 0.002631578947368421,
  "Progress": 0.002631578947368421,
  "Protocol": 0.002631578947368421,
  "Queue": 0.002631578947368421,
  "RFC": 0.015789473684210527,
  "Real": 0.002631578947368421,
  "Recept": 0.002631578947368421,
  "Remot": 0.002631578947368421,
  "Report": 0.010526315789473684,
  "Requir": 0.002631578947368421,
  "Research": 0.007894736842105263,
  "Resourc": 0.002631578947368421,
  "Rout": 0.005263157894736842,
  "Rule": 0.002631578947368421,
  "Search": 0.007894736842105263,
  "Secretariat": 0.005263157894736842,
  "Secur": 0.002631578947368421,
  "Seri": 0.002631578947368421,
  "Site": 0.005263157894736842,
  "Solut": 0.002631578947368421,
  "Spanish": 0.002631578947368421,
  "Speaker": 0.002631578947368421,
  "Speed": 0.005263157894736842,
  "Sprint": 0.002631578947368421,
  "Standard": 0.002631578947368421,
  "Statement": 0.005263157894736842,
  "Statist": 0.002631578947368421,
  "Store": 0.002631578947368421,
  "Submit": 0.002631578947368421,
  "Tabl": 0.002631578947368421,
  "Task": 0.005263157894736842,
  "Team": 0.007894736842105263,
  "Technic": 0.002631578947368421,
  "Thursdai": 0.002631578947368421,
  "Time": 0.002631578947368421,
  "Tool": 0.007894736842105263,
  "Train": 0.007894736842105263,
  "Transport": 0.005263157894736842,
  "Trust": 0.002631578947368421,
  "Unwritten": 0.005263157894736842,
  "Upcome": 0.002631578947368421,
  "Us": 0.002631578947368421,
  "Usage": 0.002631578947368421,
  "View": 0.002631578947368421,
  "WG": 0.015789473684210527,
  "Web": 0.005263157894736842,
  "Welcom": 0.002631578947368421,
  "Well": 0.002631578947368421,
  "Wiki": 0.002631578947368421,
  "Wireless": 0.002631578947368421,
  "Work": 0.007894736842105263,
  "action": 0.002631578947368421,
  "chair": 0.002631578947368421,
  "ietf": 0.005263157894736842,
  "introduct": 0.002631578947368421,
  "mente": 0.007894736842105263,
  "open": 0.002631578947368421,
  "org": 0.002631578947368421,
  "problem": 0.002631578947368421,
  "provid": 0.002631578947368421,
  "report": 0.002631578947368421,
  "rule": 0.002631578947368421,
  "send": 0.002631578947368421,
  "servic": 0.002631578947368421
}