{
  "2014": 0.002638522427440633,
  "8": 0.002638522427440633,
  "AMS": 0.002638522427440633,
  "About": 0.002638522427440633,
  "Advanc": 0.002638522427440633,
  "Announc": 0.002638522427440633,
  "Announcement": 0.005277044854881266,
  "Architectur": 0.002638522427440633,
  "Area": 0.002638522427440633,
  "Associat": 0.002638522427440633,
  "BCP": 0.002638522427440633,
  "BoF": 0.002638522427440633,
  "Board": 0.002638522427440633,
  "Brief": 0.002638522427440633,
  "Chair": 0.018469656992084433,
  "Charter": 0.002638522427440633,
  "Commun": 0.002638522427440633,
  "Contact": 0.005277044854881266,
  "Custom": 0.002638522427440633,
  "Datatrack": 0.005277044854881266,
  "Date": 0.002638522427440633,
  "Disclosur": 0.005277044854881266,
  "Discuss": 0.002638522427440633,
  "Draft": 0.002638522427440633,
  "Each": 0.002638522427440633,
  "Ed": 0.002638522427440633,
  "Editor": 0.005277044854881266,
  "Edu": 0.002638522427440633,
  "Eggert": 0.002638522427440633,
  "Email": 0.002638522427440633,
  "Engineer": 0.002638522427440633,
  "Error": 0.002638522427440633,
  "Extend": 0.002638522427440633,
  "File": 0.002638522427440633,
  "Forc": 0.0079155672823219,
  "Goup": 0.002638522427440633,
  "Group": 0.044854881266490766,
  "Home": 0.005277044854881266,
  "IAB": 0.0079155672823219,
  "IANA": 0.005277044854881266,
  "IASA": 0.002638522427440633,
  "IESG": 0.002638522427440633,
  "IETF": 0.0158311345646438,
  "IPR": 0.005277044854881266,
  "IRSG": 0.013192612137203167,
  "IRTF": 0.044854881266490766,
  "ISOC": 0.005277044854881266,
  "Important": 0.002638522427440633,
  "In": 0.002638522427440633,
  "Index": 0.002638522427440633,
  "Info": 0.002638522427440633,
  "Informat": 0.002638522427440633,
  "Interim": 0.002638522427440633,
  "Internet": 0.0316622691292876,
  "Introduct": 0.002638522427440633,
  "Javascript": 0.002638522427440633,
  "LLC": 0.002638522427440633,
  "Lar": 0.002638522427440633,
  "Legal": 0.002638522427440633,
  "Liaison": 0.0079155672823219,
  "List": 0.0158311345646438,
  "Mail": 0.005277044854881266,
  "Manag": 0.005277044854881266,
  "Matter": 0.002638522427440633,
  "Meet": 0.010554089709762533,
  "Member": 0.002638522427440633,
  "Minut": 0.002638522427440633,
  "Mission": 0.005277044854881266,
  "Newcom": 0.002638522427440633,
  "NomCom": 0.002638522427440633,
  "Non": 0.002638522427440633,
  "Normal": 0.002638522427440633,
  "Note": 0.002638522427440633,
  "Overview": 0.002638522427440633,
  "Page": 0.013192612137203167,
  "Paramet": 0.002638522427440633,
  "Particip": 0.002638522427440633,
  "Past": 0.002638522427440633,
  "Pleas": 0.002638522427440633,
  "Plenari": 0.002638522427440633,
  "Polici": 0.002638522427440633,
  "Proceed": 0.0079155672823219,
  "Process": 0.002638522427440633,
  "Protocol": 0.002638522427440633,
  "Queue": 0.002638522427440633,
  "RFC": 0.013192612137203167,
  "Report": 0.005277044854881266,
  "Requir": 0.002638522427440633,
  "Research": 0.047493403693931395,
  "Resourc": 0.002638522427440633,
  "Search": 0.0079155672823219,
  "Secretariat": 0.005277044854881266,
  "Site": 0.005277044854881266,
  "Societi": 0.002638522427440633,
  "Solut": 0.002638522427440633,
  "Sponsor": 0.002638522427440633,
  "Standard": 0.002638522427440633,
  "Statement": 0.005277044854881266,
  "Statist": 0.002638522427440633,
  "Steer": 0.002638522427440633,
  "Store": 0.002638522427440633,
  "Submit": 0.002638522427440633,
  "Task": 0.0079155672823219,
  "Team": 0.0079155672823219,
  "The": 0.026385224274406333,
  "To": 0.002638522427440633,
  "Tool": 0.0079155672823219,
  "Train": 0.002638522427440633,
  "Trust": 0.002638522427440633,
  "Upcome": 0.002638522427440633,
  "Us": 0.002638522427440633,
  "Usage": 0.002638522427440633,
  "View": 0.002638522427440633,
  "WG": 0.0079155672823219,
  "Web": 0.005277044854881266,
  "Well": 0.002638522427440633,
  "Wiki": 0.002638522427440633,
  "Work": 0.005277044854881266,
  "acknowledg": 0.002638522427440633,
  "action": 0.002638522427440633,
  "activ": 0.002638522427440633,
  "addit": 0.002638522427440633,
  "applic": 0.005277044854881266,
  "appoint": 0.005277044854881266,
  "approv": 0.002638522427440633,
  "architectur": 0.005277044854881266,
  "area": 0.002638522427440633,
  "chair": 0.0079155672823219,
  "chosen": 0.002638522427440633,
  "collabor": 0.002638522427440633,
  "commun": 0.002638522427440633,
  "compos": 0.002638522427440633,
  "consult": 0.005277044854881266,
  "contributor": 0.002638522427440633,
  "creat": 0.002638522427440633,
  "creation": 0.002638522427440633,
  "current": 0.002638522427440633,
  "describ": 0.002638522427440633,
  "develop": 0.002638522427440633,
  "discuss": 0.002638522427440633,
  "document": 0.002638522427440633,
  "evolut": 0.005277044854881266,
  "exampl": 0.002638522427440633,
  "expect": 0.002638522427440633,
  "explor": 0.002638522427440633,
  "feedback": 0.002638522427440633,
  "focus": 0.005277044854881266,
  "focuss": 0.002638522427440633,
  "forc": 0.002638522427440633,
  "format": 0.002638522427440633,
  "fulli": 0.002638522427440633,
  "futur": 0.002638522427440633,
  "gener": 0.002638522427440633,
  "gratefulli": 0.002638522427440633,
  "group": 0.002638522427440633,
  "guidelin": 0.002638522427440633,
  "hold": 0.002638522427440633,
  "ietf": 0.005277044854881266,
  "includ": 0.002638522427440633,
  "individu": 0.0079155672823219,
  "invit": 0.002638522427440633,
  "irtf": 0.005277044854881266,
  "issu": 0.002638522427440633,
  "larg": 0.005277044854881266,
  "lifetim": 0.002638522427440633,
  "list": 0.0079155672823219,
  "live": 0.002638522427440633,
  "long": 0.0079155672823219,
  "mail": 0.002638522427440633,
  "maintain": 0.002638522427440633,
  "manag": 0.005277044854881266,
  "member": 0.005277044854881266,
  "membership": 0.005277044854881266,
  "need": 0.002638522427440633,
  "notic": 0.002638522427440633,
  "number": 0.002638522427440633,
  "open": 0.002638522427440633,
  "org": 0.005277044854881266,
  "organ": 0.005277044854881266,
  "particip": 0.002638522427440633,
  "perspect": 0.002638522427440633,
  "prioriti": 0.002638522427440633,
  "problem": 0.002638522427440633,
  "procedur": 0.002638522427440633,
  "promot": 0.005277044854881266,
  "protocol": 0.005277044854881266,
  "provid": 0.002638522427440633,
  "public": 0.002638522427440633,
  "reach": 0.002638522427440633,
  "receiv": 0.002638522427440633,
  "report": 0.002638522427440633,
  "repres": 0.002638522427440633,
  "respect": 0.002638522427440633,
  "rest": 0.002638522427440633,
  "send": 0.002638522427440633,
  "serv": 0.002638522427440633,
  "servic": 0.002638522427440633,
  "short": 0.002638522427440633,
  "small": 0.005277044854881266,
  "stabl": 0.002638522427440633,
  "support": 0.002638522427440633,
  "task": 0.002638522427440633,
  "teamwork": 0.002638522427440633,
  "technolog": 0.005277044854881266,
  "term": 0.0079155672823219,
  "termin": 0.002638522427440633,
  "time": 0.005277044854881266,
  "topic": 0.0079155672823219,
  "work": 0.005277044854881266,
  "workshop": 0.005277044854881266
}