{
  "1": 0.004347826086956522,
  "101": 0.008695652173913044,
  "2015": 0.004347826086956522,
  "6": 0.004347826086956522,
  "87": 0.004347826086956522,
  "94": 0.021739130434782608,
  "AMS": 0.004347826086956522,
  "About": 0.004347826086956522,
  "An": 0.004347826086956522,
  "Area": 0.004347826086956522,
  "Attende": 0.004347826086956522,
  "Autom": 0.004347826086956522,
  "Blog": 0.008695652173913044,
  "Commun": 0.004347826086956522,
  "Contact": 0.008695652173913044,
  "Datatrack": 0.008695652173913044,
  "Draft": 0.004347826086956522,
  "Editor": 0.004347826086956522,
  "Email": 0.013043478260869565,
  "English": 0.004347826086956522,
  "For": 0.004347826086956522,
  "Get": 0.004347826086956522,
  "Go": 0.004347826086956522,
  "Group": 0.004347826086956522,
  "Hide": 0.004347826086956522,
  "How": 0.008695652173913044,
  "IAB": 0.004347826086956522,
  "IANA": 0.004347826086956522,
  "IAOC": 0.004347826086956522,
  "IESG": 0.008695652173913044,
  "IETF": 0.06956521739130435,
  "IRTF": 0.004347826086956522,
  "ISOC": 0.004347826086956522,
  "If": 0.004347826086956522,
  "In": 0.004347826086956522,
  "Info": 0.004347826086956522,
  "Informat": 0.013043478260869565,
  "Intellectu": 0.004347826086956522,
  "Internet": 0.013043478260869565,
  "Japan": 0.004347826086956522,
  "Japanes": 0.008695652173913044,
  "Kei": 0.004347826086956522,
  "List": 0.004347826086956522,
  "London": 0.008695652173913044,
  "MOFA": 0.004347826086956522,
  "Meet": 0.017391304347826087,
  "Mission": 0.004347826086956522,
  "NOT": 0.008695652173913044,
  "New": 0.021739130434782608,
  "Novemb": 0.004347826086956522,
  "Online": 0.004347826086956522,
  "PDF": 0.004347826086956522,
  "Particip": 0.004347826086956522,
  "Past": 0.004347826086956522,
  "Pleas": 0.004347826086956522,
  "Privaci": 0.004347826086956522,
  "Quick": 0.008695652173913044,
  "RFC": 0.008695652173913044,
  "Run": 0.004347826086956522,
  "Search": 0.030434782608695653,
  "Secretariat": 0.008695652173913044,
  "Standard": 0.004347826086956522,
  "Statement": 0.008695652173913044,
  "Subscrib": 0.004347826086956522,
  "Support": 0.004347826086956522,
  "The": 0.004347826086956522,
  "Thing": 0.004347826086956522,
  "To": 0.004347826086956522,
  "Tool": 0.008695652173913044,
  "Topic": 0.004347826086956522,
  "Trust": 0.004347826086956522,
  "Visa": 0.008695652173913044,
  "WG": 0.008695652173913044,
  "WILL": 0.004347826086956522,
  "We": 0.004347826086956522,
  "Websit": 0.004347826086956522,
  "Who": 0.004347826086956522,
  "Work": 0.004347826086956522,
  "XLS": 0.004347826086956522,
  "Yokohama": 0.013043478260869565,
  "accommod": 0.004347826086956522,
  "archiv": 0.008695652173913044,
  "blog": 0.008695652173913044,
  "case": 0.004347826086956522,
  "chair": 0.008695652173913044,
  "check": 0.004347826086956522,
  "code": 0.004347826086956522,
  "complet": 0.013043478260869565,
  "convers": 0.004347826086956522,
  "countri": 0.008695652173913044,
  "discuss": 0.004347826086956522,
  "document": 0.008695652173913044,
  "event": 0.008695652173913044,
  "exempt": 0.004347826086956522,
  "fee": 0.004347826086956522,
  "form": 0.004347826086956522,
  "full": 0.004347826086956522,
  "great": 0.004347826086956522,
  "group": 0.004347826086956522,
  "host": 0.008695652173913044,
  "ietf94": 0.008695652173913044,
  "interest": 0.004347826086956522,
  "invit": 0.004347826086956522,
  "issu": 0.008695652173913044,
  "jp": 0.008695652173913044,
  "languag": 0.004347826086956522,
  "letter": 0.004347826086956522,
  "link": 0.008695652173913044,
  "list": 0.021739130434782608,
  "local": 0.004347826086956522,
  "manag": 0.004347826086956522,
  "meet": 0.004347826086956522,
  "month": 0.004347826086956522,
  "network": 0.004347826086956522,
  "offic": 0.008695652173913044,
  "ongo": 0.004347826086956522,
  "particip": 0.008695652173913044,
  "passport": 0.004347826086956522,
  "payment": 0.004347826086956522,
  "polici": 0.004347826086956522,
  "principl": 0.004347826086956522,
  "process": 0.017391304347826087,
  "properti": 0.004347826086956522,
  "recommend": 0.004347826086956522,
  "registr": 0.008695652173913044,
  "requir": 0.004347826086956522,
  "reserv": 0.004347826086956522,
  "resourc": 0.008695652173913044,
  "return": 0.004347826086956522,
  "right": 0.004347826086956522,
  "search": 0.008695652173913044,
  "side": 0.008695652173913044,
  "site": 0.004347826086956522,
  "standard": 0.004347826086956522,
  "suffic": 0.004347826086956522,
  "technolog": 0.004347826086956522,
  "tip": 0.004347826086956522,
  "tool": 0.004347826086956522,
  "transport": 0.004347826086956522,
  "travel": 0.004347826086956522,
  "visa": 0.021739130434782608,
  "will": 0.004347826086956522,
  "work": 0.008695652173913044
}