{
  "1": 0.005571030640668524,
  "101": 0.005571030640668524,
  "2": 0.005571030640668524,
  "4": 0.005571030640668524,
  "5": 0.005571030640668524,
  "5378": 0.005571030640668524,
  "A": 0.011142061281337047,
  "AD": 0.005571030640668524,
  "AMS": 0.002785515320334262,
  "ART": 0.002785515320334262,
  "AS": 0.002785515320334262,
  "About": 0.008356545961002786,
  "An": 0.002785515320334262,
  "Applicabl": 0.002785515320334262,
  "Applicat": 0.002785515320334262,
  "Area": 0.011142061281337047,
  "Autom": 0.002785515320334262,
  "BCP": 0.002785515320334262,
  "BOF": 0.013927576601671309,
  "Best": 0.002785515320334262,
  "Bird": 0.005571030640668524,
  "Blog": 0.005571030640668524,
  "Commun": 0.002785515320334262,
  "Contact": 0.005571030640668524,
  "Contribut": 0.016713091922005572,
  "Contributor": 0.008356545961002786,
  "Copyright": 0.005571030640668524,
  "Current": 0.002785515320334262,
  "DS": 0.002785515320334262,
  "Datatrack": 0.005571030640668524,
  "Delai": 0.002785515320334262,
  "Director": 0.002785515320334262,
  "Draft": 0.011142061281337047,
  "Editor": 0.011142061281337047,
  "Email": 0.008356545961002786,
  "Feather": 0.005571030640668524,
  "Glossari": 0.005571030640668524,
  "Go": 0.005571030640668524,
  "Group": 0.005571030640668524,
  "Hide": 0.002785515320334262,
  "How": 0.002785515320334262,
  "IAB": 0.008356545961002786,
  "IANA": 0.002785515320334262,
  "IAOC": 0.002785515320334262,
  "IESG": 0.013927576601671309,
  "IETF": 0.07520891364902507,
  "IRTF": 0.002785515320334262,
  "ISOC": 0.002785515320334262,
  "In": 0.005571030640668524,
  "Intellectu": 0.002785515320334262,
  "Internet": 0.013927576601671309,
  "London": 0.005571030640668524,
  "Meet": 0.002785515320334262,
  "Mission": 0.005571030640668524,
  "More": 0.005571030640668524,
  "New": 0.013927576601671309,
  "Often": 0.002785515320334262,
  "Online": 0.002785515320334262,
  "Particip": 0.005571030640668524,
  "Practic": 0.002785515320334262,
  "Privaci": 0.002785515320334262,
  "Protocol": 0.002785515320334262,
  "Quick": 0.005571030640668524,
  "RFC": 0.022284122562674095,
  "Rather": 0.002785515320334262,
  "Real": 0.002785515320334262,
  "Run": 0.002785515320334262,
  "Search": 0.022284122562674095,
  "Secretariat": 0.002785515320334262,
  "Section": 0.005571030640668524,
  "Standard": 0.005571030640668524,
  "Statement": 0.011142061281337047,
  "Such": 0.002785515320334262,
  "Support": 0.005571030640668524,
  "The": 0.005571030640668524,
  "Thi": 0.002785515320334262,
  "Thing": 0.002785515320334262,
  "Time": 0.002785515320334262,
  "Tool": 0.005571030640668524,
  "Topic": 0.002785515320334262,
  "Trust": 0.002785515320334262,
  "WG": 0.005571030640668524,
  "Websit": 0.002785515320334262,
  "Who": 0.005571030640668524,
  "Work": 0.002785515320334262,
  "activ": 0.005571030640668524,
  "addit": 0.002785515320334262,
  "address": 0.002785515320334262,
  "applic": 0.002785515320334262,
  "archiv": 0.005571030640668524,
  "area": 0.002785515320334262,
  "auspic": 0.002785515320334262,
  "author": 0.008356545961002786,
  "authorship": 0.002785515320334262,
  "behalf": 0.005571030640668524,
  "blog": 0.005571030640668524,
  "brainstorm": 0.002785515320334262,
  "cede": 0.002785515320334262,
  "chair": 0.005571030640668524,
  "clearli": 0.002785515320334262,
  "code": 0.002785515320334262,
  "commonli": 0.002785515320334262,
  "commun": 0.005571030640668524,
  "compens": 0.002785515320334262,
  "condit": 0.002785515320334262,
  "context": 0.005571030640668524,
  "copi": 0.005571030640668524,
  "copyright": 0.005571030640668524,
  "creat": 0.002785515320334262,
  "deriv": 0.002785515320334262,
  "describ": 0.005571030640668524,
  "design": 0.002785515320334262,
  "discuss": 0.005571030640668524,
  "distribut": 0.002785515320334262,
  "document": 0.005571030640668524,
  "electron": 0.002785515320334262,
  "email": 0.002785515320334262,
  "employ": 0.005571030640668524,
  "encompass": 0.002785515320334262,
  "equival": 0.002785515320334262,
  "event": 0.002785515320334262,
  "exclus": 0.002785515320334262,
  "explor": 0.002785515320334262,
  "form": 0.002785515320334262,
  "format": 0.002785515320334262,
  "forum": 0.002785515320334262,
  "function": 0.011142061281337047,
  "grant": 0.002785515320334262,
  "group": 0.016713091922005572,
  "held": 0.002785515320334262,
  "includ": 0.005571030640668524,
  "individu": 0.002785515320334262,
  "input": 0.002785515320334262,
  "intend": 0.005571030640668524,
  "intent": 0.002785515320334262,
  "interest": 0.002785515320334262,
  "interperson": 0.002785515320334262,
  "issu": 0.002785515320334262,
  "law": 0.002785515320334262,
  "legal": 0.002785515320334262,
  "link": 0.005571030640668524,
  "list": 0.022284122562674095,
  "mail": 0.005571030640668524,
  "manag": 0.002785515320334262,
  "market": 0.002785515320334262,
  "meet": 0.002785515320334262,
  "member": 0.008356545961002786,
  "merit": 0.002785515320334262,
  "network": 0.002785515320334262,
  "oral": 0.002785515320334262,
  "organ": 0.002785515320334262,
  "parti": 0.002785515320334262,
  "permit": 0.002785515320334262,
  "place": 0.002785515320334262,
  "plenari": 0.002785515320334262,
  "polici": 0.002785515320334262,
  "portion": 0.002785515320334262,
  "present": 0.002785515320334262,
  "principl": 0.005571030640668524,
  "process": 0.002785515320334262,
  "program": 0.002785515320334262,
  "properti": 0.002785515320334262,
  "public": 0.002785515320334262,
  "publish": 0.002785515320334262,
  "resourc": 0.005571030640668524,
  "right": 0.011142061281337047,
  "search": 0.005571030640668524,
  "sensit": 0.002785515320334262,
  "serv": 0.002785515320334262,
  "session": 0.013927576601671309,
  "singl": 0.002785515320334262,
  "standard": 0.002785515320334262,
  "statement": 0.008356545961002786,
  "submiss": 0.002785515320334262,
  "submit": 0.002785515320334262,
  "team": 0.002785515320334262,
  "technic": 0.005571030640668524,
  "technolog": 0.002785515320334262,
  "term": 0.002785515320334262,
  "time": 0.002785515320334262,
  "tool": 0.002785515320334262,
  "topic": 0.002785515320334262,
  "transport": 0.002785515320334262,
  "user": 0.002785515320334262,
  "web": 0.002785515320334262,
  "well": 0.002785515320334262,
  "work": 0.027855153203342618,
  "written": 0.002785515320334262
}