{
  "101": 0.005714285714285714,
  "AMS": 0.002857142857142857,
  "AS": 0.002857142857142857,
  "About": 0.002857142857142857,
  "Area": 0.002857142857142857,
  "Assign": 0.005714285714285714,
  "Assignment": 0.011428571428571429,
  "Author": 0.005714285714285714,
  "Autom": 0.002857142857142857,
  "Be": 0.005714285714285714,
  "Blog": 0.005714285714285714,
  "Co": 0.002857142857142857,
  "Commun": 0.002857142857142857,
  "Contact": 0.008571428571428572,
  "Copi": 0.002857142857142857,
  "DNS": 0.005714285714285714,
  "Databas": 0.014285714285714285,
  "Datatrack": 0.005714285714285714,
  "Domain": 0.002857142857142857,
  "Draft": 0.008571428571428572,
  "Editor": 0.002857142857142857,
  "Email": 0.008571428571428572,
  "Go": 0.002857142857142857,
  "Group": 0.002857142857142857,
  "Hide": 0.002857142857142857,
  "How": 0.002857142857142857,
  "IAB": 0.002857142857142857,
  "IANA": 0.06857142857142857,
  "IAOC": 0.002857142857142857,
  "IDN": 0.002857142857142857,
  "IESG": 0.005714285714285714,
  "IETF": 0.04285714285714286,
  "IP": 0.005714285714285714,
  "IRTF": 0.002857142857142857,
  "ISOC": 0.002857142857142857,
  "In": 0.002857142857142857,
  "Info": 0.002857142857142857,
  "Intellectu": 0.005714285714285714,
  "Internet": 0.045714285714285714,
  "Kei": 0.002857142857142857,
  "List": 0.005714285714285714,
  "London": 0.005714285714285714,
  "Mail": 0.002857142857142857,
  "Manag": 0.002857142857142857,
  "Meet": 0.002857142857142857,
  "Mirror": 0.002857142857142857,
  "Mission": 0.002857142857142857,
  "Name": 0.002857142857142857,
  "New": 0.014285714285714285,
  "Number": 0.008571428571428572,
  "Online": 0.002857142857142857,
  "Paramet": 0.002857142857142857,
  "Particip": 0.002857142857142857,
  "Privaci": 0.002857142857142857,
  "Protocol": 0.014285714285714285,
  "Queue": 0.002857142857142857,
  "Quick": 0.005714285714285714,
  "RFC": 0.008571428571428572,
  "Region": 0.002857142857142857,
  "Registri": 0.002857142857142857,
  "Request": 0.002857142857142857,
  "Resourc": 0.002857142857142857,
  "Root": 0.005714285714285714,
  "Run": 0.002857142857142857,
  "Search": 0.02,
  "Secretariat": 0.014285714285714285,
  "Specif": 0.002857142857142857,
  "Standard": 0.005714285714285714,
  "Statement": 0.005714285714285714,
  "Statist": 0.002857142857142857,
  "Statu": 0.002857142857142857,
  "Support": 0.002857142857142857,
  "The": 0.017142857142857144,
  "Thing": 0.002857142857142857,
  "Time": 0.014285714285714285,
  "To": 0.002857142857142857,
  "Tool": 0.005714285714285714,
  "Topic": 0.002857142857142857,
  "Trust": 0.002857142857142857,
  "WG": 0.005714285714285714,
  "Websit": 0.002857142857142857,
  "When": 0.005714285714285714,
  "While": 0.002857142857142857,
  "Who": 0.002857142857142857,
  "Work": 0.002857142857142857,
  "Zone": 0.014285714285714285,
  "activ": 0.002857142857142857,
  "address": 0.002857142857142857,
  "advis": 0.005714285714285714,
  "alloc": 0.002857142857142857,
  "archiv": 0.005714285714285714,
  "arpa": 0.002857142857142857,
  "assign": 0.005714285714285714,
  "authorit": 0.005714285714285714,
  "blog": 0.005714285714285714,
  "bodi": 0.002857142857142857,
  "broadli": 0.002857142857142857,
  "categori": 0.002857142857142857,
  "central": 0.002857142857142857,
  "chair": 0.005714285714285714,
  "choic": 0.008571428571428572,
  "code": 0.005714285714285714,
  "conjunct": 0.002857142857142857,
  "connect": 0.011428571428571429,
  "contact": 0.002857142857142857,
  "coordin": 0.014285714285714285,
  "copi": 0.002857142857142857,
  "directli": 0.005714285714285714,
  "directori": 0.005714285714285714,
  "discuss": 0.002857142857142857,
  "domain": 0.002857142857142857,
  "doubt": 0.005714285714285714,
  "drive": 0.002857142857142857,
  "element": 0.002857142857142857,
  "event": 0.002857142857142857,
  "free": 0.002857142857142857,
  "function": 0.005714285714285714,
  "global": 0.008571428571428572,
  "group": 0.005714285714285714,
  "iana": 0.005714285714285714,
  "int": 0.002857142857142857,
  "interest": 0.002857142857142857,
  "keep": 0.002857142857142857,
  "kei": 0.005714285714285714,
  "link": 0.005714285714285714,
  "list": 0.011428571428571429,
  "maintain": 0.017142857142857144,
  "manag": 0.005714285714285714,
  "network": 0.005714285714285714,
  "number": 0.008571428571428572,
  "ordin": 0.002857142857142857,
  "org": 0.002857142857142857,
  "part": 0.002857142857142857,
  "perform": 0.002857142857142857,
  "period": 0.005714285714285714,
  "polici": 0.002857142857142857,
  "pool": 0.002857142857142857,
  "practic": 0.002857142857142857,
  "principl": 0.002857142857142857,
  "process": 0.005714285714285714,
  "properti": 0.005714285714285714,
  "protocol": 0.011428571428571429,
  "provid": 0.002857142857142857,
  "renown": 0.002857142857142857,
  "resourc": 0.011428571428571429,
  "respons": 0.002857142857142857,
  "right": 0.005714285714285714,
  "role": 0.002857142857142857,
  "run": 0.002857142857142857,
  "search": 0.005714285714285714,
  "second": 0.005714285714285714,
  "smoothli": 0.002857142857142857,
  "sourc": 0.005714285714285714,
  "standard": 0.014285714285714285,
  "sync": 0.005714285714285714,
  "system": 0.005714285714285714,
  "technic": 0.005714285714285714,
  "technolog": 0.002857142857142857,
  "three": 0.002857142857142857,
  "time": 0.005714285714285714,
  "tool": 0.002857142857142857,
  "transport": 0.002857142857142857,
  "undertaken": 0.002857142857142857,
  "uniqu": 0.002857142857142857,
  "web": 0.005714285714285714,
  "webpag": 0.005714285714285714,
  "will": 0.005714285714285714,
  "work": 0.002857142857142857,
  "worldwid": 0.002857142857142857
}