{
  "100": 0.0032679738562091504,
  "101": 0.006535947712418301,
  "AD": 0.0032679738562091504,
  "AMS": 0.0032679738562091504,
  "About": 0.006535947712418301,
  "An": 0.0032679738562091504,
  "Appendix": 0.0032679738562091504,
  "Area": 0.016339869281045753,
  "Attend": 0.0032679738562091504,
  "Autom": 0.0032679738562091504,
  "Blog": 0.006535947712418301,
  "Close": 0.0032679738562091504,
  "Commun": 0.0032679738562091504,
  "Contact": 0.006535947712418301,
  "Datatrack": 0.013071895424836602,
  "Director": 0.0032679738562091504,
  "Document": 0.0032679738562091504,
  "Draft": 0.006535947712418301,
  "Ds": 0.0032679738562091504,
  "Each": 0.006535947712418301,
  "Editor": 0.0032679738562091504,
  "Email": 0.00980392156862745,
  "Engineer": 0.006535947712418301,
  "Forc": 0.0032679738562091504,
  "Get": 0.006535947712418301,
  "Go": 0.0032679738562091504,
  "Group": 0.00980392156862745,
  "Here": 0.00980392156862745,
  "How": 0.006535947712418301,
  "I": 0.0032679738562091504,
  "IAB": 0.0032679738562091504,
  "IANA": 0.0032679738562091504,
  "IAOC": 0.0032679738562091504,
  "IESG": 0.013071895424836602,
  "IETF": 0.08496732026143791,
  "IRTF": 0.0032679738562091504,
  "ISOC": 0.0032679738562091504,
  "If": 0.0032679738562091504,
  "Intellectu": 0.0032679738562091504,
  "Internet": 0.0392156862745098,
  "It": 0.0032679738562091504,
  "London": 0.006535947712418301,
  "Mani": 0.0032679738562091504,
  "Meet": 0.006535947712418301,
  "Mission": 0.0032679738562091504,
  "Most": 0.0032679738562091504,
  "New": 0.016339869281045753,
  "Official": 0.0032679738562091504,
  "Online": 0.0032679738562091504,
  "Particip": 0.006535947712418301,
  "Peopl": 0.0032679738562091504,
  "Privaci": 0.0032679738562091504,
  "Quick": 0.006535947712418301,
  "RFC": 0.02287581699346405,
  "Relat": 0.0032679738562091504,
  "Resourc": 0.0032679738562091504,
  "Run": 0.0032679738562091504,
  "Search": 0.02287581699346405,
  "Secretariat": 0.0032679738562091504,
  "Standard": 0.006535947712418301,
  "Start": 0.006535947712418301,
  "Statement": 0.006535947712418301,
  "Steer": 0.0032679738562091504,
  "Support": 0.0032679738562091504,
  "Tao": 0.0032679738562091504,
  "Task": 0.0032679738562091504,
  "The": 0.026143790849673203,
  "There": 0.0032679738562091504,
  "Thing": 0.0032679738562091504,
  "Tool": 0.006535947712418301,
  "Topic": 0.0032679738562091504,
  "Trust": 0.0032679738562091504,
  "WG": 0.026143790849673203,
  "We": 0.0032679738562091504,
  "Websit": 0.0032679738562091504,
  "Welcom": 0.0032679738562091504,
  "Where": 0.0032679738562091504,
  "Who": 0.0032679738562091504,
  "Within": 0.0032679738562091504,
  "Work": 0.006535947712418301,
  "abridg": 0.0032679738562091504,
  "action": 0.0032679738562091504,
  "activ": 0.0032679738562091504,
  "advic": 0.0032679738562091504,
  "approv": 0.0032679738562091504,
  "archiv": 0.006535947712418301,
  "associ": 0.0032679738562091504,
  "attend": 0.0032679738562091504,
  "avoid": 0.0032679738562091504,
  "better": 0.006535947712418301,
  "blog": 0.006535947712418301,
  "busi": 0.0032679738562091504,
  "chair": 0.013071895424836602,
  "charg": 0.0032679738562091504,
  "charter": 0.006535947712418301,
  "code": 0.0032679738562091504,
  "compris": 0.0032679738562091504,
  "current": 0.0032679738562091504,
  "defin": 0.0032679738562091504,
  "develop": 0.0032679738562091504,
  "discuss": 0.0032679738562091504,
  "document": 0.0032679738562091504,
  "engin": 0.006535947712418301,
  "entri": 0.0032679738562091504,
  "event": 0.0032679738562091504,
  "final": 0.0032679738562091504,
  "free": 0.0032679738562091504,
  "gener": 0.0032679738562091504,
  "group": 0.0032679738562091504,
  "guid": 0.0032679738562091504,
  "hardwar": 0.0032679738562091504,
  "help": 0.0032679738562091504,
  "includ": 0.0032679738562091504,
  "interest": 0.006535947712418301,
  "introduct": 0.0032679738562091504,
  "issu": 0.0032679738562091504,
  "join": 0.0032679738562091504,
  "knowledg": 0.0032679738562091504,
  "lead": 0.0032679738562091504,
  "link": 0.006535947712418301,
  "list": 0.016339869281045753,
  "lot": 0.0032679738562091504,
  "mail": 0.0032679738562091504,
  "manag": 0.00980392156862745,
  "meant": 0.0032679738562091504,
  "meet": 0.006535947712418301,
  "mission": 0.0032679738562091504,
  "movement": 0.0032679738562091504,
  "multipl": 0.0032679738562091504,
  "network": 0.00980392156862745,
  "newcom": 0.0032679738562091504,
  "occasion": 0.0032679738562091504,
  "offici": 0.0032679738562091504,
  "organ": 0.0032679738562091504,
  "particip": 0.013071895424836602,
  "point": 0.0032679738562091504,
  "polici": 0.006535947712418301,
  "principl": 0.0032679738562091504,
  "process": 0.006535947712418301,
  "produc": 0.0032679738562091504,
  "product": 0.0032679738562091504,
  "properti": 0.0032679738562091504,
  "protocol": 0.0032679738562091504,
  "public": 0.006535947712418301,
  "publish": 0.0032679738562091504,
  "question": 0.0032679738562091504,
  "resourc": 0.00980392156862745,
  "respons": 0.0032679738562091504,
  "right": 0.0032679738562091504,
  "search": 0.006535947712418301,
  "short": 0.0032679738562091504,
  "softwar": 0.0032679738562091504,
  "sourc": 0.0032679738562091504,
  "specif": 0.0032679738562091504,
  "standard": 0.016339869281045753,
  "start": 0.00980392156862745,
  "technic": 0.006535947712418301,
  "technolog": 0.0032679738562091504,
  "tip": 0.006535947712418301,
  "tool": 0.0032679738562091504,
  "track": 0.0032679738562091504,
  "transport": 0.0032679738562091504,
  "view": 0.0032679738562091504,
  "work": 0.0196078431372549,
  "written": 0.0032679738562091504
}