{
  "101": 0.0058823529411764705,
  "A": 0.0029411764705882353,
  "AMS": 0.0029411764705882353,
  "About": 0.0029411764705882353,
  "Addition": 0.0029411764705882353,
  "Advanc": 0.0029411764705882353,
  "Although": 0.0029411764705882353,
  "Area": 0.0029411764705882353,
  "Autom": 0.0029411764705882353,
  "Below": 0.0029411764705882353,
  "Blog": 0.0058823529411764705,
  "Center": 0.0029411764705882353,
  "Comment": 0.0029411764705882353,
  "Commun": 0.0029411764705882353,
  "Contact": 0.008823529411764706,
  "Datatrack": 0.008823529411764706,
  "Draft": 0.0058823529411764705,
  "Editor": 0.029411764705882353,
  "Editori": 0.0029411764705882353,
  "Email": 0.008823529411764706,
  "Errata": 0.014705882352941176,
  "For": 0.0029411764705882353,
  "Go": 0.0029411764705882353,
  "Group": 0.011764705882352941,
  "HTML": 0.0029411764705882353,
  "Hide": 0.0029411764705882353,
  "How": 0.0029411764705882353,
  "IAB": 0.0029411764705882353,
  "IANA": 0.0029411764705882353,
  "IAOC": 0.0029411764705882353,
  "IESG": 0.008823529411764706,
  "IETF": 0.04411764705882353,
  "IRTF": 0.0029411764705882353,
  "ISOC": 0.0029411764705882353,
  "In": 0.0029411764705882353,
  "Independ": 0.0029411764705882353,
  "Index": 0.0058823529411764705,
  "Info": 0.0029411764705882353,
  "Intellectu": 0.0058823529411764705,
  "Internet": 0.020588235294117647,
  "Kei": 0.0029411764705882353,
  "London": 0.0058823529411764705,
  "Meet": 0.0029411764705882353,
  "Memo": 0.0029411764705882353,
  "Mission": 0.0029411764705882353,
  "NNNN": 0.0029411764705882353,
  "New": 0.014705882352941176,
  "Note": 0.0029411764705882353,
  "Online": 0.0029411764705882353,
  "Page": 0.008823529411764706,
  "Particip": 0.0029411764705882353,
  "Privaci": 0.0029411764705882353,
  "Process": 0.0029411764705882353,
  "Product": 0.0029411764705882353,
  "Publish": 0.0029411764705882353,
  "Queue": 0.0029411764705882353,
  "Quick": 0.0058823529411764705,
  "RFC": 0.09705882352941177,
  "Repositori": 0.0058823529411764705,
  "Request": 0.0058823529411764705,
  "Retriev": 0.0058823529411764705,
  "Run": 0.0029411764705882353,
  "Search": 0.026470588235294117,
  "Secretariat": 0.0029411764705882353,
  "Seri": 0.0029411764705882353,
  "Standard": 0.0058823529411764705,
  "Statement": 0.0058823529411764705,
  "Stream": 0.0029411764705882353,
  "Submiss": 0.0029411764705882353,
  "Support": 0.0029411764705882353,
  "TXT": 0.0029411764705882353,
  "Technic": 0.0029411764705882353,
  "Text": 0.0029411764705882353,
  "The": 0.0058823529411764705,
  "Thing": 0.0029411764705882353,
  "To": 0.014705882352941176,
  "Tool": 0.0058823529411764705,
  "Topic": 0.0029411764705882353,
  "Trust": 0.0029411764705882353,
  "WG": 0.0058823529411764705,
  "Websit": 0.0029411764705882353,
  "When": 0.0029411764705882353,
  "Who": 0.0029411764705882353,
  "Work": 0.011764705882352941,
  "XML": 0.0029411764705882353,
  "access": 0.0029411764705882353,
  "activ": 0.0029411764705882353,
  "affect": 0.0029411764705882353,
  "archiv": 0.0058823529411764705,
  "aspect": 0.0029411764705882353,
  "associ": 0.0029411764705882353,
  "author": 0.0029411764705882353,
  "authorit": 0.0029411764705882353,
  "blog": 0.0058823529411764705,
  "browser": 0.0029411764705882353,
  "care": 0.0029411764705882353,
  "chair": 0.0058823529411764705,
  "chang": 0.0029411764705882353,
  "code": 0.0029411764705882353,
  "comment": 0.0029411764705882353,
  "comput": 0.0029411764705882353,
  "concept": 0.0029411764705882353,
  "contact": 0.008823529411764706,
  "content": 0.0029411764705882353,
  "cover": 0.0029411764705882353,
  "databas": 0.0029411764705882353,
  "directli": 0.0029411764705882353,
  "discuss": 0.0029411764705882353,
  "document": 0.0029411764705882353,
  "doubt": 0.0029411764705882353,
  "editor": 0.014705882352941176,
  "errata": 0.011764705882352941,
  "error": 0.008823529411764706,
  "event": 0.0029411764705882353,
  "field": 0.0029411764705882353,
  "grammar": 0.0029411764705882353,
  "group": 0.0029411764705882353,
  "http": 0.0029411764705882353,
  "humor": 0.0029411764705882353,
  "ietf": 0.0058823529411764705,
  "includ": 0.0029411764705882353,
  "interest": 0.0029411764705882353,
  "is": 0.0029411764705882353,
  "link": 0.008823529411764706,
  "list": 0.014705882352941176,
  "locat": 0.0029411764705882353,
  "maintain": 0.0029411764705882353,
  "manag": 0.0029411764705882353,
  "mean": 0.0029411764705882353,
  "meet": 0.0029411764705882353,
  "network": 0.0058823529411764705,
  "note": 0.0058823529411764705,
  "number": 0.0029411764705882353,
  "opinion": 0.0029411764705882353,
  "option": 0.0029411764705882353,
  "org": 0.01764705882352941,
  "organiz": 0.0029411764705882353,
  "period": 0.0029411764705882353,
  "polici": 0.0029411764705882353,
  "principl": 0.0029411764705882353,
  "procedur": 0.0029411764705882353,
  "process": 0.008823529411764706,
  "program": 0.0029411764705882353,
  "proofread": 0.0029411764705882353,
  "properti": 0.0058823529411764705,
  "protocol": 0.0029411764705882353,
  "publish": 0.0029411764705882353,
  "punctuat": 0.0029411764705882353,
  "report": 0.0029411764705882353,
  "resourc": 0.0058823529411764705,
  "rfc": 0.020588235294117647,
  "rfcNNNN": 0.0029411764705882353,
  "right": 0.0058823529411764705,
  "rse": 0.0029411764705882353,
  "search": 0.011764705882352941,
  "seri": 0.0029411764705882353,
  "site": 0.008823529411764706,
  "sourc": 0.0029411764705882353,
  "spell": 0.0029411764705882353,
  "standard": 0.008823529411764706,
  "submit": 0.0029411764705882353,
  "sync": 0.0029411764705882353,
  "syntax": 0.0029411764705882353,
  "technic": 0.008823529411764706,
  "technolog": 0.0029411764705882353,
  "text": 0.0058823529411764705,
  "time": 0.0029411764705882353,
  "tool": 0.0029411764705882353,
  "transport": 0.0029411764705882353,
  "txt": 0.0029411764705882353,
  "type": 0.0029411764705882353,
  "undetect": 0.0029411764705882353,
  "version": 0.0029411764705882353,
  "visit": 0.0029411764705882353,
  "web": 0.0058823529411764705,
  "well": 0.0029411764705882353,
  "will": 0.0029411764705882353,
  "work": 0.0029411764705882353
}