{
  "101": 0.009259259259259259,
  "802": 0.009259259259259259,
  "94": 0.004629629629629629,
  "AAA": 0.004629629629629629,
  "AMS": 0.004629629629629629,
  "About": 0.009259259259259259,
  "Area": 0.004629629629629629,
  "Autom": 0.004629629629629629,
  "Binari": 0.004629629629629629,
  "Blog": 0.009259259259259259,
  "CBOR": 0.004629629629629629,
  "Commun": 0.004629629629629629,
  "Concis": 0.004629629629629629,
  "Contact": 0.009259259259259259,
  "Datatrack": 0.009259259259259259,
  "Demand": 0.004629629629629629,
  "Draft": 0.004629629629629629,
  "Editor": 0.004629629629629629,
  "Email": 0.013888888888888888,
  "Emerg": 0.004629629629629629,
  "Go": 0.004629629629629629,
  "Group": 0.004629629629629629,
  "Hide": 0.004629629629629629,
  "How": 0.004629629629629629,
  "I18N": 0.009259259259259259,
  "IAB": 0.004629629629629629,
  "IANA": 0.004629629629629629,
  "IAOC": 0.004629629629629629,
  "ICE": 0.004629629629629629,
  "IEEE": 0.009259259259259259,
  "IESG": 0.009259259259259259,
  "IETF": 0.06018518518518518,
  "IP": 0.004629629629629629,
  "IRTF": 0.004629629629629629,
  "ISOC": 0.004629629629629629,
  "In": 0.004629629629629629,
  "Info": 0.004629629629629629,
  "Intellectu": 0.004629629629629629,
  "Internation": 0.004629629629629629,
  "Internet": 0.027777777777777776,
  "Introduct": 0.009259259259259259,
  "Kei": 0.004629629629629629,
  "London": 0.009259259259259259,
  "Meet": 0.004629629629629629,
  "Mission": 0.004629629629629629,
  "NETCONF": 0.004629629629629629,
  "Network": 0.004629629629629629,
  "New": 0.023148148148148147,
  "Object": 0.004629629629629629,
  "Online": 0.004629629629629629,
  "PRECIS": 0.018518518518518517,
  "Particip": 0.009259259259259259,
  "Privaci": 0.004629629629629629,
  "Quick": 0.009259259259259259,
  "RFC": 0.013888888888888888,
  "Represent": 0.004629629629629629,
  "Run": 0.004629629629629629,
  "STUN": 0.004629629629629629,
  "Search": 0.032407407407407406,
  "Secretariat": 0.004629629629629629,
  "Slide": 0.004629629629629629,
  "Standard": 0.004629629629629629,
  "Statement": 0.009259259259259259,
  "Support": 0.004629629629629629,
  "TURN": 0.004629629629629629,
  "Technic": 0.009259259259259259,
  "The": 0.009259259259259259,
  "Therefor": 0.004629629629629629,
  "Thi": 0.004629629629629629,
  "Thing": 0.004629629629629629,
  "Tool": 0.009259259259259259,
  "Topic": 0.004629629629629629,
  "Trust": 0.004629629629629629,
  "Tutori": 0.004629629629629629,
  "Video": 0.004629629629629629,
  "WG": 0.009259259259259259,
  "Websit": 0.004629629629629629,
  "Who": 0.004629629629629629,
  "Wireless": 0.004629629629629629,
  "Work": 0.004629629629629629,
  "YANG": 0.004629629629629629,
  "accomod": 0.004629629629629629,
  "archiv": 0.009259259259259259,
  "background": 0.004629629629629629,
  "blog": 0.009259259259259259,
  "capabl": 0.004629629629629629,
  "central": 0.004629629629629629,
  "chair": 0.009259259259259259,
  "challeng": 0.004629629629629629,
  "code": 0.004629629629629629,
  "common": 0.004629629629629629,
  "commun": 0.004629629629629629,
  "configur": 0.004629629629629629,
  "content": 0.004629629629629629,
  "discuss": 0.004629629629629629,
  "distribut": 0.004629629629629629,
  "event": 0.004629629629629629,
  "explain": 0.004629629629629629,
  "framework": 0.004629629629629629,
  "group": 0.004629629629629629,
  "i18n": 0.018518518518518517,
  "identifi": 0.004629629629629629,
  "implic": 0.004629629629629629,
  "increas": 0.004629629629629629,
  "interest": 0.004629629629629629,
  "internation": 0.004629629629629629,
  "languag": 0.018518518518518517,
  "link": 0.013888888888888888,
  "list": 0.013888888888888888,
  "manag": 0.013888888888888888,
  "measur": 0.004629629629629629,
  "mechan": 0.004629629629629629,
  "messag": 0.004629629629629629,
  "monitor": 0.004629629629629629,
  "nativ": 0.004629629629629629,
  "network": 0.009259259259259259,
  "polici": 0.004629629629629629,
  "present": 0.004629629629629629,
  "principl": 0.004629629629629629,
  "process": 0.004629629629629629,
  "properti": 0.009259259259259259,
  "protocol": 0.013888888888888888,
  "recommend": 0.004629629629629629,
  "repres": 0.004629629629629629,
  "resourc": 0.009259259259259259,
  "right": 0.004629629629629629,
  "search": 0.009259259259259259,
  "set": 0.004629629629629629,
  "solut": 0.004629629629629629,
  "spread": 0.004629629629629629,
  "standard": 0.004629629629629629,
  "string": 0.004629629629629629,
  "technolog": 0.004629629629629629,
  "tool": 0.004629629629629629,
  "transport": 0.004629629629629629,
  "tutori": 0.013888888888888888,
  "user": 0.004629629629629629,
  "well": 0.004629629629629629,
  "wireless": 0.004629629629629629,
  "work": 0.009259259259259259
}