{
  "1": 0.001763668430335097,
  "101": 0.003527336860670194,
  "AMS": 0.001763668430335097,
  "About": 0.001763668430335097,
  "Access": 0.001763668430335097,
  "Active": 0.001763668430335097,
  "Administr": 0.003527336860670194,
  "Advertis": 0.001763668430335097,
  "Announcement": 0.001763668430335097,
  "Architectur": 0.003527336860670194,
  "Archive": 0.001763668430335097,
  "Area": 0.001763668430335097,
  "As": 0.001763668430335097,
  "Attende": 0.001763668430335097,
  "Autom": 0.001763668430335097,
  "Bibliographi": 0.001763668430335097,
  "Blog": 0.003527336860670194,
  "Call": 0.001763668430335097,
  "Chair": 0.003527336860670194,
  "Commun": 0.001763668430335097,
  "Complaint": 0.001763668430335097,
  "Contact": 0.003527336860670194,
  "Datatrack": 0.003527336860670194,
  "Director": 0.005291005291005291,
  "Discuss": 0.021164021164021163,
  "Draft": 0.001763668430335097,
  "E": 0.001763668430335097,
  "Each": 0.003527336860670194,
  "Editor": 0.001763668430335097,
  "Email": 0.012345679012345678,
  "Execut": 0.001763668430335097,
  "Gener": 0.001763668430335097,
  "Go": 0.001763668430335097,
  "Group": 0.012345679012345678,
  "Hide": 0.001763668430335097,
  "How": 0.003527336860670194,
  "IAB": 0.003527336860670194,
  "IAD": 0.003527336860670194,
  "IANA": 0.001763668430335097,
  "IAOC": 0.001763668430335097,
  "IESG": 0.005291005291005291,
  "IETF": 0.06349206349206349,
  "IRTF": 0.001763668430335097,
  "ISOC": 0.001763668430335097,
  "If": 0.001763668430335097,
  "In": 0.007054673721340388,
  "Inappropri": 0.003527336860670194,
  "Info": 0.001763668430335097,
  "Informat": 0.003527336860670194,
  "Intellectu": 0.001763668430335097,
  "Internet": 0.010582010582010581,
  "It": 0.003527336860670194,
  "Kei": 0.001763668430335097,
  "Last": 0.001763668430335097,
  "List": 0.008818342151675485,
  "London": 0.003527336860670194,
  "Mail": 0.001763668430335097,
  "Meet": 0.005291005291005291,
  "Mission": 0.001763668430335097,
  "NOTE": 0.001763668430335097,
  "New": 0.008818342151675485,
  "Online": 0.001763668430335097,
  "Particip": 0.001763668430335097,
  "Pleas": 0.003527336860670194,
  "Post": 0.001763668430335097,
  "Privaci": 0.001763668430335097,
  "Question": 0.001763668430335097,
  "Quick": 0.003527336860670194,
  "RFC": 0.003527336860670194,
  "Run": 0.001763668430335097,
  "Search": 0.012345679012345678,
  "Secretariat": 0.010582010582010581,
  "Sever": 0.001763668430335097,
  "Standard": 0.001763668430335097,
  "Statement": 0.003527336860670194,
  "Support": 0.003527336860670194,
  "Team": 0.001763668430335097,
  "Technic": 0.001763668430335097,
  "The": 0.014109347442680775,
  "Thing": 0.001763668430335097,
  "Tool": 0.003527336860670194,
  "Topic": 0.001763668430335097,
  "Trust": 0.001763668430335097,
  "Unprofession": 0.001763668430335097,
  "Unsolicit": 0.001763668430335097,
  "WG": 0.003527336860670194,
  "Web": 0.007054673721340388,
  "Websit": 0.001763668430335097,
  "Who": 0.001763668430335097,
  "Work": 0.012345679012345678,
  "You": 0.001763668430335097,
  "abus": 0.001763668430335097,
  "accept": 0.001763668430335097,
  "access": 0.001763668430335097,
  "action": 0.001763668430335097,
  "activ": 0.003527336860670194,
  "addit": 0.001763668430335097,
  "administr": 0.001763668430335097,
  "allow": 0.001763668430335097,
  "appoint": 0.001763668430335097,
  "appropri": 0.007054673721340388,
  "architectur": 0.012345679012345678,
  "archiv": 0.019400352733686066,
  "area": 0.001763668430335097,
  "arm": 0.001763668430335097,
  "attempt": 0.001763668430335097,
  "attende": 0.005291005291005291,
  "base": 0.003527336860670194,
  "blog": 0.003527336860670194,
  "bring": 0.001763668430335097,
  "broad": 0.001763668430335097,
  "broader": 0.001763668430335097,
  "bulk": 0.001763668430335097,
  "busi": 0.001763668430335097,
  "candid": 0.001763668430335097,
  "case": 0.001763668430335097,
  "cast": 0.001763668430335097,
  "chair": 0.003527336860670194,
  "clarif": 0.001763668430335097,
  "code": 0.001763668430335097,
  "commentari": 0.001763668430335097,
  "commun": 0.001763668430335097,
  "concern": 0.005291005291005291,
  "conduct": 0.001763668430335097,
  "connect": 0.001763668430335097,
  "consider": 0.001763668430335097,
  "control": 0.003527336860670194,
  "controversi": 0.001763668430335097,
  "convers": 0.001763668430335097,
  "current": 0.001763668430335097,
  "decis": 0.001763668430335097,
  "deem": 0.001763668430335097,
  "develop": 0.001763668430335097,
  "direct": 0.003527336860670194,
  "discourag": 0.001763668430335097,
  "discuss": 0.042328042328042326,
  "drill": 0.001763668430335097,
  "duplic": 0.001763668430335097,
  "dwell": 0.001763668430335097,
  "email": 0.001763668430335097,
  "employ": 0.001763668430335097,
  "empow": 0.001763668430335097,
  "establish": 0.001763668430335097,
  "event": 0.001763668430335097,
  "expect": 0.001763668430335097,
  "fall": 0.003527336860670194,
  "focus": 0.001763668430335097,
  "fora": 0.001763668430335097,
  "forum": 0.003527336860670194,
  "ftp": 0.003527336860670194,
  "further": 0.001763668430335097,
  "gener": 0.005291005291005291,
  "group": 0.019400352733686066,
  "guidelin": 0.003527336860670194,
  "host": 0.001763668430335097,
  "hous": 0.003527336860670194,
  "http": 0.001763668430335097,
  "ietf": 0.007054673721340388,
  "implic": 0.001763668430335097,
  "includ": 0.003527336860670194,
  "individu": 0.001763668430335097,
  "initi": 0.001763668430335097,
  "input": 0.001763668430335097,
  "interest": 0.003527336860670194,
  "involv": 0.001763668430335097,
  "issu": 0.010582010582010581,
  "larger": 0.001763668430335097,
  "latitud": 0.001763668430335097,
  "limit": 0.001763668430335097,
  "link": 0.003527336860670194,
  "list": 0.06172839506172839,
  "locat": 0.003527336860670194,
  "long": 0.001763668430335097,
  "mail": 0.02292768959435626,
  "maintain": 0.005291005291005291,
  "manag": 0.001763668430335097,
  "meant": 0.003527336860670194,
  "meet": 0.014109347442680775,
  "member": 0.001763668430335097,
  "messag": 0.005291005291005291,
  "move": 0.001763668430335097,
  "mtd": 0.001763668430335097,
  "natur": 0.001763668430335097,
  "network": 0.001763668430335097,
  "note": 0.001763668430335097,
  "ongo": 0.001763668430335097,
  "open": 0.001763668430335097,
  "opportun": 0.003527336860670194,
  "org": 0.005291005291005291,
  "perform": 0.001763668430335097,
  "person": 0.003527336860670194,
  "point": 0.003527336860670194,
  "polici": 0.007054673721340388,
  "post": 0.007054673721340388,
  "principl": 0.001763668430335097,
  "problem": 0.001763668430335097,
  "procedur": 0.001763668430335097,
  "process": 0.001763668430335097,
  "promot": 0.001763668430335097,
  "properti": 0.001763668430335097,
  "propos": 0.001763668430335097,
  "protocol": 0.003527336860670194,
  "purpos": 0.001763668430335097,
  "question": 0.001763668430335097,
  "quick": 0.001763668430335097,
  "rang": 0.005291005291005291,
  "redirect": 0.001763668430335097,
  "refer": 0.001763668430335097,
  "regist": 0.001763668430335097,
  "relev": 0.001763668430335097,
  "requir": 0.001763668430335097,
  "resolut": 0.001763668430335097,
  "resourc": 0.003527336860670194,
  "respect": 0.001763668430335097,
  "restrict": 0.001763668430335097,
  "right": 0.001763668430335097,
  "scope": 0.001763668430335097,
  "search": 0.003527336860670194,
  "send": 0.001763668430335097,
  "separ": 0.001763668430335097,
  "sergeant": 0.001763668430335097,
  "serv": 0.003527336860670194,
  "set": 0.001763668430335097,
  "site": 0.001763668430335097,
  "solicit": 0.001763668430335097,
  "spam": 0.003527336860670194,
  "specif": 0.005291005291005291,
  "standard": 0.001763668430335097,
  "store": 0.001763668430335097,
  "subdirectori": 0.001763668430335097,
  "subject": 0.003527336860670194,
  "subscrib": 0.007054673721340388,
  "subscript": 0.001763668430335097,
  "support": 0.001763668430335097,
  "technic": 0.008818342151675485,
  "technolog": 0.005291005291005291,
  "text": 0.003527336860670194,