{
  "101": 0.005194805194805195,
  "AMS": 0.0025974025974025974,
  "About": 0.005194805194805195,
  "Alwai": 0.0025974025974025974,
  "An": 0.005194805194805195,
  "Another": 0.0025974025974025974,
  "Any": 0.0025974025974025974,
  "Appendix": 0.007792207792207792,
  "Area": 0.0025974025974025974,
  "As": 0.0025974025974025974,
  "Attend": 0.0025974025974025974,
  "Autom": 0.0025974025974025974,
  "BCP": 0.0025974025974025974,
  "Best": 0.007792207792207792,
  "Blog": 0.005194805194805195,
  "Categori": 0.005194805194805195,
  "Commun": 0.0025974025974025974,
  "Contact": 0.005194805194805195,
  "Current": 0.007792207792207792,
  "Datatrack": 0.007792207792207792,
  "Document": 0.0025974025974025974,
  "Draft": 0.005194805194805195,
  "Editor": 0.012987012987012988,
  "Email": 0.007792207792207792,
  "Errata": 0.0025974025974025974,
  "Even": 0.0025974025974025974,
  "Experiment": 0.0025974025974025974,
  "Find": 0.0025974025974025974,
  "Formal": 0.0025974025974025974,
  "Get": 0.005194805194805195,
  "Go": 0.0025974025974025974,
  "Group": 0.005194805194805195,
  "Hide": 0.0025974025974025974,
  "Histor": 0.0025974025974025974,
  "How": 0.005194805194805195,
  "Howev": 0.0025974025974025974,
  "IAB": 0.005194805194805195,
  "IANA": 0.0025974025974025974,
  "IAOC": 0.0025974025974025974,
  "IESG": 0.005194805194805195,
  "IETF": 0.05454545454545454,
  "IETFer": 0.0025974025974025974,
  "IRTF": 0.005194805194805195,
  "ISOC": 0.0025974025974025974,
  "If": 0.0025974025974025974,
  "In": 0.0025974025974025974,
  "Info": 0.0025974025974025974,
  "Informat": 0.0025974025974025974,
  "Intellectu": 0.0025974025974025974,
  "Internet": 0.01818181818181818,
  "Kei": 0.0025974025974025974,
  "London": 0.005194805194805195,
  "Meet": 0.005194805194805195,
  "Mission": 0.0025974025974025974,
  "Most": 0.0025974025974025974,
  "New": 0.012987012987012988,
  "None": 0.0025974025974025974,
  "Not": 0.005194805194805195,
  "Official": 0.0025974025974025974,
  "Often": 0.0025974025974025974,
  "Online": 0.0025974025974025974,
  "Only": 0.0025974025974025974,
  "PS": 0.0025974025974025974,
  "Particip": 0.005194805194805195,
  "Practic": 0.007792207792207792,
  "Privaci": 0.0025974025974025974,
  "Propos": 0.005194805194805195,
  "Quick": 0.005194805194805195,
  "RFC": 0.08571428571428572,
  "Resourc": 0.0025974025974025974,
  "Run": 0.0025974025974025974,
  "Search": 0.01818181818181818,
  "Secretariat": 0.0025974025974025974,
  "Some": 0.007792207792207792,
  "Standard": 0.01818181818181818,
  "Start": 0.007792207792207792,
  "Statement": 0.005194805194805195,
  "Support": 0.0025974025974025974,
  "The": 0.01038961038961039,
  "There": 0.0025974025974025974,
  "Thi": 0.007792207792207792,
  "Thing": 0.0025974025974025974,
  "To": 0.0025974025974025974,
  "Tool": 0.005194805194805195,
  "Topic": 0.0025974025974025974,
  "Track": 0.0025974025974025974,
  "Trust": 0.0025974025974025974,
  "WG": 0.005194805194805195,
  "Websit": 0.0025974025974025974,
  "When": 0.005194805194805195,
  "Where": 0.007792207792207792,
  "Who": 0.0025974025974025974,
  "Work": 0.005194805194805195,
  "You": 0.005194805194805195,
  "abridg": 0.0025974025974025974,
  "altern": 0.0025974025974025974,
  "approv": 0.0025974025974025974,
  "archiv": 0.005194805194805195,
  "art": 0.0025974025974025974,
  "assert": 0.0025974025974025974,
  "associ": 0.0025974025974025974,
  "author": 0.005194805194805195,
  "blog": 0.005194805194805195,
  "bureaucraci": 0.0025974025974025974,
  "carri": 0.0025974025974025974,
  "chair": 0.005194805194805195,
  "chang": 0.0025974025974025974,
  "check": 0.0025974025974025974,
  "code": 0.0025974025974025974,
  "construct": 0.0025974025974025974,
  "consult": 0.0025974025974025974,
  "deploi": 0.0025974025974025974,
  "discuss": 0.0025974025974025974,
  "document": 0.007792207792207792,
  "don": 0.0025974025974025974,
  "editori": 0.0025974025974025974,
  "errata": 0.01038961038961039,
  "error": 0.0025974025974025974,
  "event": 0.0025974025974025974,
  "featur": 0.0025974025974025974,
  "final": 0.0025974025974025974,
  "find": 0.007792207792207792,
  "flavor": 0.0025974025974025974,
  "fundament": 0.0025974025974025974,
  "glad": 0.0025974025974025974,
  "good": 0.005194805194805195,
  "group": 0.0025974025974025974,
  "header": 0.0025974025974025974,
  "hear": 0.0025974025974025974,
  "idea": 0.0025974025974025974,
  "includ": 0.005194805194805195,
  "independ": 0.0025974025974025974,
  "index": 0.0025974025974025974,
  "individu": 0.0025974025974025974,
  "inform": 0.0025974025974025974,
  "interest": 0.0025974025974025974,
  "intermedi": 0.0025974025974025974,
  "interoper": 0.0025974025974025974,
  "kind": 0.0025974025974025974,
  "label": 0.0025974025974025974,
  "level": 0.0025974025974025974,
  "link": 0.005194805194805195,
  "list": 0.01038961038961039,
  "longer": 0.0025974025974025974,
  "manag": 0.0025974025974025974,
  "market": 0.0025974025974025974,
  "memo": 0.0025974025974025974,
  "mistak": 0.007792207792207792,
  "natur": 0.0025974025974025974,
  "network": 0.0025974025974025974,
  "norm": 0.0025974025974025974,
  "number": 0.0025974025974025974,
  "obsolet": 0.007792207792207792,
  "offici": 0.0025974025974025974,
  "older": 0.005194805194805195,
  "open": 0.0025974025974025974,
  "oper": 0.0025974025974025974,
  "option": 0.005194805194805195,
  "particip": 0.0025974025974025974,
  "peopl": 0.007792207792207792,
  "person": 0.0025974025974025974,
  "persuad": 0.0025974025974025974,
  "polici": 0.0025974025974025974,
  "principl": 0.0025974025974025974,
  "process": 0.005194805194805195,
  "progress": 0.0025974025974025974,
  "properti": 0.0025974025974025974,
  "protocol": 0.0025974025974025974,
  "publish": 0.0025974025974025974,
  "read": 0.007792207792207792,
  "report": 0.0025974025974025974,
  "resourc": 0.005194805194805195,
  "review": 0.0025974025974025974,
  "right": 0.0025974025974025974,
  "search": 0.01038961038961039,
  "singl": 0.0025974025974025974,
  "site": 0.007792207792207792,
  "sourc": 0.0025974025974025974,
  "specif": 0.005194805194805195,
  "specifi": 0.0025974025974025974,
  "stage": 0.01038961038961039,
  "standard": 0.02857142857142857,
  "state": 0.0025974025974025974,
  "statu": 0.0025974025974025974,
  "submiss": 0.0025974025974025974,
  "suggest": 0.0025974025974025974,
  "t": 0.005194805194805195,
  "technic": 0.005194805194805195,
  "technolog": 0.0025974025974025974,
  "text": 0.0025974025974025974,
  "tool": 0.0025974025974025974,
  "topic": 0.005194805194805195,
  "track": 0.007792207792207792,
  "transport": 0.0025974025974025974,
  "updat": 0.007792207792207792,
  "wai": 0.0025974025974025974,
  "well": 0.005194805194805195,
  "will": 0.005194805194805195,
  "work": 0.01038961038961039
}