{
  "1": 0.012048192771084338,
  "101": 0.008032128514056224,
  "12": 0.004016064257028112,
  "18": 0.004016064257028112,
  "2": 0.01606425702811245,
  "3": 0.012048192771084338,
  "4": 0.008032128514056224,
  "5": 0.004016064257028112,
  "6": 0.004016064257028112,
  "7": 0.004016064257028112,
  "8": 0.004016064257028112,
  "97": 0.012048192771084338,
  "AMS": 0.004016064257028112,
  "About": 0.004016064257028112,
  "Agenda": 0.004016064257028112,
  "All": 0.004016064257028112,
  "Area": 0.004016064257028112,
  "Audio": 0.012048192771084338,
  "Autom": 0.004016064257028112,
  "Ballroom": 0.020080321285140562,
  "Blog": 0.008032128514056224,
  "Channel": 0.004016064257028112,
  "Commun": 0.004016064257028112,
  "Contact": 0.008032128514056224,
  "Datatrack": 0.008032128514056224,
  "Draft": 0.004016064257028112,
  "Editor": 0.004016064257028112,
  "Email": 0.012048192771084338,
  "Go": 0.004016064257028112,
  "Grand": 0.012048192771084338,
  "Group": 0.004016064257028112,
  "Hide": 0.004016064257028112,
  "How": 0.008032128514056224,
  "IAB": 0.004016064257028112,
  "IANA": 0.004016064257028112,
  "IAOC": 0.004016064257028112,
  "IESG": 0.008032128514056224,
  "IETF": 0.04819277108433735,
  "IRTF": 0.004016064257028112,
  "ISOC": 0.004016064257028112,
  "In": 0.004016064257028112,
  "Info": 0.004016064257028112,
  "Intellectu": 0.004016064257028112,
  "Internet": 0.012048192771084338,
  "Kei": 0.004016064257028112,
  "Korea": 0.004016064257028112,
  "London": 0.008032128514056224,
  "Meet": 0.012048192771084338,
  "Mission": 0.004016064257028112,
  "New": 0.020080321285140562,
  "Novemb": 0.004016064257028112,
  "Online": 0.004016064257028112,
  "Park": 0.008032128514056224,
  "Particip": 0.004016064257028112,
  "Past": 0.004016064257028112,
  "Privaci": 0.004016064257028112,
  "Quick": 0.008032128514056224,
  "RFC": 0.008032128514056224,
  "Record": 0.004016064257028112,
  "Room": 0.004016064257028112,
  "Run": 0.004016064257028112,
  "Search": 0.028112449799196786,
  "Secretariat": 0.004016064257028112,
  "Seoul": 0.012048192771084338,
  "South": 0.004016064257028112,
  "Standard": 0.004016064257028112,
  "Statement": 0.008032128514056224,
  "Stream": 0.008032128514056224,
  "Studio": 0.012048192771084338,
  "Support": 0.004016064257028112,
  "The": 0.004016064257028112,
  "Thing": 0.004016064257028112,
  "Tool": 0.008032128514056224,
  "Topic": 0.004016064257028112,
  "Trust": 0.004016064257028112,
  "WG": 0.008032128514056224,
  "Websit": 0.004016064257028112,
  "Who": 0.004016064257028112,
  "Work": 0.004016064257028112,
  "archiv": 0.008032128514056224,
  "audio": 0.01606425702811245,
  "blog": 0.008032128514056224,
  "chair": 0.008032128514056224,
  "code": 0.004016064257028112,
  "discuss": 0.004016064257028112,
  "dnsalia": 0.0321285140562249,
  "download": 0.004016064257028112,
  "event": 0.008032128514056224,
  "fromÂ": 0.004016064257028112,
  "group": 0.004016064257028112,
  "http": 0.03614457831325301,
  "ietf": 0.03614457831325301,
  "ietf97": 0.004016064257028112,
  "ietf971": 0.004016064257028112,
  "ietf972": 0.004016064257028112,
  "ietf973": 0.004016064257028112,
  "ietf974": 0.004016064257028112,
  "ietf975": 0.004016064257028112,
  "ietf976": 0.004016064257028112,
  "ietf977": 0.004016064257028112,
  "ietf978": 0.004016064257028112,
  "ietf97stream": 0.0321285140562249,
  "interest": 0.004016064257028112,
  "link": 0.012048192771084338,
  "list": 0.012048192771084338,
  "m3u": 0.0321285140562249,
  "manag": 0.004016064257028112,
  "net": 0.0321285140562249,
  "network": 0.004016064257028112,
  "org": 0.004016064257028112,
  "polici": 0.004016064257028112,
  "principl": 0.004016064257028112,
  "process": 0.004016064257028112,
  "properti": 0.004016064257028112,
  "resourc": 0.008032128514056224,
  "right": 0.004016064257028112,
  "search": 0.008032128514056224,
  "session": 0.004016064257028112,
  "standard": 0.004016064257028112,
  "stream": 0.012048192771084338,
  "technolog": 0.004016064257028112,
  "tool": 0.004016064257028112,
  "transport": 0.004016064257028112,
  "will": 0.004016064257028112,
  "work": 0.012048192771084338
}