{
  "101": 0.009900990099009901,
  "91": 0.0049504950495049506,
  "AMS": 0.0049504950495049506,
  "About": 0.009900990099009901,
  "Area": 0.0049504950495049506,
  "Autom": 0.0049504950495049506,
  "Blog": 0.009900990099009901,
  "Commun": 0.0049504950495049506,
  "Contact": 0.009900990099009901,
  "Creat": 0.0049504950495049506,
  "Datatrack": 0.009900990099009901,
  "Design": 0.0049504950495049506,
  "Document": 0.0049504950495049506,
  "Draft": 0.019801980198019802,
  "Editor": 0.0049504950495049506,
  "Email": 0.01485148514851485,
  "Go": 0.0049504950495049506,
  "Group": 0.009900990099009901,
  "Hide": 0.0049504950495049506,
  "How": 0.0049504950495049506,
  "IAB": 0.0049504950495049506,
  "IANA": 0.0049504950495049506,
  "IAOC": 0.0049504950495049506,
  "IESG": 0.009900990099009901,
  "IETF": 0.06930693069306931,
  "IRTF": 0.0049504950495049506,
  "ISOC": 0.0049504950495049506,
  "In": 0.0049504950495049506,
  "Info": 0.0049504950495049506,
  "Intellectu": 0.0049504950495049506,
  "Internet": 0.034653465346534656,
  "Kei": 0.0049504950495049506,
  "London": 0.009900990099009901,
  "Meet": 0.0049504950495049506,
  "Mission": 0.0049504950495049506,
  "New": 0.024752475247524754,
  "Online": 0.0049504950495049506,
  "Particip": 0.009900990099009901,
  "Present": 0.024752475247524754,
  "Privaci": 0.009900990099009901,
  "Process": 0.009900990099009901,
  "Protocol": 0.0049504950495049506,
  "Quick": 0.009900990099009901,
  "RFC": 0.024752475247524754,
  "Run": 0.0049504950495049506,
  "Search": 0.034653465346534656,
  "Secretariat": 0.0049504950495049506,
  "Slide": 0.0049504950495049506,
  "Standard": 0.0049504950495049506,
  "Statement": 0.009900990099009901,
  "Support": 0.0049504950495049506,
  "The": 0.01485148514851485,
  "Thi": 0.0049504950495049506,
  "Thing": 0.0049504950495049506,
  "Tip": 0.0049504950495049506,
  "Tool": 0.01485148514851485,
  "Topic": 0.0049504950495049506,
  "Trust": 0.0049504950495049506,
  "Tutori": 0.0049504950495049506,
  "Video": 0.0049504950495049506,
  "WG": 0.009900990099009901,
  "Websit": 0.0049504950495049506,
  "Who": 0.0049504950495049506,
  "Work": 0.009900990099009901,
  "Write": 0.0049504950495049506,
  "YAML": 0.0049504950495049506,
  "advic": 0.0049504950495049506,
  "archiv": 0.009900990099009901,
  "bit": 0.0049504950495049506,
  "blog": 0.009900990099009901,
  "chair": 0.009900990099009901,
  "challeng": 0.0049504950495049506,
  "code": 0.0049504950495049506,
  "combin": 0.0049504950495049506,
  "creat": 0.0049504950495049506,
  "deepli": 0.0049504950495049506,
  "describ": 0.0049504950495049506,
  "differ": 0.0049504950495049506,
  "discuss": 0.0049504950495049506,
  "document": 0.0049504950495049506,
  "edit": 0.0049504950495049506,
  "effect": 0.0049504950495049506,
  "event": 0.0049504950495049506,
  "goal": 0.0049504950495049506,
  "group": 0.0049504950495049506,
  "help": 0.0049504950495049506,
  "improv": 0.0049504950495049506,
  "input": 0.0049504950495049506,
  "interest": 0.0049504950495049506,
  "languag": 0.0049504950495049506,
  "leadership": 0.0049504950495049506,
  "link": 0.009900990099009901,
  "list": 0.01485148514851485,
  "manag": 0.0049504950495049506,
  "markdown": 0.0049504950495049506,
  "network": 0.0049504950495049506,
  "orient": 0.009900990099009901,
  "polici": 0.0049504950495049506,
  "present": 0.01485148514851485,
  "principl": 0.0049504950495049506,
  "process": 0.0049504950495049506,
  "properti": 0.0049504950495049506,
  "receiv": 0.0049504950495049506,
  "resourc": 0.009900990099009901,
  "right": 0.0049504950495049506,
  "search": 0.009900990099009901,
  "shepherd": 0.0049504950495049506,
  "simpl": 0.0049504950495049506,
  "skill": 0.01485148514851485,
  "standard": 0.0049504950495049506,
  "technic": 0.0049504950495049506,
  "technolog": 0.0049504950495049506,
  "tip": 0.0049504950495049506,
  "tool": 0.009900990099009901,
  "topic": 0.0049504950495049506,
  "train": 0.009900990099009901,
  "transport": 0.0049504950495049506,
  "tutori": 0.019801980198019802,
  "uniqu": 0.0049504950495049506,
  "vari": 0.0049504950495049506,
  "venu": 0.0049504950495049506,
  "work": 0.009900990099009901
}