{
  "1": 0.002044989775051125,
  "101": 0.028629856850715747,
  "2": 0.002044989775051125,
  "3": 0.002044989775051125,
  "4": 0.002044989775051125,
  "AMS": 0.002044989775051125,
  "About": 0.002044989775051125,
  "Area": 0.002044989775051125,
  "Attende": 0.002044989775051125,
  "Audio": 0.002044989775051125,
  "Autom": 0.002044989775051125,
  "Be": 0.002044989775051125,
  "Bird": 0.002044989775051125,
  "Blog": 0.00408997955010225,
  "Check": 0.002044989775051125,
  "Commun": 0.002044989775051125,
  "Contact": 0.00408997955010225,
  "Datatrack": 0.006134969325153374,
  "Draft": 0.002044989775051125,
  "Dure": 0.002044989775051125,
  "Each": 0.00408997955010225,
  "Editor": 0.002044989775051125,
  "Email": 0.006134969325153374,
  "Emergenc": 0.002044989775051125,
  "Event": 0.002044989775051125,
  "Feather": 0.002044989775051125,
  "For": 0.00408997955010225,
  "Gener": 0.002044989775051125,
  "Go": 0.002044989775051125,
  "Group": 0.00408997955010225,
  "Groupchat": 0.002044989775051125,
  "Hide": 0.002044989775051125,
  "How": 0.00408997955010225,
  "IAB": 0.002044989775051125,
  "IANA": 0.002044989775051125,
  "IAOC": 0.002044989775051125,
  "ID": 0.002044989775051125,
  "IESG": 0.00408997955010225,
  "IETF": 0.06952965235173825,
  "IRTF": 0.002044989775051125,
  "ISOC": 0.002044989775051125,
  "If": 0.006134969325153374,
  "In": 0.006134969325153374,
  "Info": 0.002044989775051125,
  "Intellectu": 0.002044989775051125,
  "Internet": 0.0081799591002045,
  "It": 0.002044989775051125,
  "Jabber": 0.012269938650306749,
  "Kei": 0.002044989775051125,
  "Link": 0.002044989775051125,
  "List": 0.00408997955010225,
  "Log": 0.002044989775051125,
  "London": 0.010224948875255624,
  "Mail": 0.00408997955010225,
  "Main": 0.002044989775051125,
  "Meet": 0.006134969325153374,
  "Meetecho": 0.022494887525562373,
  "Mission": 0.002044989775051125,
  "New": 0.010224948875255624,
  "Note": 0.00408997955010225,
  "Online": 0.002044989775051125,
  "Page": 0.002044989775051125,
  "Particip": 0.0081799591002045,
  "Pleas": 0.002044989775051125,
  "Plenari": 0.002044989775051125,
  "Prepar": 0.002044989775051125,
  "Privaci": 0.002044989775051125,
  "Procedur": 0.002044989775051125,
  "Quick": 0.00408997955010225,
  "RFC": 0.00408997955010225,
  "Regist": 0.006134969325153374,
  "Remot": 0.006134969325153374,
  "Review": 0.002044989775051125,
  "Run": 0.002044989775051125,
  "Search": 0.014314928425357873,
  "Secretariat": 0.002044989775051125,
  "See": 0.002044989775051125,
  "Servic": 0.002044989775051125,
  "Simpli": 0.002044989775051125,
  "Social": 0.002044989775051125,
  "Standard": 0.002044989775051125,
  "Statement": 0.00408997955010225,
  "Support": 0.002044989775051125,
  "The": 0.010224948875255624,
  "There": 0.002044989775051125,
  "Thing": 0.002044989775051125,
  "Tool": 0.00408997955010225,
  "Topic": 0.002044989775051125,
  "Trust": 0.002044989775051125,
  "UTC": 0.002044989775051125,
  "Using": 0.002044989775051125,
  "WG": 0.00408997955010225,
  "Websit": 0.002044989775051125,
  "Well": 0.002044989775051125,
  "Who": 0.002044989775051125,
  "Work": 0.00408997955010225,
  "XMPP": 0.002044989775051125,
  "You": 0.00408997955010225,
  "access": 0.006134969325153374,
  "acronym": 0.002044989775051125,
  "addit": 0.00408997955010225,
  "advanc": 0.002044989775051125,
  "agenda": 0.016359918200409,
  "allow": 0.002044989775051125,
  "alto": 0.002044989775051125,
  "archiv": 0.00408997955010225,
  "arrang": 0.002044989775051125,
  "associ": 0.002044989775051125,
  "attende": 0.00408997955010225,
  "audio": 0.012269938650306749,
  "better": 0.002044989775051125,
  "blog": 0.00408997955010225,
  "breakout": 0.002044989775051125,
  "chair": 0.00408997955010225,
  "channel": 0.002044989775051125,
  "chat": 0.002044989775051125,
  "chatroom": 0.010224948875255624,
  "client": 0.002044989775051125,
  "code": 0.002044989775051125,
  "collabor": 0.002044989775051125,
  "commentari": 0.002044989775051125,
  "conduct": 0.002044989775051125,
  "connect": 0.006134969325153374,
  "convers": 0.00408997955010225,
  "current": 0.00408997955010225,
  "default": 0.002044989775051125,
  "discuss": 0.00408997955010225,
  "don": 0.002044989775051125,
  "earli": 0.002044989775051125,
  "editor": 0.002044989775051125,
  "email": 0.006134969325153374,
  "event": 0.00408997955010225,
  "fee": 0.002044989775051125,
  "fill": 0.002044989775051125,
  "form": 0.002044989775051125,
  "gener": 0.00408997955010225,
  "go": 0.002044989775051125,
  "good": 0.002044989775051125,
  "group": 0.00408997955010225,
  "hallwai": 0.002044989775051125,
  "hear": 0.002044989775051125,
  "ietf": 0.0081799591002045,
  "includ": 0.002044989775051125,
  "individu": 0.00408997955010225,
  "interact": 0.002044989775051125,
  "interest": 0.00408997955010225,
  "issu": 0.00408997955010225,
  "jabber": 0.010224948875255624,
  "join": 0.00408997955010225,
  "lend": 0.002044989775051125,
  "link": 0.0081799591002045,
  "list": 0.016359918200409,
  "listen": 0.002044989775051125,
  "live": 0.002044989775051125,
  "locat": 0.002044989775051125,
  "login": 0.002044989775051125,
  "mail": 0.002044989775051125,
  "manag": 0.002044989775051125,
  "materi": 0.002044989775051125,
  "meet": 0.034764826175869123,
  "network": 0.002044989775051125,
  "nonspecif": 0.002044989775051125,
  "note": 0.006134969325153374,
  "number": 0.002044989775051125,
  "offer": 0.002044989775051125,
  "offici": 0.010224948875255624,
  "onlin": 0.002044989775051125,
  "open": 0.002044989775051125,
  "oper": 0.002044989775051125,
  "opportun": 0.00408997955010225,
  "org": 0.0081799591002045,
  "particip": 0.018404907975460124,
  "pass": 0.002044989775051125,
  "person": 0.002044989775051125,
  "plenari": 0.00408997955010225,
  "polici": 0.002044989775051125,
  "prefer": 0.002044989775051125,
  "present": 0.006134969325153374,
  "principl": 0.002044989775051125,
  "process": 0.002044989775051125,
  "properti": 0.002044989775051125,
  "provid": 0.00408997955010225,
  "question": 0.006134969325153374,
  "regist": 0.006134969325153374,
  "registr": 0.00408997955010225,
  "remot": 0.012269938650306749,
  "requir": 0.002044989775051125,
  "resourc": 0.00408997955010225,
  "review": 0.002044989775051125,
  "right": 0.002044989775051125,
  "room": 0.010224948875255624,
  "run": 0.002044989775051125,
  "scribe": 0.00408997955010225,
  "search": 0.00408997955010225,
  "select": 0.002044989775051125,
  "session": 0.028629856850715747,
  "share": 0.002044989775051125,
  "shut": 0.002044989775051125,
  "silenc": 0.002044989775051125,
  "slide": 0.002044989775051125,
  "social": 0.00408997955010225,
  "speak": 0.002044989775051125,
  "speaker": 0.002044989775051125,
  "specif": 0.00408997955010225,
  "stand": 0.002044989775051125,
  "standalon": 0.002044989775051125,
  "standard": 0.002044989775051125,
  "stream": 0.012269938650306749,
  "subscrib": 0.00408997955010225,
  "support": 0.002044989775051125,
  "sure": 0.002044989775051125,
  "synchron": 0.002044989775051125,
  "t": 0.002044989775051125,
  "technolog": 0.002044989775051125,
  "time": 0.00408997955010225,
  "tool": 0.00408997955010225,
  "topic": 0.002044989775051125,
  "transport": 0.002044989775051125,
  "travel": 0.00408997955010225,
  "tutori": 0.00408997955010225,
  "type": 0.00408997955010225,
  "unabl": 0.002044989775051125,
  "understand": 0.002044989775051125,
  "underwai": 0.002044989775051125,
  "venu": 0.002044989775051125,
  "video": 0.00408997955010225,
  "view": 0.002044989775051125,
  "will": 0.006134969325153374,
  "work": 0.012269938650306749,
  "zone": 0.002044989775051125
}