{
  "101": 0.005780346820809248,
  "A": 0.002890173410404624,
  "AD": 0.02023121387283237,
  "AMS": 0.008670520231213872,
  "AT": 0.002890173410404624,
  "About": 0.005780346820809248,
  "Adam": 0.002890173410404624,
  "Alexa": 0.002890173410404624,
  "Alexei": 0.002890173410404624,
  "Alia": 0.002890173410404624,
  "Alissa": 0.002890173410404624,
  "Alvaro": 0.002890173410404624,
  "Appeal": 0.002890173410404624,
  "Applicat": 0.002890173410404624,
  "Area": 0.02601156069364162,
  "As": 0.002890173410404624,
  "Assign": 0.002890173410404624,
  "Associat": 0.005780346820809248,
  "Atla": 0.002890173410404624,
  "Author": 0.002890173410404624,
  "Autom": 0.002890173410404624,
  "Ben": 0.002890173410404624,
  "Benoit": 0.002890173410404624,
  "Blog": 0.005780346820809248,
  "Brungard": 0.002890173410404624,
  "Campbel": 0.002890173410404624,
  "Chair": 0.005780346820809248,
  "Cisco": 0.005780346820809248,
  "Clais": 0.002890173410404624,
  "Commun": 0.002890173410404624,
  "Contact": 0.005780346820809248,
  "Cooper": 0.002890173410404624,
  "Cotton": 0.002890173410404624,
  "Datatrack": 0.005780346820809248,
  "Dawkin": 0.002890173410404624,
  "Deborah": 0.002890173410404624,
  "Dell": 0.002890173410404624,
  "Director": 0.005780346820809248,
  "Draft": 0.002890173410404624,
  "EMC": 0.002890173410404624,
  "ETH": 0.002890173410404624,
  "Editor": 0.005780346820809248,
  "Email": 0.008670520231213872,
  "Engineer": 0.005780346820809248,
  "Eric": 0.002890173410404624,
  "Ex": 0.002890173410404624,
  "Execut": 0.002890173410404624,
  "Gener": 0.002890173410404624,
  "Ginoza": 0.002890173410404624,
  "Go": 0.002890173410404624,
  "Googl": 0.005780346820809248,
  "Group": 0.011560693641618497,
  "Hamster": 0.002890173410404624,
  "Hardi": 0.002890173410404624,
  "Hide": 0.002890173410404624,
  "How": 0.002890173410404624,
  "Huawei": 0.002890173410404624,
  "IAB": 0.008670520231213872,
  "IANA": 0.005780346820809248,
  "IAOC": 0.002890173410404624,
  "ICANN": 0.002890173410404624,
  "IESG": 0.031791907514450865,
  "IETF": 0.04046242774566474,
  "IRTF": 0.002890173410404624,
  "ISOC": 0.002890173410404624,
  "In": 0.002890173410404624,
  "Info": 0.002890173410404624,
  "Intellectu": 0.002890173410404624,
  "Internet": 0.02023121387283237,
  "Internetwork": 0.002890173410404624,
  "Isode": 0.002890173410404624,
  "Junip": 0.002890173410404624,
  "Kaloom": 0.002890173410404624,
  "Kathleen": 0.002890173410404624,
  "Kei": 0.002890173410404624,
  "Krishnan": 0.002890173410404624,
  "Kumari": 0.002890173410404624,
  "Kühlewind": 0.002890173410404624,
  "LLC": 0.005780346820809248,
  "Liaison": 0.011560693641618497,
  "London": 0.005780346820809248,
  "Manag": 0.008670520231213872,
  "Manderson": 0.002890173410404624,
  "Meet": 0.005780346820809248,
  "Melnikov": 0.002890173410404624,
  "Member": 0.011560693641618497,
  "Michel": 0.002890173410404624,
  "Minut": 0.002890173410404624,
  "Mirja": 0.002890173410404624,
  "Mission": 0.002890173410404624,
  "Moriarti": 0.002890173410404624,
  "Morri": 0.002890173410404624,
  "Mozilla": 0.005780346820809248,
  "Network": 0.002890173410404624,
  "New": 0.014450867052023121,
  "Note": 0.002890173410404624,
  "Number": 0.002890173410404624,
  "Online": 0.002890173410404624,
  "Operat": 0.002890173410404624,
  "Particip": 0.002890173410404624,
  "Privaci": 0.002890173410404624,
  "Quick": 0.005780346820809248,
  "RFC": 0.008670520231213872,
  "Real": 0.002890173410404624,
  "Rescorla": 0.002890173410404624,
  "Retana": 0.002890173410404624,
  "Roach": 0.002890173410404624,
  "Rout": 0.002890173410404624,
  "Run": 0.002890173410404624,
  "Sandi": 0.002890173410404624,
  "Search": 0.02023121387283237,
  "Secretariat": 0.002890173410404624,
  "Secur": 0.002890173410404624,
  "Solut": 0.005780346820809248,
  "Spencer": 0.002890173410404624,
  "Standard": 0.002890173410404624,
  "Statement": 0.005780346820809248,
  "Steer": 0.005780346820809248,
  "Support": 0.002890173410404624,
  "Suresh": 0.002890173410404624,
  "Suzann": 0.002890173410404624,
  "T": 0.002890173410404624,
  "Ted": 0.002890173410404624,
  "Terri": 0.002890173410404624,
  "The": 0.028901734104046242,
  "Their": 0.002890173410404624,
  "Thing": 0.002890173410404624,
  "Time": 0.002890173410404624,
  "Tool": 0.005780346820809248,
  "Topic": 0.002890173410404624,
  "Transport": 0.002890173410404624,
  "Trust": 0.002890173410404624,
  "WG": 0.005780346820809248,
  "Warren": 0.002890173410404624,
  "Websit": 0.002890173410404624,
  "Who": 0.002890173410404624,
  "Wonder": 0.002890173410404624,
  "Woolf": 0.002890173410404624,
  "Work": 0.002890173410404624,
  "Zurich": 0.002890173410404624,
  "ad": 0.02023121387283237,
  "affili": 0.002890173410404624,
  "archiv": 0.005780346820809248,
  "art": 0.005780346820809248,
  "biographi": 0.04335260115606936,
  "blog": 0.005780346820809248,
  "chair": 0.008670520231213872,
  "code": 0.002890173410404624,
  "compos": 0.002890173410404624,
  "discuss": 0.002890173410404624,
  "event": 0.002890173410404624,
  "gen": 0.005780346820809248,
  "group": 0.002890173410404624,
  "iesg": 0.002890173410404624,
  "ietf": 0.023121387283236993,
  "individu": 0.002890173410404624,
  "int": 0.005780346820809248,
  "interest": 0.002890173410404624,
  "link": 0.005780346820809248,
  "list": 0.011560693641618497,
  "manag": 0.002890173410404624,
  "member": 0.005780346820809248,
  "network": 0.002890173410404624,
  "officio": 0.002890173410404624,
  "op": 0.005780346820809248,
  "org": 0.023121387283236993,
  "polici": 0.002890173410404624,
  "principl": 0.002890173410404624,
  "process": 0.002890173410404624,
  "properti": 0.002890173410404624,
  "reach": 0.023121387283236993,
  "resourc": 0.005780346820809248,
  "right": 0.002890173410404624,
  "rtg": 0.005780346820809248,
  "search": 0.005780346820809248,
  "serv": 0.002890173410404624,
  "standard": 0.002890173410404624,
  "technolog": 0.002890173410404624,
  "tool": 0.002890173410404624,
  "transport": 0.002890173410404624,
  "tsv": 0.005780346820809248,
  "unaffili": 0.002890173410404624,
  "usual": 0.002890173410404624,
  "work": 0.002890173410404624
}