{
  "1": 0.0034129692832764505,
  "101": 0.006825938566552901,
  "3935": 0.006825938566552901,
  "A": 0.0034129692832764505,
  "AD": 0.006825938566552901,
  "AMS": 0.0034129692832764505,
  "About": 0.010238907849829351,
  "Alvestrand": 0.0034129692832764505,
  "Architectur": 0.0034129692832764505,
  "Area": 0.010238907849829351,
  "Autom": 0.0034129692832764505,
  "Bibliographi": 0.0034129692832764505,
  "Blog": 0.006825938566552901,
  "Board": 0.0034129692832764505,
  "Commun": 0.0034129692832764505,
  "Contact": 0.006825938566552901,
  "Datatrack": 0.006825938566552901,
  "Director": 0.006825938566552901,
  "Draft": 0.0034129692832764505,
  "Editor": 0.0034129692832764505,
  "Email": 0.010238907849829351,
  "Engineer": 0.010238907849829351,
  "Forc": 0.006825938566552901,
  "Gener": 0.0034129692832764505,
  "Go": 0.0034129692832764505,
  "Group": 0.010238907849829351,
  "Harald": 0.0034129692832764505,
  "Hide": 0.0034129692832764505,
  "How": 0.0034129692832764505,
  "IAB": 0.017064846416382253,
  "IANA": 0.0034129692832764505,
  "IAOC": 0.0034129692832764505,
  "IESG": 0.020477815699658702,
  "IETF": 0.07508532423208192,
  "IRTF": 0.0034129692832764505,
  "ISOC": 0.006825938566552901,
  "In": 0.0034129692832764505,
  "Info": 0.0034129692832764505,
  "Intellectu": 0.0034129692832764505,
  "Internet": 0.040955631399317405,
  "It": 0.0034129692832764505,
  "Kei": 0.0034129692832764505,
  "London": 0.006825938566552901,
  "Meet": 0.0034129692832764505,
  "Mission": 0.013651877133105802,
  "Much": 0.0034129692832764505,
  "New": 0.017064846416382253,
  "Online": 0.0034129692832764505,
  "Particip": 0.006825938566552901,
  "Privaci": 0.0034129692832764505,
  "Provid": 0.0034129692832764505,
  "Quick": 0.006825938566552901,
  "RFC": 0.013651877133105802,
  "Run": 0.0034129692832764505,
  "Search": 0.023890784982935155,
  "Secretariat": 0.0034129692832764505,
  "Societi": 0.0034129692832764505,
  "Standard": 0.0034129692832764505,
  "Statement": 0.013651877133105802,
  "Steer": 0.0034129692832764505,
  "Support": 0.006825938566552901,
  "T": 0.0034129692832764505,
  "Task": 0.006825938566552901,
  "The": 0.03754266211604096,
  "Thi": 0.006825938566552901,
  "Thing": 0.0034129692832764505,
  "Tool": 0.006825938566552901,
  "Topic": 0.0034129692832764505,
  "Trust": 0.0034129692832764505,
  "WG": 0.006825938566552901,
  "Websit": 0.0034129692832764505,
  "Who": 0.013651877133105802,
  "Work": 0.0034129692832764505,
  "adjud": 0.0034129692832764505,
  "appeal": 0.0034129692832764505,
  "architectur": 0.010238907849829351,
  "archiv": 0.006825938566552901,
  "area": 0.006825938566552901,
  "argu": 0.0034129692832764505,
  "blog": 0.006825938566552901,
  "captur": 0.0034129692832764505,
  "chair": 0.010238907849829351,
  "charter": 0.0034129692832764505,
  "code": 0.0034129692832764505,
  "commun": 0.006825938566552901,
  "complain": 0.0034129692832764505,
  "concern": 0.006825938566552901,
  "debat": 0.0034129692832764505,
  "defin": 0.0034129692832764505,
  "design": 0.006825938566552901,
  "discuss": 0.0034129692832764505,
  "document": 0.006825938566552901,
  "event": 0.0034129692832764505,
  "evolut": 0.006825938566552901,
  "fail": 0.0034129692832764505,
  "group": 0.013651877133105802,
  "handl": 0.0034129692832764505,
  "hold": 0.0034129692832764505,
  "individu": 0.0034129692832764505,
  "interest": 0.006825938566552901,
  "intern": 0.006825938566552901,
  "larg": 0.006825938566552901,
  "led": 0.0034129692832764505,
  "link": 0.006825938566552901,
  "list": 0.013651877133105802,
  "mail": 0.0034129692832764505,
  "manag": 0.006825938566552901,
  "meet": 0.0034129692832764505,
  "member": 0.006825938566552901,
  "memo": 0.0034129692832764505,
  "mission": 0.010238907849829351,
  "network": 0.010238907849829351,
  "officio": 0.0034129692832764505,
  "open": 0.010238907849829351,
  "oper": 0.013651877133105802,
  "organ": 0.0034129692832764505,
  "oversight": 0.0034129692832764505,
  "point": 0.0034129692832764505,
  "polici": 0.0034129692832764505,
  "principl": 0.006825938566552901,
  "process": 0.0034129692832764505,
  "properti": 0.0034129692832764505,
  "purpos": 0.0034129692832764505,
  "research": 0.006825938566552901,
  "resourc": 0.006825938566552901,
  "right": 0.0034129692832764505,
  "rout": 0.0034129692832764505,
  "search": 0.006825938566552901,
  "secur": 0.0034129692832764505,
  "serv": 0.0034129692832764505,
  "smooth": 0.006825938566552901,
  "spe": 0.0034129692832764505,
  "standard": 0.0034129692832764505,
  "statement": 0.013651877133105802,
  "technic": 0.0034129692832764505,
  "technolog": 0.0034129692832764505,
  "term": 0.0034129692832764505,
  "three": 0.0034129692832764505,
  "time": 0.0034129692832764505,
  "tool": 0.0034129692832764505,
  "topic": 0.0034129692832764505,
  "transport": 0.006825938566552901,
  "understand": 0.0034129692832764505,
  "vendor": 0.006825938566552901,
  "work": 0.017064846416382253,
  "year": 0.0034129692832764505
}