{
  "1": 0.004081632653061225,
  "101": 0.00816326530612245,
  "17": 0.004081632653061225,
  "2": 0.004081632653061225,
  "2016": 0.004081632653061225,
  "22": 0.004081632653061225,
  "3": 0.004081632653061225,
  "4": 0.004081632653061225,
  "5": 0.004081632653061225,
  "6": 0.004081632653061225,
  "7": 0.004081632653061225,
  "8": 0.004081632653061225,
  "9": 0.004081632653061225,
  "96": 0.012244897959183673,
  "AMS": 0.004081632653061225,
  "About": 0.004081632653061225,
  "Agenda": 0.004081632653061225,
  "All": 0.004081632653061225,
  "Area": 0.004081632653061225,
  "Audio": 0.012244897959183673,
  "Autom": 0.004081632653061225,
  "Bellevu": 0.004081632653061225,
  "Berlin": 0.00816326530612245,
  "Blog": 0.00816326530612245,
  "Channel": 0.004081632653061225,
  "Charlottenberg": 0.00816326530612245,
  "Commun": 0.004081632653061225,
  "Contact": 0.00816326530612245,
  "Datatrack": 0.00816326530612245,
  "Draft": 0.004081632653061225,
  "Editor": 0.004081632653061225,
  "Email": 0.012244897959183673,
  "Germani": 0.004081632653061225,
  "Go": 0.004081632653061225,
  "Group": 0.004081632653061225,
  "Hide": 0.004081632653061225,
  "How": 0.00816326530612245,
  "I": 0.00816326530612245,
  "IAB": 0.004081632653061225,
  "IANA": 0.004081632653061225,
  "IAOC": 0.004081632653061225,
  "IESG": 0.00816326530612245,
  "IETF": 0.04897959183673469,
  "II": 0.00816326530612245,
  "III": 0.00816326530612245,
  "IRTF": 0.004081632653061225,
  "ISOC": 0.004081632653061225,
  "In": 0.004081632653061225,
  "Info": 0.004081632653061225,
  "Intellectu": 0.004081632653061225,
  "Internet": 0.012244897959183673,
  "Juli": 0.004081632653061225,
  "Kei": 0.004081632653061225,
  "Linck": 0.004081632653061225,
  "London": 0.00816326530612245,
  "Meet": 0.012244897959183673,
  "Mission": 0.004081632653061225,
  "New": 0.02040816326530612,
  "Online": 0.004081632653061225,
  "Particip": 0.012244897959183673,
  "Past": 0.004081632653061225,
  "Potsdam": 0.012244897959183673,
  "Privaci": 0.004081632653061225,
  "Quick": 0.00816326530612245,
  "RFC": 0.00816326530612245,
  "Remot": 0.00816326530612245,
  "Room": 0.004081632653061225,
  "Run": 0.004081632653061225,
  "Schoeneberg": 0.004081632653061225,
  "Search": 0.02857142857142857,
  "Secretariat": 0.004081632653061225,
  "Standard": 0.004081632653061225,
  "Statement": 0.00816326530612245,
  "Stream": 0.00816326530612245,
  "Support": 0.004081632653061225,
  "The": 0.004081632653061225,
  "Thing": 0.004081632653061225,
  "Tiergarten": 0.004081632653061225,
  "Tool": 0.00816326530612245,
  "Topic": 0.004081632653061225,
  "Trust": 0.004081632653061225,
  "WG": 0.00816326530612245,
  "Websit": 0.004081632653061225,
  "Who": 0.004081632653061225,
  "Work": 0.004081632653061225,
  "archiv": 0.00816326530612245,
  "audio": 0.00816326530612245,
  "blog": 0.00816326530612245,
  "chair": 0.00816326530612245,
  "code": 0.004081632653061225,
  "discuss": 0.004081632653061225,
  "dnsalia": 0.036734693877551024,
  "event": 0.00816326530612245,
  "group": 0.004081632653061225,
  "http": 0.036734693877551024,
  "ietf": 0.036734693877551024,
  "ietf961": 0.004081632653061225,
  "ietf962": 0.004081632653061225,
  "ietf963": 0.004081632653061225,
  "ietf964": 0.004081632653061225,
  "ietf965": 0.004081632653061225,
  "ietf966": 0.004081632653061225,
  "ietf967": 0.004081632653061225,
  "ietf968": 0.004081632653061225,
  "ietf969": 0.004081632653061225,
  "ietf96stream": 0.036734693877551024,
  "interest": 0.004081632653061225,
  "link": 0.012244897959183673,
  "list": 0.012244897959183673,
  "m3u": 0.036734693877551024,
  "manag": 0.004081632653061225,
  "net": 0.036734693877551024,
  "network": 0.004081632653061225,
  "place": 0.004081632653061225,
  "polici": 0.004081632653061225,
  "principl": 0.004081632653061225,
  "process": 0.004081632653061225,
  "properti": 0.004081632653061225,
  "resourc": 0.00816326530612245,
  "right": 0.004081632653061225,
  "search": 0.00816326530612245,
  "session": 0.004081632653061225,
  "standard": 0.004081632653061225,
  "stream": 0.00816326530612245,
  "technolog": 0.004081632653061225,
  "tool": 0.004081632653061225,
  "transport": 0.004081632653061225,
  "will": 0.004081632653061225,
  "work": 0.012244897959183673
}