{
  "101": 0.004464285714285714,
  "2013": 0.002232142857142857,
  "3": 0.002232142857142857,
  "3D": 0.004464285714285714,
  "464XLAT": 0.002232142857142857,
  "87": 0.002232142857142857,
  "94": 0.011160714285714286,
  "A": 0.002232142857142857,
  "AMS": 0.002232142857142857,
  "About": 0.002232142857142857,
  "And": 0.002232142857142857,
  "Anycast": 0.002232142857142857,
  "Area": 0.002232142857142857,
  "As": 0.004464285714285714,
  "Attende": 0.002232142857142857,
  "Autom": 0.002232142857142857,
  "BHARAT": 0.002232142857142857,
  "Bengali": 0.002232142857142857,
  "Bit": 0.006696428571428571,
  "Bite": 0.006696428571428571,
  "Blog": 0.004464285714285714,
  "Bodo": 0.002232142857142857,
  "Build": 0.002232142857142857,
  "Capac": 0.002232142857142857,
  "Commun": 0.002232142857142857,
  "Contact": 0.004464285714285714,
  "DNS": 0.004464285714285714,
  "DNSSEC": 0.004464285714285714,
  "DS": 0.002232142857142857,
  "Datatrack": 0.004464285714285714,
  "Decemb": 0.002232142857142857,
  "Defin": 0.002232142857142857,
  "Demonstr": 0.002232142857142857,
  "Depth": 0.002232142857142857,
  "Descript": 0.002232142857142857,
  "Dogri": 0.002232142857142857,
  "Domain": 0.002232142857142857,
  "Draft": 0.002232142857142857,
  "E": 0.002232142857142857,
  "Editor": 0.002232142857142857,
  "Email": 0.006696428571428571,
  "Fi": 0.002232142857142857,
  "First": 0.002232142857142857,
  "Forward": 0.002232142857142857,
  "Fujitsu": 0.002232142857142857,
  "Get": 0.002232142857142857,
  "Go": 0.002232142857142857,
  "Group": 0.002232142857142857,
  "Gujarati": 0.002232142857142857,
  "HTML5": 0.002232142857142857,
  "Hackathon": 0.002232142857142857,
  "Hide": 0.002232142857142857,
  "Hindi": 0.002232142857142857,
  "How": 0.004464285714285714,
  "Hybridcast": 0.008928571428571428,
  "IAB": 0.002232142857142857,
  "IANA": 0.002232142857142857,
  "IAOC": 0.002232142857142857,
  "IDN": 0.004464285714285714,
  "IESG": 0.004464285714285714,
  "IETF": 0.04017857142857143,
  "IICB": 0.002232142857142857,
  "IIJ": 0.002232142857142857,
  "IN": 0.002232142857142857,
  "INDIA": 0.002232142857142857,
  "IP": 0.004464285714285714,
  "IPv6": 0.006696428571428571,
  "IRTF": 0.002232142857142857,
  "ISOC": 0.002232142857142857,
  "In": 0.006696428571428571,
  "India": 0.002232142857142857,
  "Indian": 0.004464285714285714,
  "Info": 0.002232142857142857,
  "Intellectu": 0.002232142857142857,
  "Internation": 0.004464285714285714,
  "Internet": 0.017857142857142856,
  "IoT": 0.002232142857142857,
  "JPRS": 0.004464285714285714,
  "Japan": 0.004464285714285714,
  "Join": 0.002232142857142857,
  "Kei": 0.002232142857142857,
  "Konkani": 0.002232142857142857,
  "List": 0.002232142857142857,
  "Lite": 0.002232142857142857,
  "London": 0.004464285714285714,
  "Ltd": 0.002232142857142857,
  "MAP": 0.002232142857142857,
  "Maithili": 0.002232142857142857,
  "Manipuri": 0.002232142857142857,
  "Marathi": 0.002232142857142857,
  "Media": 0.002232142857142857,
  "Meet": 0.006696428571428571,
  "Mission": 0.002232142857142857,
  "More": 0.002232142857142857,
  "N": 0.004464285714285714,
  "NEC": 0.004464285714285714,
  "NHK": 0.004464285714285714,
  "NIXI": 0.006696428571428571,
  "Name": 0.002232142857142857,
  "Nepali": 0.002232142857142857,
  "New": 0.011160714285714286,
  "Online": 0.002232142857142857,
  "Particip": 0.004464285714285714,
  "Past": 0.002232142857142857,
  "Platform": 0.002232142857142857,
  "Privaci": 0.002232142857142857,
  "Program": 0.002232142857142857,
  "Punjabi": 0.002232142857142857,
  "Quick": 0.004464285714285714,
  "RFC": 0.004464285714285714,
  "RFC6333": 0.002232142857142857,
  "RFC6877": 0.002232142857142857,
  "RFC7597": 0.002232142857142857,
  "Run": 0.002232142857142857,
  "SDM": 0.008928571428571428,
  "SUPA": 0.002232142857142857,
  "Search": 0.015625,
  "Secretariat": 0.002232142857142857,
  "Sindhi": 0.002232142857142857,
  "So": 0.002232142857142857,
  "Softwar": 0.002232142857142857,
  "Some": 0.002232142857142857,
  "Standard": 0.008928571428571428,
  "Statement": 0.004464285714285714,
  "Subscrib": 0.002232142857142857,
  "Support": 0.002232142857142857,
  "TV": 0.006696428571428571,
  "Tamil": 0.002232142857142857,
  "Telugu": 0.002232142857142857,
  "The": 0.011160714285714286,
  "Thing": 0.002232142857142857,
  "Tool": 0.004464285714285714,
  "Topic": 0.002232142857142857,
  "Trust": 0.002232142857142857,
  "Urdu": 0.002232142857142857,
  "WG": 0.004464285714285714,
  "We": 0.008928571428571428,
  "Websit": 0.002232142857142857,
  "Who": 0.002232142857142857,
  "Wi": 0.002232142857142857,
  "Work": 0.002232142857142857,
  "Yokohama": 0.004464285714285714,
  "actual": 0.002232142857142857,
  "adopt": 0.002232142857142857,
  "air": 0.002232142857142857,
  "applic": 0.004464285714285714,
  "archiv": 0.004464285714285714,
  "aspect": 0.002232142857142857,
  "audio": 0.006696428571428571,
  "backbon": 0.002232142857142857,
  "blog": 0.004464285714285714,
  "broadband": 0.002232142857142857,
  "broadcast": 0.008928571428571428,
  "chair": 0.004464285714285714,
  "chang": 0.002232142857142857,
  "code": 0.002232142857142857,
  "commerci": 0.004464285714285714,
  "commun": 0.002232142857142857,
  "compani": 0.002232142857142857,
  "configur": 0.002232142857142857,
  "consortium": 0.002232142857142857,
  "constitution": 0.002232142857142857,
  "content": 0.004464285714285714,
  "convers": 0.002232142857142857,
  "defin": 0.002232142857142857,
  "demo": 0.004464285714285714,
  "demonstr": 0.008928571428571428,
  "deploi": 0.004464285714285714,
  "deploy": 0.002232142857142857,
  "develop": 0.006696428571428571,
  "diment": 0.002232142857142857,
  "direct": 0.002232142857142857,
  "discuss": 0.002232142857142857,
  "displai": 0.002232142857142857,
  "domain": 0.002232142857142857,
  "dynam": 0.002232142857142857,
  "effici": 0.002232142857142857,
  "enabl": 0.004464285714285714,
  "energi": 0.002232142857142857,
  "engin": 0.002232142857142857,
  "event": 0.004464285714285714,
  "exchang": 0.002232142857142857,
  "execut": 0.002232142857142857,
  "exhibit": 0.002232142857142857,
  "expand": 0.002232142857142857,
  "fifteen": 0.002232142857142857,
  "flexibl": 0.002232142857142857,
  "framework": 0.002232142857142857,
  "gatewai": 0.006696428571428571,
  "global": 0.002232142857142857,
  "great": 0.002232142857142857,
  "group": 0.004464285714285714,
  "handl": 0.002232142857142857,
  "hear": 0.002232142857142857,
  "histori": 0.002232142857142857,
  "implement": 0.013392857142857142,
  "includ": 0.006696428571428571,
  "increas": 0.002232142857142857,
  "initi": 0.004464285714285714,
  "integr": 0.002232142857142857,
  "interact": 0.004464285714285714,
  "interest": 0.002232142857142857,
  "internet": 0.002232142857142857,
  "jp": 0.004464285714285714,
  "languag": 0.002232142857142857,
  "launch": 0.002232142857142857,
  "link": 0.004464285714285714,
  "list": 0.006696428571428571,
  "locat": 0.004464285714285714,
  "manag": 0.002232142857142857,
  "manufactur": 0.004464285714285714,
  "meet": 0.002232142857142857,
  "mesh": 0.002232142857142857,
  "model": 0.002232142857142857,
  "modul": 0.004464285714285714,
  "name": 0.002232142857142857,
  "network": 0.013392857142857142,
  "object": 0.006696428571428571,
  "ongo": 0.002232142857142857,
  "oper": 0.006696428571428571,
  "order": 0.002232142857142857,
  "orient": 0.002232142857142857,
  "part": 0.002232142857142857,
  "particip": 0.004464285714285714,
  "perform": 0.002232142857142857,
  "plan": 0.002232142857142857,
  "platform": 0.002232142857142857,
  "polici": 0.013392857142857142,
  "predefin": 0.002232142857142857,
  "present": 0.002232142857142857,
  "principl": 0.002232142857142857,
  "process": 0.002232142857142857,
  "program": 0.004464285714285714,
  "properti": 0.002232142857142857,
  "protocol": 0.002232142857142857,
  "provid": 0.006696428571428571,
  "public": 0.002232142857142857,
  "reach": 0.002232142857142857,
  "real": 0.002232142857142857,