{
  "101": 0.009523809523809525,
  "802": 0.009523809523809525,
  "94": 0.004761904761904762,
  "AAA": 0.004761904761904762,
  "AMS": 0.004761904761904762,
  "About": 0.009523809523809525,
  "Area": 0.004761904761904762,
  "Autom": 0.004761904761904762,
  "Binari": 0.004761904761904762,
  "Blog": 0.009523809523809525,
  "CBOR": 0.004761904761904762,
  "Commun": 0.004761904761904762,
  "Concis": 0.004761904761904762,
  "Contact": 0.009523809523809525,
  "Datatrack": 0.009523809523809525,
  "Draft": 0.004761904761904762,
  "Editor": 0.004761904761904762,
  "Email": 0.014285714285714285,
  "Emerg": 0.004761904761904762,
  "Go": 0.004761904761904762,
  "Group": 0.004761904761904762,
  "Hide": 0.004761904761904762,
  "How": 0.004761904761904762,
  "IAB": 0.004761904761904762,
  "IANA": 0.004761904761904762,
  "IAOC": 0.004761904761904762,
  "ICE": 0.004761904761904762,
  "IEEE": 0.009523809523809525,
  "IESG": 0.009523809523809525,
  "IETF": 0.05714285714285714,
  "IP": 0.004761904761904762,
  "IRTF": 0.004761904761904762,
  "ISOC": 0.004761904761904762,
  "In": 0.004761904761904762,
  "Info": 0.004761904761904762,
  "Intellectu": 0.004761904761904762,
  "Internet": 0.01904761904761905,
  "Introduct": 0.009523809523809525,
  "Kei": 0.004761904761904762,
  "Link": 0.004761904761904762,
  "London": 0.009523809523809525,
  "Meet": 0.004761904761904762,
  "Mission": 0.004761904761904762,
  "NETCONF": 0.004761904761904762,
  "Network": 0.004761904761904762,
  "New": 0.023809523809523808,
  "Object": 0.004761904761904762,
  "Online": 0.004761904761904762,
  "PRECIS": 0.004761904761904762,
  "Particip": 0.009523809523809525,
  "Privaci": 0.004761904761904762,
  "Quick": 0.009523809523809525,
  "RFC": 0.014285714285714285,
  "Represent": 0.004761904761904762,
  "Run": 0.004761904761904762,
  "STUN": 0.004761904761904762,
  "Search": 0.03333333333333333,
  "Secretariat": 0.004761904761904762,
  "Slide": 0.004761904761904762,
  "Standard": 0.004761904761904762,
  "Statement": 0.009523809523809525,
  "Support": 0.004761904761904762,
  "TURN": 0.004761904761904762,
  "Technic": 0.009523809523809525,
  "The": 0.004761904761904762,
  "Thi": 0.004761904761904762,
  "Thing": 0.004761904761904762,
  "Tool": 0.009523809523809525,
  "Topic": 0.004761904761904762,
  "Trust": 0.004761904761904762,
  "Tutori": 0.004761904761904762,
  "WG": 0.009523809523809525,
  "Websit": 0.004761904761904762,
  "Who": 0.004761904761904762,
  "Wireless": 0.023809523809523808,
  "Work": 0.004761904761904762,
  "YANG": 0.004761904761904762,
  "archiv": 0.009523809523809525,
  "blog": 0.009523809523809525,
  "central": 0.004761904761904762,
  "chair": 0.009523809523809525,
  "challeng": 0.01904761904761905,
  "code": 0.004761904761904762,
  "concept": 0.004761904761904762,
  "configur": 0.004761904761904762,
  "design": 0.004761904761904762,
  "discuss": 0.004761904761904762,
  "distribut": 0.004761904761904762,
  "energi": 0.004761904761904762,
  "event": 0.004761904761904762,
  "explain": 0.004761904761904762,
  "group": 0.004761904761904762,
  "i18n": 0.004761904761904762,
  "implic": 0.01904761904761905,
  "interest": 0.004761904761904762,
  "layer": 0.004761904761904762,
  "link": 0.03333333333333333,
  "list": 0.014285714285714285,
  "loss": 0.004761904761904762,
  "manag": 0.014285714285714285,
  "measur": 0.004761904761904762,
  "monitor": 0.004761904761904762,
  "network": 0.009523809523809525,
  "packet": 0.004761904761904762,
  "polici": 0.004761904761904762,
  "present": 0.004761904761904762,
  "principl": 0.004761904761904762,
  "privaci": 0.004761904761904762,
  "process": 0.004761904761904762,
  "properti": 0.02857142857142857,
  "protocol": 0.004761904761904762,
  "rang": 0.004761904761904762,
  "resourc": 0.009523809523809525,
  "right": 0.004761904761904762,
  "search": 0.009523809523809525,
  "secur": 0.004761904761904762,
  "set": 0.004761904761904762,
  "solut": 0.01904761904761905,
  "special": 0.004761904761904762,
  "standard": 0.004761904761904762,
  "subtli": 0.004761904761904762,
  "technolog": 0.004761904761904762,
  "tool": 0.004761904761904762,
  "transport": 0.004761904761904762,
  "tutori": 0.014285714285714285,
  "wire": 0.004761904761904762,
  "wireless": 0.009523809523809525,
  "work": 0.009523809523809525
}