{
  "101": 0.020242914979757085,
  "AMS": 0.004048582995951417,
  "About": 0.004048582995951417,
  "Address": 0.004048582995951417,
  "Area": 0.004048582995951417,
  "Autom": 0.004048582995951417,
  "Blog": 0.008097165991902834,
  "Commun": 0.004048582995951417,
  "Contact": 0.012145748987854251,
  "Datatrack": 0.008097165991902834,
  "Date": 0.004048582995951417,
  "Dr": 0.004048582995951417,
  "Draft": 0.004048582995951417,
  "Durat": 0.004048582995951417,
  "Editor": 0.004048582995951417,
  "Email": 0.016194331983805668,
  "Embassi": 0.004048582995951417,
  "First": 0.004048582995951417,
  "Form": 0.012145748987854251,
  "Full": 0.004048582995951417,
  "Go": 0.004048582995951417,
  "Googl": 0.024291497975708502,
  "Group": 0.004048582995951417,
  "How": 0.004048582995951417,
  "IAB": 0.004048582995951417,
  "IANA": 0.004048582995951417,
  "IAOC": 0.004048582995951417,
  "IESG": 0.008097165991902834,
  "IETF": 0.048582995951417005,
  "IRTF": 0.004048582995951417,
  "ISOC": 0.004048582995951417,
  "If": 0.004048582995951417,
  "Intellectu": 0.004048582995951417,
  "Internet": 0.012145748987854251,
  "Invitat": 0.008097165991902834,
  "LOI": 0.012145748987854251,
  "Letter": 0.008097165991902834,
  "London": 0.008097165991902834,
  "Meet": 0.004048582995951417,
  "Miss": 0.004048582995951417,
  "Mission": 0.004048582995951417,
  "Mr": 0.008097165991902834,
  "Ms": 0.004048582995951417,
  "Name": 0.004048582995951417,
  "New": 0.020242914979757085,
  "Number": 0.004048582995951417,
  "Online": 0.004048582995951417,
  "Particip": 0.004048582995951417,
  "Passport": 0.004048582995951417,
  "Pleas": 0.004048582995951417,
  "Privaci": 0.004048582995951417,
  "Quick": 0.008097165991902834,
  "RFC": 0.008097165991902834,
  "Request": 0.008097165991902834,
  "Run": 0.004048582995951417,
  "Search": 0.02834008097165992,
  "Secretariat": 0.004048582995951417,
  "Standard": 0.004048582995951417,
  "Statement": 0.008097165991902834,
  "Support": 0.004048582995951417,
  "Surnam": 0.004048582995951417,
  "The": 0.008097165991902834,
  "Thing": 0.004048582995951417,
  "Titl": 0.008097165991902834,
  "Tool": 0.008097165991902834,
  "Topic": 0.004048582995951417,
  "Trust": 0.004048582995951417,
  "Type": 0.004048582995951417,
  "WG": 0.008097165991902834,
  "Websit": 0.004048582995951417,
  "What": 0.020242914979757085,
  "Where": 0.004048582995951417,
  "Which": 0.008097165991902834,
  "Who": 0.004048582995951417,
  "Work": 0.004048582995951417,
  "address": 0.012145748987854251,
  "agre": 0.004048582995951417,
  "appear": 0.008097165991902834,
  "appli": 0.008097165991902834,
  "archiv": 0.008097165991902834,
  "arriv": 0.004048582995951417,
  "attende": 0.004048582995951417,
  "blog": 0.008097165991902834,
  "chair": 0.008097165991902834,
  "citi": 0.004048582995951417,
  "code": 0.004048582995951417,
  "complet": 0.004048582995951417,
  "confer": 0.012145748987854251,
  "contact": 0.004048582995951417,
  "copi": 0.020242914979757085,
  "cost": 0.004048582995951417,
  "countri": 0.004048582995951417,
  "dai": 0.004048582995951417,
  "discuss": 0.004048582995951417,
  "email": 0.004048582995951417,
  "embassi": 0.004048582995951417,
  "entri": 0.004048582995951417,
  "event": 0.016194331983805668,
  "field": 0.004048582995951417,
  "fill": 0.008097165991902834,
  "form": 0.008097165991902834,
  "gener": 0.004048582995951417,
  "group": 0.004048582995951417,
  "hard": 0.012145748987854251,
  "host": 0.016194331983805668,
  "hous": 0.004048582995951417,
  "interest": 0.004048582995951417,
  "invit": 0.004048582995951417,
  "letter": 0.008097165991902834,
  "link": 0.008097165991902834,
  "list": 0.012145748987854251,
  "locat": 0.004048582995951417,
  "manag": 0.004048582995951417,
  "network": 0.004048582995951417,
  "number": 0.004048582995951417,
  "passport": 0.008097165991902834,
  "place": 0.004048582995951417,
  "polici": 0.004048582995951417,
  "portion": 0.008097165991902834,
  "pre": 0.004048582995951417,
  "principl": 0.004048582995951417,
  "process": 0.008097165991902834,
  "properti": 0.004048582995951417,
  "provid": 0.004048582995951417,
  "request": 0.004048582995951417,
  "requir": 0.012145748987854251,
  "resourc": 0.008097165991902834,
  "respons": 0.004048582995951417,
  "right": 0.004048582995951417,
  "search": 0.008097165991902834,
  "singl": 0.004048582995951417,
  "soft": 0.016194331983805668,
  "standard": 0.004048582995951417,
  "technolog": 0.004048582995951417,
  "tool": 0.004048582995951417,
  "top": 0.004048582995951417,
  "transport": 0.004048582995951417,
  "trip": 0.004048582995951417,
  "type": 0.004048582995951417,
  "version": 0.004048582995951417,
  "visa": 0.012145748987854251,
  "visit": 0.016194331983805668,
  "will": 0.004048582995951417,
  "work": 0.004048582995951417
}