{
  "101": 0.007017543859649123,
  "A": 0.007017543859649123,
  "AMS": 0.0035087719298245615,
  "About": 0.007017543859649123,
  "Appendix": 0.0035087719298245615,
  "Area": 0.0035087719298245615,
  "Attend": 0.0035087719298245615,
  "Autom": 0.0035087719298245615,
  "Blog": 0.007017543859649123,
  "But": 0.0035087719298245615,
  "Chair": 0.0035087719298245615,
  "Commun": 0.0035087719298245615,
  "Contact": 0.007017543859649123,
  "Datatrack": 0.007017543859649123,
  "Document": 0.0035087719298245615,
  "Don": 0.0035087719298245615,
  "Draft": 0.0035087719298245615,
  "Editor": 0.0035087719298245615,
  "Email": 0.010526315789473684,
  "English": 0.0035087719298245615,
  "Get": 0.007017543859649123,
  "Go": 0.0035087719298245615,
  "Group": 0.0035087719298245615,
  "Hide": 0.0035087719298245615,
  "How": 0.014035087719298246,
  "IAB": 0.0035087719298245615,
  "IANA": 0.0035087719298245615,
  "IAOC": 0.0035087719298245615,
  "IESG": 0.007017543859649123,
  "IETF": 0.07017543859649122,
  "IRTF": 0.0035087719298245615,
  "ISOC": 0.0035087719298245615,
  "If": 0.010526315789473684,
  "In": 0.0035087719298245615,
  "Info": 0.0035087719298245615,
  "Intellectu": 0.0035087719298245615,
  "Internet": 0.010526315789473684,
  "It": 0.0035087719298245615,
  "Kei": 0.0035087719298245615,
  "London": 0.007017543859649123,
  "Meet": 0.007017543859649123,
  "Mentor": 0.007017543859649123,
  "Mission": 0.0035087719298245615,
  "New": 0.017543859649122806,
  "Official": 0.0035087719298245615,
  "Once": 0.0035087719298245615,
  "Online": 0.0035087719298245615,
  "Or": 0.0035087719298245615,
  "Particip": 0.007017543859649123,
  "Privaci": 0.0035087719298245615,
  "Program": 0.007017543859649123,
  "Quick": 0.007017543859649123,
  "RFC": 0.010526315789473684,
  "Resourc": 0.0035087719298245615,
  "Run": 0.0035087719298245615,
  "Search": 0.02456140350877193,
  "Secretariat": 0.0035087719298245615,
  "See": 0.0035087719298245615,
  "Standard": 0.0035087719298245615,
  "Start": 0.014035087719298246,
  "Statement": 0.007017543859649123,
  "Support": 0.0035087719298245615,
  "The": 0.014035087719298246,
  "Thi": 0.0035087719298245615,
  "Thing": 0.0035087719298245615,
  "Tool": 0.007017543859649123,
  "Topic": 0.0035087719298245615,
  "Trust": 0.0035087719298245615,
  "WG": 0.021052631578947368,
  "Websit": 0.0035087719298245615,
  "Where": 0.0035087719298245615,
  "Who": 0.0035087719298245615,
  "Work": 0.0035087719298245615,
  "You": 0.0035087719298245615,
  "activ": 0.007017543859649123,
  "advic": 0.0035087719298245615,
  "advis": 0.0035087719298245615,
  "aid": 0.0035087719298245615,
  "archiv": 0.007017543859649123,
  "automat": 0.0035087719298245615,
  "blog": 0.007017543859649123,
  "chair": 0.007017543859649123,
  "code": 0.0035087719298245615,
  "collect": 0.0035087719298245615,
  "comfort": 0.0035087719298245615,
  "commun": 0.0035087719298245615,
  "contribut": 0.007017543859649123,
  "dai": 0.0035087719298245615,
  "daili": 0.0035087719298245615,
  "deal": 0.0035087719298245615,
  "decid": 0.007017543859649123,
  "discourag": 0.0035087719298245615,
  "discuss": 0.007017543859649123,
  "document": 0.0035087719298245615,
  "draft": 0.007017543859649123,
  "event": 0.0035087719298245615,
  "experienc": 0.0035087719298245615,
  "feel": 0.0035087719298245615,
  "find": 0.0035087719298245615,
  "frank": 0.0035087719298245615,
  "good": 0.010526315789473684,
  "group": 0.0035087719298245615,
  "guidanc": 0.0035087719298245615,
  "help": 0.0035087719298245615,
  "high": 0.0035087719298245615,
  "hint": 0.0035087719298245615,
  "inbox": 0.0035087719298245615,
  "incom": 0.0035087719298245615,
  "integr": 0.0035087719298245615,
  "intend": 0.0035087719298245615,
  "interest": 0.014035087719298246,
  "join": 0.007017543859649123,
  "languag": 0.0035087719298245615,
  "level": 0.0035087719298245615,
  "link": 0.007017543859649123,
  "list": 0.02456140350877193,
  "mail": 0.021052631578947368,
  "manag": 0.0035087719298245615,
  "match": 0.0035087719298245615,
  "member": 0.0035087719298245615,
  "mentor": 0.0035087719298245615,
  "messag": 0.0035087719298245615,
  "method": 0.0035087719298245615,
  "multipl": 0.0035087719298245615,
  "network": 0.0035087719298245615,
  "newcom": 0.021052631578947368,
  "offens": 0.0035087719298245615,
  "order": 0.0035087719298245615,
  "particip": 0.0035087719298245615,
  "phase": 0.0035087719298245615,
  "polici": 0.0035087719298245615,
  "principl": 0.0035087719298245615,
  "process": 0.0035087719298245615,
  "program": 0.007017543859649123,
  "properti": 0.0035087719298245615,
  "provid": 0.0035087719298245615,
  "read": 0.007017543859649123,
  "receiv": 0.0035087719298245615,
  "refer": 0.0035087719298245615,
  "relev": 0.007017543859649123,
  "repli": 0.007017543859649123,
  "resourc": 0.007017543859649123,
  "right": 0.0035087719298245615,
  "rude": 0.0035087719298245615,
  "rule": 0.0035087719298245615,
  "search": 0.007017543859649123,
  "serious": 0.0035087719298245615,
  "simpli": 0.0035087719298245615,
  "sort": 0.0035087719298245615,
  "speed": 0.0035087719298245615,
  "standard": 0.0035087719298245615,
  "start": 0.014035087719298246,
  "suppos": 0.0035087719298245615,
  "t": 0.0035087719298245615,
  "take": 0.0035087719298245615,
  "technic": 0.0035087719298245615,
  "techniqu": 0.007017543859649123,
  "technolog": 0.0035087719298245615,
  "ten": 0.0035087719298245615,
  "thread": 0.0035087719298245615,
  "time": 0.0035087719298245615,
  "toler": 0.0035087719298245615,
  "tool": 0.0035087719298245615,
  "topic": 0.007017543859649123,
  "transport": 0.0035087719298245615,
  "turn": 0.0035087719298245615,
  "wait": 0.0035087719298245615,
  "week": 0.0035087719298245615,
  "welcom": 0.0035087719298245615,
  "well": 0.0035087719298245615,
  "will": 0.0035087719298245615,
  "wisdom": 0.0035087719298245615,
  "work": 0.007017543859649123,
  "write": 0.0035087719298245615,
  "wrong": 0.0035087719298245615
}