{
  "101": 0.008130081300813009,
  "AMS": 0.0040650406504065045,
  "ART": 0.0040650406504065045,
  "About": 0.008130081300813009,
  "Applicat": 0.008130081300813009,
  "Area": 0.07723577235772358,
  "Autom": 0.0040650406504065045,
  "Blog": 0.008130081300813009,
  "Commun": 0.0040650406504065045,
  "Contact": 0.008130081300813009,
  "Datatrack": 0.008130081300813009,
  "Director": 0.0040650406504065045,
  "Draft": 0.0040650406504065045,
  "Editor": 0.0040650406504065045,
  "Email": 0.012195121951219513,
  "Go": 0.0040650406504065045,
  "Group": 0.0040650406504065045,
  "How": 0.0040650406504065045,
  "IAB": 0.0040650406504065045,
  "IANA": 0.0040650406504065045,
  "IAOC": 0.0040650406504065045,
  "IESG": 0.008130081300813009,
  "IETF": 0.06910569105691057,
  "IRTF": 0.0040650406504065045,
  "ISOC": 0.0040650406504065045,
  "Intellectu": 0.0040650406504065045,
  "Internet": 0.02032520325203252,
  "London": 0.008130081300813009,
  "Manag": 0.008130081300813009,
  "Meet": 0.0040650406504065045,
  "Mission": 0.0040650406504065045,
  "New": 0.02032520325203252,
  "OPS": 0.0040650406504065045,
  "Online": 0.0040650406504065045,
  "Operat": 0.008130081300813009,
  "Particip": 0.008130081300813009,
  "Present": 0.0040650406504065045,
  "Privaci": 0.0040650406504065045,
  "Quick": 0.008130081300813009,
  "RFC": 0.008130081300813009,
  "RTG": 0.0040650406504065045,
  "Real": 0.008130081300813009,
  "Rout": 0.008130081300813009,
  "Run": 0.0040650406504065045,
  "SEC": 0.0040650406504065045,
  "Search": 0.028455284552845527,
  "Secretariat": 0.0040650406504065045,
  "Secur": 0.008130081300813009,
  "Servic": 0.0040650406504065045,
  "Standard": 0.0040650406504065045,
  "Statement": 0.008130081300813009,
  "Support": 0.0040650406504065045,
  "TSV": 0.0040650406504065045,
  "The": 0.0040650406504065045,
  "Thi": 0.024390243902439025,
  "Thing": 0.0040650406504065045,
  "Time": 0.008130081300813009,
  "Tool": 0.008130081300813009,
  "Topic": 0.0040650406504065045,
  "Transport": 0.008130081300813009,
  "Trust": 0.0040650406504065045,
  "Tutori": 0.0040650406504065045,
  "WG": 0.008130081300813009,
  "Websit": 0.0040650406504065045,
  "Who": 0.0040650406504065045,
  "Work": 0.0040650406504065045,
  "activ": 0.0040650406504065045,
  "archiv": 0.008130081300813009,
  "area": 0.012195121951219513,
  "block": 0.008130081300813009,
  "blog": 0.008130081300813009,
  "build": 0.008130081300813009,
  "chair": 0.008130081300813009,
  "code": 0.0040650406504065045,
  "core": 0.0040650406504065045,
  "cover": 0.0040650406504065045,
  "current": 0.0040650406504065045,
  "data": 0.0040650406504065045,
  "develop": 0.012195121951219513,
  "discuss": 0.0040650406504065045,
  "event": 0.0040650406504065045,
  "great": 0.0040650406504065045,
  "group": 0.0040650406504065045,
  "high": 0.02032520325203252,
  "includ": 0.008130081300813009,
  "interest": 0.0040650406504065045,
  "introduct": 0.024390243902439025,
  "level": 0.02032520325203252,
  "link": 0.008130081300813009,
  "list": 0.012195121951219513,
  "main": 0.0040650406504065045,
  "maintain": 0.008130081300813009,
  "manag": 0.0040650406504065045,
  "mechan": 0.0040650406504065045,
  "network": 0.0040650406504065045,
  "overview": 0.04065040650406504,
  "polici": 0.0040650406504065045,
  "present": 0.0040650406504065045,
  "principl": 0.0040650406504065045,
  "process": 0.0040650406504065045,
  "properti": 0.0040650406504065045,
  "protocol": 0.0040650406504065045,
  "provid": 0.0040650406504065045,
  "regular": 0.0040650406504065045,
  "resourc": 0.008130081300813009,
  "right": 0.0040650406504065045,
  "search": 0.008130081300813009,
  "speed": 0.0040650406504065045,
  "standard": 0.0040650406504065045,
  "technolog": 0.0040650406504065045,
  "tool": 0.0040650406504065045,
  "transport": 0.008130081300813009,
  "tutori": 0.036585365853658534,
  "underwai": 0.008130081300813009,
  "updat": 0.0040650406504065045,
  "well": 0.0040650406504065045,
  "work": 0.024390243902439025
}