{
  "101": 0.009523809523809525,
  "92": 0.004761904761904762,
  "AMS": 0.004761904761904762,
  "About": 0.009523809523809525,
  "Area": 0.004761904761904762,
  "Autom": 0.004761904761904762,
  "Blog": 0.009523809523809525,
  "Commun": 0.004761904761904762,
  "Contact": 0.009523809523809525,
  "Creat": 0.004761904761904762,
  "Datatrack": 0.009523809523809525,
  "Design": 0.004761904761904762,
  "Document": 0.004761904761904762,
  "Draft": 0.01904761904761905,
  "Editor": 0.004761904761904762,
  "Email": 0.014285714285714285,
  "Go": 0.004761904761904762,
  "Group": 0.023809523809523808,
  "Hide": 0.004761904761904762,
  "How": 0.004761904761904762,
  "IAB": 0.004761904761904762,
  "IANA": 0.004761904761904762,
  "IAOC": 0.004761904761904762,
  "IESG": 0.009523809523809525,
  "IETF": 0.06666666666666667,
  "IRTF": 0.004761904761904762,
  "ISOC": 0.004761904761904762,
  "In": 0.004761904761904762,
  "Info": 0.004761904761904762,
  "Intellectu": 0.004761904761904762,
  "Internet": 0.03333333333333333,
  "Kei": 0.004761904761904762,
  "Leadership": 0.004761904761904762,
  "London": 0.009523809523809525,
  "Meet": 0.004761904761904762,
  "Mission": 0.004761904761904762,
  "New": 0.023809523809523808,
  "Online": 0.004761904761904762,
  "Particip": 0.009523809523809525,
  "Present": 0.004761904761904762,
  "Privaci": 0.009523809523809525,
  "Process": 0.009523809523809525,
  "Protocol": 0.004761904761904762,
  "Quick": 0.009523809523809525,
  "RFC": 0.023809523809523808,
  "Run": 0.004761904761904762,
  "Search": 0.03333333333333333,
  "Secretariat": 0.004761904761904762,
  "Slide": 0.004761904761904762,
  "Standard": 0.004761904761904762,
  "Statement": 0.009523809523809525,
  "Support": 0.004761904761904762,
  "The": 0.004761904761904762,
  "Thi": 0.009523809523809525,
  "Thing": 0.004761904761904762,
  "Tool": 0.014285714285714285,
  "Topic": 0.004761904761904762,
  "Trust": 0.004761904761904762,
  "Tutori": 0.009523809523809525,
  "Understand": 0.004761904761904762,
  "Video": 0.004761904761904762,
  "WG": 0.009523809523809525,
  "Websit": 0.004761904761904762,
  "Who": 0.004761904761904762,
  "Work": 0.023809523809523808,
  "Write": 0.004761904761904762,
  "YAML": 0.004761904761904762,
  "archiv": 0.009523809523809525,
  "aspir": 0.004761904761904762,
  "bit": 0.004761904761904762,
  "blog": 0.009523809523809525,
  "chair": 0.014285714285714285,
  "chanc": 0.004761904761904762,
  "code": 0.004761904761904762,
  "cover": 0.004761904761904762,
  "creat": 0.004761904761904762,
  "current": 0.004761904761904762,
  "differ": 0.004761904761904762,
  "discuss": 0.004761904761904762,
  "document": 0.004761904761904762,
  "edit": 0.004761904761904762,
  "editor": 0.004761904761904762,
  "event": 0.004761904761904762,
  "group": 0.014285714285714285,
  "increas": 0.004761904761904762,
  "interest": 0.004761904761904762,
  "introduct": 0.004761904761904762,
  "leader": 0.004761904761904762,
  "leadership": 0.01904761904761905,
  "link": 0.009523809523809525,
  "list": 0.014285714285714285,
  "manag": 0.004761904761904762,
  "markdown": 0.004761904761904762,
  "network": 0.004761904761904762,
  "offer": 0.004761904761904762,
  "opportun": 0.004761904761904762,
  "orient": 0.009523809523809525,
  "polici": 0.004761904761904762,
  "practic": 0.004761904761904762,
  "present": 0.004761904761904762,
  "principl": 0.004761904761904762,
  "process": 0.009523809523809525,
  "properti": 0.004761904761904762,
  "resourc": 0.009523809523809525,
  "respons": 0.004761904761904762,
  "right": 0.004761904761904762,
  "role": 0.014285714285714285,
  "search": 0.009523809523809525,
  "session": 0.004761904761904762,
  "shepherd": 0.004761904761904762,
  "skill": 0.004761904761904762,
  "standard": 0.004761904761904762,
  "success": 0.004761904761904762,
  "technic": 0.004761904761904762,
  "technolog": 0.004761904761904762,
  "tool": 0.014285714285714285,
  "train": 0.01904761904761905,
  "transport": 0.004761904761904762,
  "tutori": 0.014285714285714285,
  "work": 0.014285714285714285
}