{
  "101": 0.009615384615384616,
  "93": 0.004807692307692308,
  "AMS": 0.004807692307692308,
  "About": 0.009615384615384616,
  "Applicat": 0.004807692307692308,
  "Area": 0.07211538461538461,
  "Autom": 0.004807692307692308,
  "Blog": 0.009615384615384616,
  "Commun": 0.004807692307692308,
  "Contact": 0.009615384615384616,
  "Datatrack": 0.009615384615384616,
  "Draft": 0.004807692307692308,
  "Editor": 0.004807692307692308,
  "Email": 0.014423076923076924,
  "Final": 0.004807692307692308,
  "Go": 0.004807692307692308,
  "Group": 0.004807692307692308,
  "Hide": 0.004807692307692308,
  "How": 0.004807692307692308,
  "IAB": 0.004807692307692308,
  "IANA": 0.004807692307692308,
  "IAOC": 0.004807692307692308,
  "IESG": 0.009615384615384616,
  "IETF": 0.0673076923076923,
  "IRTF": 0.004807692307692308,
  "ISOC": 0.004807692307692308,
  "In": 0.004807692307692308,
  "Info": 0.004807692307692308,
  "Intellectu": 0.004807692307692308,
  "Internet": 0.019230769230769232,
  "Introduct": 0.004807692307692308,
  "It": 0.004807692307692308,
  "Kei": 0.004807692307692308,
  "London": 0.009615384615384616,
  "Manag": 0.004807692307692308,
  "Meet": 0.004807692307692308,
  "Mission": 0.004807692307692308,
  "New": 0.02403846153846154,
  "Online": 0.004807692307692308,
  "Operat": 0.004807692307692308,
  "Particip": 0.009615384615384616,
  "Privaci": 0.004807692307692308,
  "Quick": 0.009615384615384616,
  "RFC": 0.009615384615384616,
  "RTG": 0.004807692307692308,
  "Real": 0.004807692307692308,
  "Rout": 0.03365384615384615,
  "Run": 0.004807692307692308,
  "Search": 0.03365384615384615,
  "Secretariat": 0.004807692307692308,
  "Secur": 0.004807692307692308,
  "Slide": 0.004807692307692308,
  "Standard": 0.004807692307692308,
  "Statement": 0.009615384615384616,
  "Support": 0.004807692307692308,
  "The": 0.009615384615384616,
  "Thi": 0.004807692307692308,
  "Thing": 0.004807692307692308,
  "Time": 0.004807692307692308,
  "Tool": 0.009615384615384616,
  "Topic": 0.004807692307692308,
  "Transport": 0.004807692307692308,
  "Trust": 0.004807692307692308,
  "Tutori": 0.004807692307692308,
  "WG": 0.009615384615384616,
  "Websit": 0.004807692307692308,
  "Who": 0.004807692307692308,
  "Work": 0.004807692307692308,
  "access": 0.004807692307692308,
  "activ": 0.004807692307692308,
  "archiv": 0.009615384615384616,
  "area": 0.014423076923076924,
  "benefit": 0.004807692307692308,
  "blog": 0.009615384615384616,
  "chair": 0.009615384615384616,
  "code": 0.004807692307692308,
  "consid": 0.004807692307692308,
  "current": 0.004807692307692308,
  "describ": 0.004807692307692308,
  "discuss": 0.004807692307692308,
  "event": 0.004807692307692308,
  "expertis": 0.004807692307692308,
  "explain": 0.004807692307692308,
  "group": 0.014423076923076924,
  "histori": 0.004807692307692308,
  "interest": 0.004807692307692308,
  "introduct": 0.038461538461538464,
  "link": 0.009615384615384616,
  "list": 0.014423076923076924,
  "manag": 0.004807692307692308,
  "network": 0.004807692307692308,
  "overview": 0.019230769230769232,
  "polici": 0.004807692307692308,
  "principl": 0.004807692307692308,
  "process": 0.004807692307692308,
  "properti": 0.004807692307692308,
  "protocol": 0.004807692307692308,
  "provid": 0.004807692307692308,
  "purpos": 0.009615384615384616,
  "relat": 0.004807692307692308,
  "resourc": 0.009615384615384616,
  "right": 0.004807692307692308,
  "rout": 0.009615384615384616,
  "search": 0.009615384615384616,
  "session": 0.004807692307692308,
  "standard": 0.004807692307692308,
  "technolog": 0.004807692307692308,
  "tool": 0.004807692307692308,
  "transport": 0.004807692307692308,
  "tutori": 0.019230769230769232,
  "well": 0.004807692307692308,
  "will": 0.009615384615384616,
  "work": 0.028846153846153848
}