{
  "100": 0.010582010582010581,
  "100attende": 0.005291005291005291,
  "100companion": 0.005291005291005291,
  "101": 0.005291005291005291,
  "A": 0.005291005291005291,
  "AMS": 0.0026455026455026454,
  "About": 0.0026455026455026454,
  "Area": 0.0026455026455026454,
  "Attende": 0.0026455026455026454,
  "Autom": 0.0026455026455026454,
  "Blog": 0.005291005291005291,
  "Commun": 0.0026455026455026454,
  "Companion": 0.0026455026455026454,
  "Contact": 0.007936507936507936,
  "Datatrack": 0.005291005291005291,
  "Discuss": 0.005291005291005291,
  "Draft": 0.0026455026455026454,
  "Each": 0.005291005291005291,
  "Editor": 0.0026455026455026454,
  "Email": 0.010582010582010581,
  "Event": 0.0026455026455026454,
  "Food": 0.005291005291005291,
  "Go": 0.0026455026455026454,
  "Group": 0.0026455026455026454,
  "Halal": 0.0026455026455026454,
  "Hide": 0.0026455026455026454,
  "Hotel": 0.0026455026455026454,
  "How": 0.005291005291005291,
  "IAB": 0.0026455026455026454,
  "IAD": 0.0026455026455026454,
  "IANA": 0.0026455026455026454,
  "IAOC": 0.0026455026455026454,
  "IESG": 0.005291005291005291,
  "IETF": 0.07407407407407407,
  "IRTF": 0.0026455026455026454,
  "ISOC": 0.0026455026455026454,
  "In": 0.0026455026455026454,
  "Info": 0.0026455026455026454,
  "Intellectu": 0.0026455026455026454,
  "Internet": 0.007936507936507936,
  "Issue": 0.0026455026455026454,
  "Kei": 0.0026455026455026454,
  "Kosher": 0.0026455026455026454,
  "List": 0.013227513227513227,
  "London": 0.005291005291005291,
  "Mail": 0.013227513227513227,
  "Meet": 0.018518518518518517,
  "Mission": 0.0026455026455026454,
  "NOT": 0.0026455026455026454,
  "New": 0.013227513227513227,
  "Newcom": 0.0026455026455026454,
  "Online": 0.0026455026455026454,
  "Only": 0.0026455026455026454,
  "Particip": 0.005291005291005291,
  "Past": 0.0026455026455026454,
  "Privaci": 0.0026455026455026454,
  "Quick": 0.005291005291005291,
  "RFC": 0.005291005291005291,
  "Remot": 0.0026455026455026454,
  "Run": 0.0026455026455026454,
  "Runner": 0.0026455026455026454,
  "Search": 0.018518518518518517,
  "Secretariat": 0.010582010582010581,
  "Singapor": 0.005291005291005291,
  "Social": 0.005291005291005291,
  "Standard": 0.0026455026455026454,
  "Statement": 0.005291005291005291,
  "Subscript": 0.010582010582010581,
  "Support": 0.0026455026455026454,
  "The": 0.005291005291005291,
  "Thi": 0.007936507936507936,
  "Thing": 0.0026455026455026454,
  "To": 0.013227513227513227,
  "Tool": 0.005291005291005291,
  "Topic": 0.0026455026455026454,
  "Travel": 0.0026455026455026454,
  "Trust": 0.0026455026455026454,
  "Venu": 0.0026455026455026454,
  "WG": 0.005291005291005291,
  "Websit": 0.0026455026455026454,
  "Who": 0.0026455026455026454,
  "Work": 0.0026455026455026454,
  "ahead": 0.0026455026455026454,
  "allergi": 0.0026455026455026454,
  "archiv": 0.026455026455026454,
  "attende": 0.015873015873015872,
  "beer": 0.0026455026455026454,
  "blog": 0.005291005291005291,
  "celiac": 0.0026455026455026454,
  "chair": 0.005291005291005291,
  "code": 0.0026455026455026454,
  "companion": 0.007936507936507936,
  "connect": 0.005291005291005291,
  "contact": 0.005291005291005291,
  "cooki": 0.0026455026455026454,
  "current": 0.0026455026455026454,
  "dai": 0.0026455026455026454,
  "diabet": 0.0026455026455026454,
  "diet": 0.0026455026455026454,
  "dietari": 0.0026455026455026454,
  "dinner": 0.0026455026455026454,
  "discuss": 0.013227513227513227,
  "donut": 0.0026455026455026454,
  "email": 0.010582010582010581,
  "ethic": 0.0026455026455026454,
  "event": 0.005291005291005291,
  "experi": 0.0026455026455026454,
  "find": 0.0026455026455026454,
  "folk": 0.0026455026455026454,
  "food": 0.007936507936507936,
  "forum": 0.0026455026455026454,
  "gluten": 0.0026455026455026454,
  "good": 0.0026455026455026454,
  "group": 0.0026455026455026454,
  "ietf": 0.013227513227513227,
  "intend": 0.0026455026455026454,
  "interest": 0.0026455026455026454,
  "intoler": 0.0026455026455026454,
  "involv": 0.0026455026455026454,
  "issu": 0.007936507936507936,
  "link": 0.015873015873015872,
  "list": 0.06349206349206349,
  "lunch": 0.0026455026455026454,
  "mail": 0.015873015873015872,
  "manag": 0.0026455026455026454,
  "medic": 0.0026455026455026454,
  "meet": 0.031746031746031744,
  "member": 0.0026455026455026454,
  "messag": 0.005291005291005291,
  "mtd": 0.0026455026455026454,
  "network": 0.0026455026455026454,
  "open": 0.0026455026455026454,
  "opportun": 0.0026455026455026454,
  "order": 0.005291005291005291,
  "org": 0.0026455026455026454,
  "organ": 0.0026455026455026454,
  "particip": 0.005291005291005291,
  "pastri": 0.0026455026455026454,
  "plan": 0.0026455026455026454,
  "planner": 0.0026455026455026454,
  "polici": 0.0026455026455026454,
  "prepar": 0.0026455026455026454,
  "principl": 0.0026455026455026454,
  "process": 0.0026455026455026454,
  "properti": 0.0026455026455026454,
  "provid": 0.0026455026455026454,
  "quicker": 0.0026455026455026454,
  "regist": 0.0026455026455026454,
  "religi": 0.0026455026455026454,
  "requir": 0.007936507936507936,
  "resolv": 0.0026455026455026454,
  "resourc": 0.005291005291005291,
  "respons": 0.0026455026455026454,
  "right": 0.0026455026455026454,
  "rout": 0.0026455026455026454,
  "run": 0.005291005291005291,
  "runner": 0.007936507936507936,
  "sandwich": 0.0026455026455026454,
  "search": 0.005291005291005291,
  "send": 0.0026455026455026454,
  "set": 0.0026455026455026454,
  "share": 0.0026455026455026454,
  "simpli": 0.0026455026455026454,
  "social": 0.0026455026455026454,
  "special": 0.0026455026455026454,
  "standard": 0.0026455026455026454,
  "subscrib": 0.013227513227513227,
  "subsist": 0.0026455026455026454,
  "technolog": 0.0026455026455026454,
  "time": 0.0026455026455026454,
  "tool": 0.0026455026455026454,
  "transport": 0.0026455026455026454,
  "travel": 0.005291005291005291,
  "trip": 0.0026455026455026454,
  "understand": 0.0026455026455026454,
  "vegan": 0.0026455026455026454,
  "vegetarian": 0.0026455026455026454,
  "venu": 0.0026455026455026454,
  "view": 0.010582010582010581,
  "visit": 0.010582010582010581,
  "will": 0.0026455026455026454,
  "work": 0.005291005291005291
}