{
  "10": 0.010362694300518135,
  "101": 0.0051813471502590676,
  "13": 0.0025906735751295338,
  "18": 0.0025906735751295338,
  "20": 0.015544041450777202,
  "2016": 0.0025906735751295338,
  "3": 0.0051813471502590676,
  "4": 0.0051813471502590676,
  "40": 0.0051813471502590676,
  "50": 0.010362694300518135,
  "97": 0.010362694300518135,
  "AMS": 0.0025906735751295338,
  "About": 0.0025906735751295338,
  "After": 0.0051813471502590676,
  "Area": 0.0025906735751295338,
  "Autom": 0.0025906735751295338,
  "Blog": 0.0051813471502590676,
  "Citizen": 0.0051813471502590676,
  "Commun": 0.0025906735751295338,
  "Consul": 0.0051813471502590676,
  "Contact": 0.0051813471502590676,
  "Datatrack": 0.0051813471502590676,
  "Draft": 0.0025906735751295338,
  "ENG": 0.0051813471502590676,
  "Editor": 0.0025906735751295338,
  "Email": 0.007772020725388601,
  "Embassi": 0.0051813471502590676,
  "Expedit": 0.0051813471502590676,
  "For": 0.0051813471502590676,
  "Go": 0.0025906735751295338,
  "Group": 0.0025906735751295338,
  "Hide": 0.0025906735751295338,
  "How": 0.0051813471502590676,
  "IAB": 0.0025906735751295338,
  "IANA": 0.0025906735751295338,
  "IAOC": 0.0025906735751295338,
  "IESG": 0.0051813471502590676,
  "IETF": 0.038860103626943004,
  "IRTF": 0.0025906735751295338,
  "ISOC": 0.0025906735751295338,
  "If": 0.0051813471502590676,
  "In": 0.007772020725388601,
  "Info": 0.0051813471502590676,
  "Intellectu": 0.0025906735751295338,
  "Internet": 0.007772020725388601,
  "Invitat": 0.010362694300518135,
  "Kei": 0.0051813471502590676,
  "Korea": 0.007772020725388601,
  "Korean": 0.010362694300518135,
  "LOI": 0.0051813471502590676,
  "Letter": 0.015544041450777202,
  "Local": 0.0051813471502590676,
  "London": 0.0051813471502590676,
  "Meet": 0.007772020725388601,
  "Mission": 0.0025906735751295338,
  "More": 0.0051813471502590676,
  "New": 0.012953367875647668,
  "Novemb": 0.0025906735751295338,
  "Online": 0.0025906735751295338,
  "Particip": 0.0025906735751295338,
  "Past": 0.0025906735751295338,
  "Pleas": 0.015544041450777202,
  "Privaci": 0.0025906735751295338,
  "Quick": 0.0051813471502590676,
  "RFC": 0.0051813471502590676,
  "Run": 0.0025906735751295338,
  "Search": 0.018134715025906734,
  "Secretariat": 0.0025906735751295338,
  "Seoul": 0.007772020725388601,
  "South": 0.007772020725388601,
  "Standard": 0.0025906735751295338,
  "Statement": 0.0051813471502590676,
  "Support": 0.0025906735751295338,
  "The": 0.0025906735751295338,
  "There": 0.0051813471502590676,
  "Thing": 0.0025906735751295338,
  "Tool": 0.0051813471502590676,
  "Topic": 0.0025906735751295338,
  "Trust": 0.0025906735751295338,
  "USD": 0.02072538860103627,
  "Visa": 0.010362694300518135,
  "WG": 0.0051813471502590676,
  "Websit": 0.0025906735751295338,
  "Who": 0.0025906735751295338,
  "Work": 0.0025906735751295338,
  "You": 0.0051813471502590676,
  "Your": 0.0051813471502590676,
  "addit": 0.0051813471502590676,
  "advis": 0.0051813471502590676,
  "applic": 0.02072538860103627,
  "archiv": 0.0051813471502590676,
  "blog": 0.0051813471502590676,
  "chair": 0.0051813471502590676,
  "charg": 0.0051813471502590676,
  "code": 0.0025906735751295338,
  "complet": 0.010362694300518135,
  "confirm": 0.010362694300518135,
  "consult": 0.0051813471502590676,
  "copi": 0.0051813471502590676,
  "countri": 0.010362694300518135,
  "courier": 0.0051813471502590676,
  "dai": 0.010362694300518135,
  "depth": 0.0051813471502590676,
  "discuss": 0.0025906735751295338,
  "electron": 0.0051813471502590676,
  "email": 0.010362694300518135,
  "enter": 0.0051813471502590676,
  "event": 0.0051813471502590676,
  "expedit": 0.0051813471502590676,
  "fee": 0.015544041450777202,
  "form": 0.0051813471502590676,
  "group": 0.0025906735751295338,
  "hard": 0.0051813471502590676,
  "http": 0.0051813471502590676,
  "inclus": 0.0051813471502590676,
  "interest": 0.0025906735751295338,
  "invit": 0.010362694300518135,
  "jsp": 0.0051813471502590676,
  "kr": 0.0051813471502590676,
  "letter": 0.031088082901554404,
  "link": 0.015544041450777202,
  "list": 0.007772020725388601,
  "local": 0.010362694300518135,
  "mail": 0.0051813471502590676,
  "manag": 0.0025906735751295338,
  "menu": 0.0051813471502590676,
  "mofa": 0.0051813471502590676,
  "network": 0.0025906735751295338,
  "notar": 0.010362694300518135,
  "notari": 0.0051813471502590676,
  "notaris": 0.0051813471502590676,
  "note": 0.010362694300518135,
  "payment": 0.0051813471502590676,
  "plan": 0.0051813471502590676,
  "polici": 0.0025906735751295338,
  "principl": 0.0025906735751295338,
  "process": 0.012953367875647668,
  "properti": 0.0025906735751295338,
  "provid": 0.0051813471502590676,
  "receiv": 0.010362694300518135,
  "registr": 0.010362694300518135,
  "regular": 0.0051813471502590676,
  "request": 0.025906735751295335,
  "requir": 0.015544041450777202,
  "resourc": 0.0051813471502590676,
  "right": 0.0025906735751295338,
  "search": 0.0051813471502590676,
  "standard": 0.0025906735751295338,
  "technolog": 0.0025906735751295338,
  "time": 0.0051813471502590676,
  "tool": 0.0025906735751295338,
  "transport": 0.0025906735751295338,
  "typic": 0.010362694300518135,
  "visa": 0.015544041450777202,
  "work": 0.0051813471502590676
}