{
  "101": 0.004132231404958678,
  "3": 0.002066115702479339,
  "8": 0.002066115702479339,
  "95": 0.002066115702479339,
  "A": 0.002066115702479339,
  "AMS": 0.002066115702479339,
  "ASCII": 0.002066115702479339,
  "About": 0.002066115702479339,
  "Acrobat": 0.002066115702479339,
  "Adobe": 0.002066115702479339,
  "After": 0.002066115702479339,
  "Agenda": 0.002066115702479339,
  "Area": 0.002066115702479339,
  "At": 0.004132231404958678,
  "Audio": 0.004132231404958678,
  "Autom": 0.002066115702479339,
  "BOF": 0.008264462809917356,
  "Bird": 0.002066115702479339,
  "Blog": 0.004132231404958678,
  "Blue": 0.002066115702479339,
  "Commun": 0.002066115702479339,
  "Connect": 0.002066115702479339,
  "Contact": 0.004132231404958678,
  "Content": 0.002066115702479339,
  "DO": 0.002066115702479339,
  "DOC": 0.002066115702479339,
  "Datatrack": 0.006198347107438017,
  "Date": 0.002066115702479339,
  "Desk": 0.004132231404958678,
  "Document": 0.004132231404958678,
  "Draft": 0.002066115702479339,
  "Dure": 0.002066115702479339,
  "Editor": 0.002066115702479339,
  "Email": 0.006198347107438017,
  "Feather": 0.002066115702479339,
  "For": 0.002066115702479339,
  "Format": 0.004132231404958678,
  "Fridai": 0.004132231404958678,
  "Go": 0.002066115702479339,
  "Group": 0.014462809917355372,
  "HTML": 0.004132231404958678,
  "Help": 0.004132231404958678,
  "Hide": 0.002066115702479339,
  "How": 0.002066115702479339,
  "IAB": 0.002066115702479339,
  "IANA": 0.002066115702479339,
  "IAOC": 0.002066115702479339,
  "IESG": 0.004132231404958678,
  "IETF": 0.028925619834710745,
  "IRTF": 0.002066115702479339,
  "ISOC": 0.002066115702479339,
  "If": 0.008264462809917356,
  "Important": 0.002066115702479339,
  "In": 0.002066115702479339,
  "Info": 0.008264462809917356,
  "Intellectu": 0.002066115702479339,
  "Internet": 0.006198347107438017,
  "Issue": 0.004132231404958678,
  "Jabber": 0.002066115702479339,
  "Kei": 0.002066115702479339,
  "London": 0.004132231404958678,
  "MS": 0.002066115702479339,
  "Manag": 0.002066115702479339,
  "Materi": 0.004132231404958678,
  "Meet": 0.008264462809917356,
  "Minut": 0.008264462809917356,
  "Mission": 0.002066115702479339,
  "NOT": 0.002066115702479339,
  "Network": 0.002066115702479339,
  "New": 0.010330578512396695,
  "Note": 0.004132231404958678,
  "Online": 0.002066115702479339,
  "PDF": 0.006198347107438017,
  "PPT": 0.004132231404958678,
  "Particip": 0.002066115702479339,
  "Pleas": 0.014462809917355372,
  "Portabl": 0.002066115702479339,
  "PowerPoint": 0.002066115702479339,
  "Prepar": 0.002066115702479339,
  "Present": 0.006198347107438017,
  "Privaci": 0.002066115702479339,
  "Proceed": 0.002066115702479339,
  "Quick": 0.004132231404958678,
  "RFC": 0.004132231404958678,
  "Request": 0.002066115702479339,
  "Room": 0.006198347107438017,
  "Roster": 0.002066115702479339,
  "Run": 0.002066115702479339,
  "Sandbox": 0.002066115702479339,
  "Search": 0.014462809917355372,
  "Secretariat": 0.008264462809917356,
  "Sheet": 0.002066115702479339,
  "Slide": 0.004132231404958678,
  "Standard": 0.002066115702479339,
  "Statement": 0.004132231404958678,
  "Stream": 0.002066115702479339,
  "Style": 0.002066115702479339,
  "Submiss": 0.004132231404958678,
  "Support": 0.002066115702479339,
  "Termin": 0.004132231404958678,
  "The": 0.012396694214876033,
  "Thei": 0.002066115702479339,
  "Thi": 0.004132231404958678,
  "Thing": 0.002066115702479339,
  "Tool": 0.006198347107438017,
  "Topic": 0.002066115702479339,
  "Trust": 0.002066115702479339,
  "URL": 0.002066115702479339,
  "UTF": 0.002066115702479339,
  "Update": 0.002066115702479339,
  "V": 0.002066115702479339,
  "Visual": 0.002066115702479339,
  "WG": 0.010330578512396695,
  "We": 0.002066115702479339,
  "WebEx": 0.002066115702479339,
  "Websit": 0.002066115702479339,
  "Well": 0.004132231404958678,
  "When": 0.002066115702479339,
  "Who": 0.002066115702479339,
  "Work": 0.014462809917355372,
  "Writeup": 0.002066115702479339,
  "XP": 0.004132231404958678,
  "appear": 0.002066115702479339,
  "archiv": 0.004132231404958678,
  "audio": 0.004132231404958678,
  "blog": 0.004132231404958678,
  "blue": 0.010330578512396695,
  "chair": 0.01652892561983471,
  "circul": 0.002066115702479339,
  "clipboard": 0.004132231404958678,
  "close": 0.002066115702479339,
  "code": 0.002066115702479339,
  "color": 0.002066115702479339,
  "commentari": 0.002066115702479339,
  "confer": 0.002066115702479339,
  "connect": 0.002066115702479339,
  "convert": 0.004132231404958678,
  "deadlin": 0.002066115702479339,
  "desk": 0.004132231404958678,
  "directli": 0.004132231404958678,
  "discuss": 0.004132231404958678,
  "email": 0.002066115702479339,
  "encourag": 0.004132231404958678,
  "environ": 0.002066115702479339,
  "equip": 0.002066115702479339,
  "event": 0.002066115702479339,
  "folder": 0.004132231404958678,
  "follow": 0.002066115702479339,
  "format": 0.002066115702479339,
  "front": 0.002066115702479339,
  "go": 0.002066115702479339,
  "group": 0.008264462809917356,
  "guid": 0.002066115702479339,
  "head": 0.002066115702479339,
  "held": 0.002066115702479339,
  "help": 0.002066115702479339,
  "ietf": 0.004132231404958678,
  "includ": 0.002066115702479339,
  "indic": 0.002066115702479339,
  "interest": 0.002066115702479339,
  "issu": 0.002066115702479339,
  "jabber": 0.006198347107438017,
  "join": 0.002066115702479339,
  "link": 0.004132231404958678,
  "list": 0.006198347107438017,
  "locat": 0.002066115702479339,
  "manag": 0.002066115702479339,
  "mandatori": 0.002066115702479339,
  "materi": 0.004132231404958678,
  "meet": 0.024793388429752067,
  "messag": 0.004132231404958678,
  "microphon": 0.006198347107438017,
  "mileston": 0.002066115702479339,
  "minut": 0.002066115702479339,
  "mtd": 0.002066115702479339,
  "multipl": 0.002066115702479339,
  "need": 0.002066115702479339,
  "network": 0.004132231404958678,
  "noc": 0.002066115702479339,
  "nois": 0.002066115702479339,
  "offic": 0.004132231404958678,
  "onlin": 0.002066115702479339,
  "order": 0.002066115702479339,
  "org": 0.004132231404958678,
  "packet": 0.002066115702479339,
  "particip": 0.006198347107438017,
  "pass": 0.002066115702479339,
  "pick": 0.002066115702479339,
  "plain": 0.004132231404958678,
  "polici": 0.002066115702479339,
  "post": 0.004132231404958678,
  "present": 0.010330578512396695,
  "principl": 0.002066115702479339,
  "prior": 0.004132231404958678,
  "problem": 0.002066115702479339,
  "proceed": 0.002066115702479339,
  "process": 0.002066115702479339,
  "properti": 0.002066115702479339,
  "question": 0.004132231404958678,
  "receiv": 0.002066115702479339,
  "registr": 0.006198347107438017,
  "rememb": 0.004132231404958678,
  "remind": 0.002066115702479339,
  "remot": 0.004132231404958678,
  "remov": 0.004132231404958678,
  "resourc": 0.008264462809917356,
  "right": 0.002066115702479339,
  "room": 0.028925619834710745,
  "run": 0.002066115702479339,
  "scribe": 0.008264462809917356,
  "search": 0.004132231404958678,
  "send": 0.006198347107438017,
  "session": 0.01859504132231405,
  "sheet": 0.014462809917355372,
  "simpl": 0.002066115702479339,
  "site": 0.002066115702479339,
  "slide": 0.008264462809917356,
  "sound": 0.002066115702479339,
  "speak": 0.004132231404958678,
  "speaker": 0.004132231404958678,
  "specif": 0.004132231404958678,
  "standard": 0.002066115702479339,
  "start": 0.004132231404958678,
  "stream": 0.004132231404958678,
  "strict": 0.002066115702479339,
  "style": 0.004132231404958678,
  "submit": 0.012396694214876033,
  "tabl": 0.002066115702479339,
  "technolog": 0.002066115702479339,
  "temperatur": 0.002066115702479339,
  "text": 0.006198347107438017,
  "ticket": 0.004132231404958678,
  "time": 0.002066115702479339,
  "tool": 0.002066115702479339,
  "transluc": 0.002066115702479339,
  "transport": 0.002066115702479339,
  "troubl": 0.006198347107438017,
  "turn": 0.004132231404958678,
  "type": 0.006198347107438017,
  "unabl": 0.002066115702479339,