{
  "00": 0.010714285714285714,
  "101": 0.0035714285714285713,
  "13": 0.0035714285714285713,
  "14": 0.005357142857142857,
  "16": 0.0017857142857142857,
  "17": 0.0017857142857142857,
  "20": 0.0017857142857142857,
  "50": 0.0035714285714285713,
  "7th": 0.0017857142857142857,
  "95": 0.0125,
  "A": 0.005357142857142857,
  "AMS": 0.0035714285714285713,
  "About": 0.0035714285714285713,
  "Advanc": 0.0017857142857142857,
  "Agenda": 0.0017857142857142857,
  "Aire": 0.0035714285714285713,
  "Android": 0.0035714285714285713,
  "Announcement": 0.0035714285714285713,
  "Area": 0.0017857142857142857,
  "Associat": 0.0017857142857142857,
  "Autom": 0.0017857142857142857,
  "Ayre": 0.0035714285714285713,
  "B": 0.0017857142857142857,
  "Badg": 0.0017857142857142857,
  "Blog": 0.005357142857142857,
  "Brief": 0.0017857142857142857,
  "Buen": 0.0035714285714285713,
  "Bueno": 0.0035714285714285713,
  "Chair": 0.0017857142857142857,
  "Charter": 0.0017857142857142857,
  "Commun": 0.0035714285714285713,
  "Contact": 0.007142857142857143,
  "Copyright": 0.0017857142857142857,
  "Custom": 0.0017857142857142857,
  "Dai": 0.0017857142857142857,
  "Datatrack": 0.008928571428571428,
  "Date": 0.0017857142857142857,
  "Dinner": 0.0017857142857142857,
  "Disclosur": 0.0035714285714285713,
  "Discuss": 0.0017857142857142857,
  "Dive": 0.0017857142857142857,
  "Document": 0.0017857142857142857,
  "Draft": 0.005357142857142857,
  "EDU": 0.0035714285714285713,
  "Ed": 0.0017857142857142857,
  "Editor": 0.005357142857142857,
  "Edu": 0.0017857142857142857,
  "Email": 0.007142857142857143,
  "Engineer": 0.0017857142857142857,
  "Error": 0.0017857142857142857,
  "Event": 0.0017857142857142857,
  "Explanat": 0.0017857142857142857,
  "Extend": 0.0017857142857142857,
  "File": 0.0017857142857142857,
  "Find": 0.0017857142857142857,
  "Floor": 0.0017857142857142857,
  "For": 0.0017857142857142857,
  "Forc": 0.0017857142857142857,
  "Go": 0.0017857142857142857,
  "Greet": 0.0017857142857142857,
  "Group": 0.0035714285714285713,
  "Guid": 0.0017857142857142857,
  "Home": 0.0035714285714285713,
  "How": 0.0035714285714285713,
  "IAB": 0.0035714285714285713,
  "IANA": 0.007142857142857143,
  "IAOC": 0.0017857142857142857,
  "IASA": 0.0017857142857142857,
  "IESG": 0.007142857142857143,
  "IETF": 0.0625,
  "IPR": 0.0035714285714285713,
  "IRTF": 0.0035714285714285713,
  "ISOC": 0.0035714285714285713,
  "Important": 0.0017857142857142857,
  "Index": 0.0017857142857142857,
  "Info": 0.0017857142857142857,
  "Infringement": 0.0017857142857142857,
  "Intellectu": 0.0017857142857142857,
  "Interim": 0.0017857142857142857,
  "Internet": 0.010714285714285714,
  "Javascript": 0.0017857142857142857,
  "Journal": 0.0017857142857142857,
  "Khan": 0.0017857142857142857,
  "LLC": 0.0017857142857142857,
  "Liaison": 0.005357142857142857,
  "List": 0.008928571428571428,
  "Locat": 0.0017857142857142857,
  "London": 0.0035714285714285713,
  "Mail": 0.0017857142857142857,
  "Manag": 0.0035714285714285713,
  "Mani": 0.0035714285714285713,
  "Media": 0.0017857142857142857,
  "Meet": 0.017857142857142856,
  "Member": 0.0017857142857142857,
  "Mentor": 0.005357142857142857,
  "Minut": 0.0017857142857142857,
  "Mission": 0.0035714285714285713,
  "Mondai": 0.0017857142857142857,
  "Naveen": 0.0017857142857142857,
  "New": 0.008928571428571428,
  "Newcom": 0.014285714285714285,
  "NomCom": 0.0017857142857142857,
  "Non": 0.0017857142857142857,
  "Normal": 0.0017857142857142857,
  "Note": 0.0017857142857142857,
  "Novic": 0.0017857142857142857,
  "Online": 0.0035714285714285713,
  "Organiz": 0.0017857142857142857,
  "Orientat": 0.0035714285714285713,
  "Other": 0.0017857142857142857,
  "Page": 0.0125,
  "Paramet": 0.0017857142857142857,
  "Particip": 0.0017857142857142857,
  "Past": 0.0035714285714285713,
  "Pleas": 0.0017857142857142857,
  "Polici": 0.0017857142857142857,
  "Privaci": 0.0017857142857142857,
  "Proceed": 0.0017857142857142857,
  "Process": 0.0017857142857142857,
  "Program": 0.005357142857142857,
  "Protocol": 0.0017857142857142857,
  "Queue": 0.0017857142857142857,
  "Quick": 0.0035714285714285713,
  "RFC": 0.0125,
  "RSVP": 0.0017857142857142857,
  "Registr": 0.0017857142857142857,
  "Report": 0.0035714285714285713,
  "Requir": 0.0017857142857142857,
  "Resourc": 0.0017857142857142857,
  "Run": 0.0017857142857142857,
  "Search": 0.017857142857142856,
  "Secretariat": 0.007142857142857143,
  "Site": 0.0035714285714285713,
  "Solut": 0.0017857142857142857,
  "Spanish": 0.0035714285714285713,
  "Standard": 0.0035714285714285713,
  "Stat": 0.0017857142857142857,
  "Statement": 0.007142857142857143,
  "Store": 0.0017857142857142857,
  "Submit": 0.0017857142857142857,
  "Subpoena": 0.0017857142857142857,
  "Sundai": 0.005357142857142857,
  "Support": 0.0017857142857142857,
  "Tao": 0.0017857142857142857,
  "Task": 0.0017857142857142857,
  "Team": 0.007142857142857143,
  "Terrac": 0.0017857142857142857,
  "The": 0.008928571428571428,
  "There": 0.0017857142857142857,
  "These": 0.0017857142857142857,
  "Thi": 0.005357142857142857,
  "Thing": 0.0017857142857142857,
  "Time": 0.0017857142857142857,
  "Tool": 0.008928571428571428,
  "Topic": 0.0017857142857142857,
  "Transit": 0.0017857142857142857,
  "Trust": 0.0035714285714285713,
  "Tutori": 0.0017857142857142857,
  "Upcome": 0.0017857142857142857,
  "Us": 0.0017857142857142857,
  "Usage": 0.0017857142857142857,
  "View": 0.0017857142857142857,
  "WG": 0.008928571428571428,
  "Web": 0.0035714285714285713,
  "Websit": 0.0017857142857142857,
  "Welcom": 0.0017857142857142857,
  "Well": 0.0017857142857142857,
  "Who": 0.0017857142857142857,
  "Wiki": 0.0017857142857142857,
  "Work": 0.0035714285714285713,
  "You": 0.0017857142857142857,
  "action": 0.0017857142857142857,
  "advanc": 0.0017857142857142857,
  "advic": 0.0017857142857142857,
  "agenda": 0.010714285714285714,
  "aid": 0.0017857142857142857,
  "amsl": 0.0017857142857142857,
  "app": 0.007142857142857143,
  "archiv": 0.0035714285714285713,
  "attende": 0.0017857142857142857,
  "author": 0.0017857142857142857,
  "badg": 0.0017857142857142857,
  "blog": 0.0035714285714285713,
  "board": 0.0017857142857142857,
  "bulletin": 0.0017857142857142857,
  "chair": 0.005357142857142857,
  "chang": 0.0017857142857142857,
  "code": 0.0017857142857142857,
  "collect": 0.0017857142857142857,
  "color": 0.0017857142857142857,
  "commun": 0.0035714285714285713,
  "criteria": 0.0017857142857142857,
  "current": 0.0017857142857142857,
  "dai": 0.0017857142857142857,
  "dalmasso": 0.0017857142857142857,
  "datatrack": 0.005357142857142857,
  "design": 0.0035714285714285713,
  "detail": 0.0017857142857142857,
  "discuss": 0.0017857142857142857,
  "doc": 0.0017857142857142857,
  "dot": 0.0035714285714285713,
  "dynam": 0.0017857142857142857,
  "email": 0.0017857142857142857,
  "event": 0.007142857142857143,
  "experienc": 0.0017857142857142857,
  "face": 0.0035714285714285713,
  "fewer": 0.0017857142857142857,
  "focu": 0.0017857142857142857,
  "fun": 0.0017857142857142857,
  "googl": 0.0017857142857142857,
  "group": 0.005357142857142857,
  "help": 0.0017857142857142857,
  "histori": 0.0035714285714285713,
  "html": 0.007142857142857143,
  "http": 0.0125,
  "iPhon": 0.0035714285714285713,
  "ietf": 0.0125,
  "ietfer": 0.0017857142857142857,
  "ietfsch": 0.0017857142857142857,
  "integr": 0.0035714285714285713,
  "interest": 0.0017857142857142857,
  "intro": 0.0017857142857142857,
  "introduc": 0.0035714285714285713,
  "introduct": 0.0035714285714285713,
  "itun": 0.0017857142857142857,
  "link": 0.0035714285714285713,
  "list": 0.005357142857142857,
  "manag": 0.0017857142857142857,
  "mark": 0.0017857142857142857,
  "match": 0.0017857142857142857,
  "materi": 0.0035714285714285713,
  "meet": 0.008928571428571428,
  "mentor": 0.0017857142857142857,
  "network": 0.0017857142857142857,
  "newcom": 0.007142857142857143,
  "nkhan": 0.0017857142857142857,
  "number": 0.0017857142857142857,