{
  "101": 0.008333333333333333,
  "94": 0.004166666666666667,
  "AMS": 0.004166666666666667,
  "About": 0.008333333333333333,
  "Area": 0.004166666666666667,
  "Autom": 0.004166666666666667,
  "Blog": 0.008333333333333333,
  "Commun": 0.004166666666666667,
  "Contact": 0.008333333333333333,
  "Creat": 0.008333333333333333,
  "Datatrack": 0.008333333333333333,
  "Design": 0.004166666666666667,
  "Document": 0.004166666666666667,
  "Draft": 0.0375,
  "Ds": 0.004166666666666667,
  "Editor": 0.004166666666666667,
  "Email": 0.0125,
  "For": 0.004166666666666667,
  "Go": 0.004166666666666667,
  "Group": 0.008333333333333333,
  "Hide": 0.004166666666666667,
  "How": 0.004166666666666667,
  "I": 0.004166666666666667,
  "IAB": 0.004166666666666667,
  "IANA": 0.004166666666666667,
  "IAOC": 0.004166666666666667,
  "IESG": 0.008333333333333333,
  "IETF": 0.05,
  "IRTF": 0.004166666666666667,
  "ISOC": 0.004166666666666667,
  "In": 0.004166666666666667,
  "Info": 0.004166666666666667,
  "Intellectu": 0.004166666666666667,
  "Internet": 0.05,
  "Kei": 0.004166666666666667,
  "London": 0.008333333333333333,
  "Meet": 0.004166666666666667,
  "Mission": 0.004166666666666667,
  "NROFF": 0.004166666666666667,
  "New": 0.020833333333333332,
  "NroffEdit": 0.008333333333333333,
  "Online": 0.004166666666666667,
  "Particip": 0.008333333333333333,
  "Present": 0.004166666666666667,
  "Privaci": 0.008333333333333333,
  "Process": 0.008333333333333333,
  "Protocol": 0.004166666666666667,
  "Quick": 0.008333333333333333,
  "RFC": 0.0375,
  "Run": 0.004166666666666667,
  "Search": 0.029166666666666667,
  "Secretariat": 0.004166666666666667,
  "Slide": 0.004166666666666667,
  "Standard": 0.004166666666666667,
  "Statement": 0.008333333333333333,
  "Support": 0.004166666666666667,
  "The": 0.008333333333333333,
  "Thi": 0.004166666666666667,
  "Thing": 0.004166666666666667,
  "Tool": 0.025,
  "Topic": 0.004166666666666667,
  "Trust": 0.004166666666666667,
  "Tutori": 0.004166666666666667,
  "Using": 0.004166666666666667,
  "Video": 0.004166666666666667,
  "WG": 0.008333333333333333,
  "WYSIWYG": 0.004166666666666667,
  "Websit": 0.004166666666666667,
  "Who": 0.004166666666666667,
  "Work": 0.008333333333333333,
  "Write": 0.004166666666666667,
  "XML": 0.004166666666666667,
  "YAML": 0.004166666666666667,
  "appear": 0.004166666666666667,
  "archiv": 0.008333333333333333,
  "author": 0.004166666666666667,
  "bit": 0.004166666666666667,
  "blog": 0.008333333333333333,
  "boilerpl": 0.004166666666666667,
  "chair": 0.008333333333333333,
  "citat": 0.004166666666666667,
  "code": 0.004166666666666667,
  "command": 0.004166666666666667,
  "control": 0.004166666666666667,
  "cover": 0.0125,
  "creat": 0.0125,
  "creation": 0.004166666666666667,
  "demo": 0.004166666666666667,
  "discuss": 0.004166666666666667,
  "document": 0.008333333333333333,
  "draft": 0.004166666666666667,
  "edit": 0.004166666666666667,
  "editor": 0.004166666666666667,
  "essenti": 0.004166666666666667,
  "event": 0.004166666666666667,
  "final": 0.004166666666666667,
  "format": 0.004166666666666667,
  "gener": 0.004166666666666667,
  "group": 0.004166666666666667,
  "includ": 0.004166666666666667,
  "instruct": 0.004166666666666667,
  "interest": 0.004166666666666667,
  "introduct": 0.004166666666666667,
  "leadership": 0.004166666666666667,
  "librari": 0.004166666666666667,
  "link": 0.008333333333333333,
  "list": 0.0125,
  "manag": 0.004166666666666667,
  "markdown": 0.004166666666666667,
  "network": 0.004166666666666667,
  "novic": 0.004166666666666667,
  "nroff": 0.004166666666666667,
  "orient": 0.008333333333333333,
  "pain": 0.004166666666666667,
  "polici": 0.004166666666666667,
  "popular": 0.004166666666666667,
  "present": 0.004166666666666667,
  "principl": 0.004166666666666667,
  "process": 0.008333333333333333,
  "produc": 0.004166666666666667,
  "properti": 0.004166666666666667,
  "quick": 0.004166666666666667,
  "reduc": 0.004166666666666667,
  "refer": 0.004166666666666667,
  "reliev": 0.004166666666666667,
  "resourc": 0.008333333333333333,
  "right": 0.004166666666666667,
  "search": 0.008333333333333333,
  "seri": 0.004166666666666667,
  "shepherd": 0.004166666666666667,
  "skill": 0.004166666666666667,
  "standard": 0.004166666666666667,
  "technolog": 0.004166666666666667,
  "templat": 0.004166666666666667,
  "tool": 0.0125,
  "train": 0.008333333333333333,
  "transport": 0.004166666666666667,
  "tutori": 0.020833333333333332,
  "usag": 0.004166666666666667,
  "wai": 0.004166666666666667,
  "will": 0.004166666666666667,
  "work": 0.004166666666666667,
  "xml2rfc": 0.0125
}