{
  "101": 0.007380073800738007,
  "AMS": 0.0036900369003690036,
  "About": 0.0036900369003690036,
  "Agenda": 0.0036900369003690036,
  "All": 0.0036900369003690036,
  "Any": 0.0036900369003690036,
  "Area": 0.0036900369003690036,
  "Autom": 0.0036900369003690036,
  "BOF": 0.0036900369003690036,
  "Blog": 0.007380073800738007,
  "Commun": 0.0036900369003690036,
  "Contact": 0.007380073800738007,
  "Content": 0.0036900369003690036,
  "Datatrack": 0.02952029520295203,
  "Document": 0.0036900369003690036,
  "Draft": 0.0036900369003690036,
  "Editor": 0.0036900369003690036,
  "Email": 0.01107011070110701,
  "Format": 0.0036900369003690036,
  "Go": 0.0036900369003690036,
  "Group": 0.01845018450184502,
  "Hide": 0.0036900369003690036,
  "How": 0.0036900369003690036,
  "IAB": 0.0036900369003690036,
  "IANA": 0.0036900369003690036,
  "IAOC": 0.0036900369003690036,
  "IESG": 0.007380073800738007,
  "IETF": 0.05166051660516605,
  "IRTF": 0.0036900369003690036,
  "ISOC": 0.0036900369003690036,
  "In": 0.0036900369003690036,
  "Info": 0.007380073800738007,
  "Intellectu": 0.0036900369003690036,
  "Internet": 0.01107011070110701,
  "It": 0.014760147601476014,
  "Kei": 0.0036900369003690036,
  "London": 0.007380073800738007,
  "Materi": 0.0036900369003690036,
  "Meet": 0.007380073800738007,
  "Minut": 0.0036900369003690036,
  "Mission": 0.0036900369003690036,
  "New": 0.01845018450184502,
  "Online": 0.0036900369003690036,
  "Particip": 0.0036900369003690036,
  "Privaci": 0.0036900369003690036,
  "Quick": 0.007380073800738007,
  "RFC": 0.007380073800738007,
  "Request": 0.0036900369003690036,
  "Run": 0.0036900369003690036,
  "Sandbox": 0.007380073800738007,
  "Search": 0.025830258302583026,
  "Secretariat": 0.0036900369003690036,
  "Standard": 0.0036900369003690036,
  "Statement": 0.007380073800738007,
  "Style": 0.0036900369003690036,
  "Support": 0.0036900369003690036,
  "The": 0.007380073800738007,
  "Thi": 0.01107011070110701,
  "Thing": 0.0036900369003690036,
  "Tool": 0.007380073800738007,
  "Topic": 0.0036900369003690036,
  "Trust": 0.0036900369003690036,
  "Update": 0.0036900369003690036,
  "WG": 0.01107011070110701,
  "WebEx": 0.0036900369003690036,
  "Websit": 0.0036900369003690036,
  "Who": 0.0036900369003690036,
  "Work": 0.01845018450184502,
  "Writeup": 0.0036900369003690036,
  "You": 0.01107011070110701,
  "account": 0.0036900369003690036,
  "action": 0.007380073800738007,
  "address": 0.0036900369003690036,
  "arch": 0.0036900369003690036,
  "archiv": 0.007380073800738007,
  "blog": 0.007380073800738007,
  "capabl": 0.0036900369003690036,
  "chair": 0.01845018450184502,
  "chang": 0.01107011070110701,
  "code": 0.0036900369003690036,
  "contain": 0.0036900369003690036,
  "copi": 0.0036900369003690036,
  "current": 0.0036900369003690036,
  "dai": 0.0036900369003690036,
  "daili": 0.0036900369003690036,
  "databas": 0.01107011070110701,
  "datatrack": 0.0036900369003690036,
  "discuss": 0.0036900369003690036,
  "email": 0.0036900369003690036,
  "event": 0.0036900369003690036,
  "experi": 0.0036900369003690036,
  "familiar": 0.0036900369003690036,
  "featur": 0.0036900369003690036,
  "find": 0.0036900369003690036,
  "great": 0.0036900369003690036,
  "group": 0.007380073800738007,
  "http": 0.007380073800738007,
  "ietf": 0.01107011070110701,
  "inspect": 0.0036900369003690036,
  "instanc": 0.01845018450184502,
  "interest": 0.0036900369003690036,
  "link": 0.007380073800738007,
  "list": 0.01845018450184502,
  "log": 0.0036900369003690036,
  "login": 0.0036900369003690036,
  "mail": 0.014760147601476014,
  "mailarch": 0.0036900369003690036,
  "mailouput": 0.0036900369003690036,
  "mailoutput": 0.0036900369003690036,
  "make": 0.0036900369003690036,
  "manag": 0.0036900369003690036,
  "meet": 0.007380073800738007,
  "mileston": 0.0036900369003690036,
  "network": 0.0036900369003690036,
  "org": 0.01107011070110701,
  "origin": 0.0036900369003690036,
  "overwritten": 0.0036900369003690036,
  "password": 0.007380073800738007,
  "perform": 0.007380073800738007,
  "polici": 0.0036900369003690036,
  "principl": 0.0036900369003690036,
  "process": 0.0036900369003690036,
  "product": 0.014760147601476014,
  "properti": 0.0036900369003690036,
  "releas": 0.0036900369003690036,
  "resourc": 0.014760147601476014,
  "resynchron": 0.0036900369003690036,
  "right": 0.0036900369003690036,
  "role": 0.007380073800738007,
  "safe": 0.007380073800738007,
  "sandbox": 0.014760147601476014,
  "search": 0.01107011070110701,
  "send": 0.01107011070110701,
  "session": 0.014760147601476014,
  "set": 0.0036900369003690036,
  "standard": 0.0036900369003690036,
  "sync": 0.0036900369003690036,
  "system": 0.007380073800738007,
  "target": 0.0036900369003690036,
  "technolog": 0.0036900369003690036,
  "test": 0.01107011070110701,
  "tool": 0.0036900369003690036,
  "train": 0.007380073800738007,
  "transport": 0.0036900369003690036,
  "user": 0.0036900369003690036,
  "usernam": 0.0036900369003690036,
  "valid": 0.0036900369003690036,
  "view": 0.0036900369003690036,
  "will": 0.007380073800738007,
  "work": 0.007380073800738007,
  "wrap": 0.0036900369003690036
}