{
  "00": 0.0024937655860349127,
  "1": 0.007481296758104738,
  "101": 0.004987531172069825,
  "19": 0.004987531172069825,
  "2": 0.0024937655860349127,
  "200": 0.0024937655860349127,
  "21": 0.0024937655860349127,
  "24": 0.0024937655860349127,
  "3": 0.0024937655860349127,
  "30": 0.0024937655860349127,
  "3G": 0.0024937655860349127,
  "60": 0.0024937655860349127,
  "87": 0.0024937655860349127,
  "93": 0.022443890274314215,
  "AMS": 0.0024937655860349127,
  "About": 0.0024937655860349127,
  "Agenda": 0.0024937655860349127,
  "Area": 0.0024937655860349127,
  "Attende": 0.0024937655860349127,
  "Autom": 0.0024937655860349127,
  "Blog": 0.004987531172069825,
  "Chapter": 0.00997506234413965,
  "Commun": 0.0024937655860349127,
  "Contact": 0.004987531172069825,
  "Dai": 0.007481296758104738,
  "Datatrack": 0.004987531172069825,
  "Draft": 0.0024937655860349127,
  "Editor": 0.0024937655860349127,
  "Email": 0.007481296758104738,
  "Engineer": 0.004987531172069825,
  "Experienc": 0.0024937655860349127,
  "Forc": 0.0024937655860349127,
  "Get": 0.0024937655860349127,
  "Go": 0.0024937655860349127,
  "Group": 0.004987531172069825,
  "Guest": 0.022443890274314215,
  "Hide": 0.0024937655860349127,
  "Hilton": 0.004987531172069825,
  "How": 0.004987531172069825,
  "IAB": 0.0024937655860349127,
  "IANA": 0.0024937655860349127,
  "IAOC": 0.0024937655860349127,
  "ID": 0.0024937655860349127,
  "IESG": 0.004987531172069825,
  "IETF": 0.057356608478802994,
  "IP": 0.0024937655860349127,
  "IPv6": 0.0024937655860349127,
  "IRTF": 0.0024937655860349127,
  "ISOC": 0.007481296758104738,
  "If": 0.0024937655860349127,
  "In": 0.0024937655860349127,
  "Info": 0.0024937655860349127,
  "Instructor": 0.0024937655860349127,
  "Intellectu": 0.0024937655860349127,
  "Interest": 0.0024937655860349127,
  "Internet": 0.032418952618453865,
  "It": 0.0024937655860349127,
  "Join": 0.0024937655860349127,
  "Juli": 0.007481296758104738,
  "Kei": 0.0024937655860349127,
  "Lead": 0.0024937655860349127,
  "List": 0.0024937655860349127,
  "Local": 0.0024937655860349127,
  "London": 0.004987531172069825,
  "Meet": 0.00997506234413965,
  "Member": 0.0024937655860349127,
  "Mission": 0.0024937655860349127,
  "New": 0.012468827930174564,
  "Newcom": 0.0024937655860349127,
  "Note": 0.0024937655860349127,
  "Online": 0.0024937655860349127,
  "PM": 0.0024937655860349127,
  "Particip": 0.0024937655860349127,
  "Pass": 0.00997506234413965,
  "Past": 0.0024937655860349127,
  "Pick": 0.0024937655860349127,
  "Pragu": 0.012468827930174564,
  "Privaci": 0.0024937655860349127,
  "Professor": 0.0024937655860349127,
  "Quick": 0.004987531172069825,
  "RFC": 0.004987531172069825,
  "Regist": 0.0024937655860349127,
  "Registr": 0.004987531172069825,
  "Run": 0.0024937655860349127,
  "Search": 0.017456359102244388,
  "Secretariat": 0.0024937655860349127,
  "See": 0.0024937655860349127,
  "Send": 0.0024937655860349127,
  "Societi": 0.004987531172069825,
  "Standard": 0.004987531172069825,
  "Statement": 0.004987531172069825,
  "Student": 0.004987531172069825,
  "Subscrib": 0.0024937655860349127,
  "Sundai": 0.004987531172069825,
  "Support": 0.0024937655860349127,
  "TCP": 0.0024937655860349127,
  "Tabl": 0.0024937655860349127,
  "Task": 0.0024937655860349127,
  "The": 0.0199501246882793,
  "Thing": 0.0024937655860349127,
  "To": 0.004987531172069825,
  "Tool": 0.004987531172069825,
  "Topic": 0.0024937655860349127,
  "Train": 0.0024937655860349127,
  "Trust": 0.0024937655860349127,
  "Tuesdai": 0.004987531172069825,
  "Univers": 0.0024937655860349127,
  "VoIP": 0.0024937655860349127,
  "WG": 0.004987531172069825,
  "We": 0.0024937655860349127,
  "Websit": 0.0024937655860349127,
  "Who": 0.0024937655860349127,
  "Work": 0.004987531172069825,
  "You": 0.0024937655860349127,
  "agenda": 0.0024937655860349127,
  "architectur": 0.0024937655860349127,
  "archiv": 0.004987531172069825,
  "attend": 0.004987531172069825,
  "attende": 0.0024937655860349127,
  "basi": 0.0024937655860349127,
  "better": 0.0024937655860349127,
  "blog": 0.004987531172069825,
  "chair": 0.004987531172069825,
  "check": 0.0024937655860349127,
  "code": 0.004987531172069825,
  "commun": 0.004987531172069825,
  "complimentari": 0.0024937655860349127,
  "concern": 0.0024937655860349127,
  "consensu": 0.0024937655860349127,
  "conven": 0.0024937655860349127,
  "convers": 0.0024937655860349127,
  "corpor": 0.0024937655860349127,
  "countri": 0.0024937655860349127,
  "dai": 0.00997506234413965,
  "datatrack": 0.0024937655860349127,
  "decis": 0.0024937655860349127,
  "develop": 0.004987531172069825,
  "discuss": 0.0024937655860349127,
  "don": 0.0024937655860349127,
  "email": 0.0024937655860349127,
  "endeavor": 0.0024937655860349127,
  "engin": 0.0024937655860349127,
  "event": 0.007481296758104738,
  "evolut": 0.0024937655860349127,
  "expect": 0.0024937655860349127,
  "face": 0.004987531172069825,
  "forward": 0.0024937655860349127,
  "govern": 0.0024937655860349127,
  "great": 0.0024937655860349127,
  "group": 0.004987531172069825,
  "hand": 0.0024937655860349127,
  "held": 0.0024937655860349127,
  "html": 0.00997506234413965,
  "http": 0.00997506234413965,
  "iad": 0.0024937655860349127,
  "ietf": 0.012468827930174564,
  "includ": 0.0024937655860349127,
  "indic": 0.0024937655860349127,
  "individu": 0.0024937655860349127,
  "instant": 0.0024937655860349127,
  "instructor": 0.004987531172069825,
  "interest": 0.004987531172069825,
  "intern": 0.0024937655860349127,
  "invit": 0.0024937655860349127,
  "lead": 0.004987531172069825,
  "learn": 0.0024937655860349127,
  "link": 0.004987531172069825,
  "list": 0.007481296758104738,
  "local": 0.0024937655860349127,
  "mail": 0.0024937655860349127,
  "manag": 0.0024937655860349127,
  "meet": 0.017456359102244388,
  "member": 0.007481296758104738,
  "messag": 0.0024937655860349127,
  "network": 0.004987531172069825,
  "newcom": 0.0024937655860349127,
  "ongo": 0.0024937655860349127,
  "onlin": 0.0024937655860349127,
  "open": 0.004987531172069825,
  "oper": 0.0024937655860349127,
  "opportun": 0.0024937655860349127,
  "org": 0.012468827930174564,
  "organ": 0.0024937655860349127,
  "pai": 0.0024937655860349127,
  "particip": 0.007481296758104738,
  "peopl": 0.0024937655860349127,
  "polici": 0.0024937655860349127,
  "premier": 0.0024937655860349127,
  "principl": 0.0024937655860349127,
  "process": 0.007481296758104738,
  "progress": 0.0024937655860349127,
  "properti": 0.0024937655860349127,
  "provid": 0.0024937655860349127,
  "receiv": 0.0024937655860349127,
  "regist": 0.0024937655860349127,
  "request": 0.0024937655860349127,
  "research": 0.0024937655860349127,
  "resourc": 0.004987531172069825,
  "respons": 0.0024937655860349127,
  "right": 0.0024937655860349127,
  "rough": 0.0024937655860349127,
  "run": 0.0024937655860349127,
  "schedul": 0.004987531172069825,
  "search": 0.004987531172069825,
  "session": 0.0024937655860349127,
  "smooth": 0.0024937655860349127,
  "standard": 0.012468827930174564,
  "student": 0.004987531172069825,
  "subject": 0.0024937655860349127,
  "t": 0.0024937655860349127,
  "tag": 0.0024937655860349127,
  "technolog": 0.0024937655860349127,
  "three": 0.0024937655860349127,
  "time": 0.0024937655860349127,
  "tip": 0.0024937655860349127,
  "tool": 0.0024937655860349127,
  "transport": 0.0024937655860349127,
  "tutori": 0.0024937655860349127,
  "uniqu": 0.0024937655860349127,
  "volunt": 0.004987531172069825,
  "welcom": 0.0024937655860349127,
  "will": 0.004987531172069825,
  "work": 0.012468827930174564,
  "worldwid": 0.0024937655860349127,
  "year": 0.0024937655860349127
}