{
  "1": 0.0035587188612099642,
  "101": 0.0071174377224199285,
  "4858": 0.0071174377224199285,
  "93": 0.0035587188612099642,
  "A": 0.0035587188612099642,
  "AMS": 0.0035587188612099642,
  "About": 0.0071174377224199285,
  "Allison": 0.0035587188612099642,
  "Area": 0.0071174377224199285,
  "Autom": 0.0035587188612099642,
  "Bibliographi": 0.0035587188612099642,
  "Blog": 0.0071174377224199285,
  "Call": 0.0071174377224199285,
  "Commun": 0.0035587188612099642,
  "Contact": 0.0071174377224199285,
  "Creat": 0.0035587188612099642,
  "Datatrack": 0.0071174377224199285,
  "David": 0.0035587188612099642,
  "Design": 0.0035587188612099642,
  "Director": 0.0035587188612099642,
  "Document": 0.028469750889679714,
  "Draft": 0.014234875444839857,
  "Edite": 0.0035587188612099642,
  "Editor": 0.0035587188612099642,
  "Email": 0.010676156583629894,
  "Go": 0.0035587188612099642,
  "Group": 0.014234875444839857,
  "Henrik": 0.0035587188612099642,
  "Hide": 0.0035587188612099642,
  "How": 0.0035587188612099642,
  "IAB": 0.0035587188612099642,
  "IANA": 0.0035587188612099642,
  "IAOC": 0.0035587188612099642,
  "IESG": 0.010676156583629894,
  "IETF": 0.046263345195729534,
  "IRTF": 0.0035587188612099642,
  "ISOC": 0.0035587188612099642,
  "In": 0.0035587188612099642,
  "Info": 0.0035587188612099642,
  "Intellectu": 0.0035587188612099642,
  "Internet": 0.02491103202846975,
  "It": 0.0035587188612099642,
  "J": 0.0035587188612099642,
  "Kei": 0.0035587188612099642,
  "Last": 0.0071174377224199285,
  "Levkowetz": 0.0035587188612099642,
  "London": 0.0071174377224199285,
  "Mankin": 0.0035587188612099642,
  "Meet": 0.0035587188612099642,
  "Meyer": 0.0035587188612099642,
  "Mission": 0.0035587188612099642,
  "New": 0.017793594306049824,
  "Online": 0.0035587188612099642,
  "Particip": 0.0071174377224199285,
  "Present": 0.0035587188612099642,
  "Privaci": 0.0071174377224199285,
  "Process": 0.0071174377224199285,
  "Protocol": 0.0035587188612099642,
  "Public": 0.0071174377224199285,
  "Quick": 0.0071174377224199285,
  "RFC": 0.02491103202846975,
  "Run": 0.0035587188612099642,
  "Search": 0.02491103202846975,
  "Secretariat": 0.0035587188612099642,
  "Shepherd": 0.017793594306049824,
  "Slide": 0.0035587188612099642,
  "Standard": 0.0035587188612099642,
  "Statement": 0.0071174377224199285,
  "Support": 0.0035587188612099642,
  "The": 0.0035587188612099642,
  "Thi": 0.0071174377224199285,
  "Thing": 0.0035587188612099642,
  "Tool": 0.010676156583629894,
  "Topic": 0.0035587188612099642,
  "Trust": 0.0035587188612099642,
  "Tutori": 0.0035587188612099642,
  "WG": 0.0071174377224199285,
  "Websit": 0.0035587188612099642,
  "Who": 0.0035587188612099642,
  "Work": 0.014234875444839857,
  "Write": 0.0035587188612099642,
  "YAML": 0.0035587188612099642,
  "archiv": 0.0071174377224199285,
  "bit": 0.0035587188612099642,
  "blog": 0.0071174377224199285,
  "call": 0.0035587188612099642,
  "chair": 0.010676156583629894,
  "code": 0.0035587188612099642,
  "creat": 0.0035587188612099642,
  "describ": 0.0035587188612099642,
  "design": 0.0035587188612099642,
  "discuss": 0.010676156583629894,
  "document": 0.03202846975088968,
  "draft": 0.0035587188612099642,
  "earlier": 0.0035587188612099642,
  "edit": 0.010676156583629894,
  "event": 0.0035587188612099642,
  "extend": 0.0035587188612099642,
  "facilit": 0.0035587188612099642,
  "finish": 0.0035587188612099642,
  "flow": 0.0035587188612099642,
  "group": 0.021352313167259787,
  "idea": 0.0035587188612099642,
  "improv": 0.0071174377224199285,
  "individu": 0.0071174377224199285,
  "interest": 0.0035587188612099642,
  "involv": 0.0035587188612099642,
  "job": 0.0035587188612099642,
  "leadership": 0.0035587188612099642,
  "level": 0.0035587188612099642,
  "life": 0.0035587188612099642,
  "lifecycl": 0.0071174377224199285,
  "link": 0.0071174377224199285,
  "list": 0.010676156583629894,
  "manag": 0.0035587188612099642,
  "markdown": 0.0035587188612099642,
  "methodolog": 0.0035587188612099642,
  "network": 0.0035587188612099642,
  "orient": 0.0071174377224199285,
  "partnership": 0.0035587188612099642,
  "polici": 0.0035587188612099642,
  "post": 0.0035587188612099642,
  "potenti": 0.0035587188612099642,
  "primari": 0.0035587188612099642,
  "principl": 0.0035587188612099642,
  "procedur": 0.0035587188612099642,
  "process": 0.010676156583629894,
  "properti": 0.0035587188612099642,
  "pu": 0.0035587188612099642,
  "qualiti": 0.0035587188612099642,
  "resourc": 0.0071174377224199285,
  "respons": 0.0035587188612099642,
  "right": 0.0035587188612099642,
  "search": 0.0071174377224199285,
  "secretari": 0.0035587188612099642,
  "serv": 0.0035587188612099642,
  "set": 0.0035587188612099642,
  "shepherd": 0.017793594306049824,
  "skill": 0.0035587188612099642,
  "specifi": 0.0035587188612099642,
  "stage": 0.0035587188612099642,
  "standard": 0.0035587188612099642,
  "start": 0.0071174377224199285,
  "submit": 0.0035587188612099642,
  "support": 0.0035587188612099642,
  "talk": 0.0035587188612099642,
  "task": 0.0035587188612099642,
  "technolog": 0.0035587188612099642,
  "throughput": 0.0035587188612099642,
  "time": 0.0035587188612099642,
  "tool": 0.0071174377224199285,
  "train": 0.0071174377224199285,
  "transport": 0.0035587188612099642,
  "tutori": 0.010676156583629894,
  "version": 0.0035587188612099642,
  "work": 0.02491103202846975
}