{
  "101": 0.00966183574879227,
  "AMS": 0.004830917874396135,
  "About": 0.004830917874396135,
  "Area": 0.024154589371980676,
  "As": 0.004830917874396135,
  "Autom": 0.00966183574879227,
  "Blog": 0.00966183574879227,
  "Commun": 0.004830917874396135,
  "Contact": 0.00966183574879227,
  "Datatrack": 0.00966183574879227,
  "Draft": 0.004830917874396135,
  "Editor": 0.004830917874396135,
  "Email": 0.014492753623188406,
  "Go": 0.004830917874396135,
  "Group": 0.004830917874396135,
  "How": 0.004830917874396135,
  "IAB": 0.004830917874396135,
  "IANA": 0.004830917874396135,
  "IAOC": 0.004830917874396135,
  "IESG": 0.00966183574879227,
  "IETF": 0.07246376811594203,
  "IRTF": 0.004830917874396135,
  "ISOC": 0.004830917874396135,
  "Intellectu": 0.004830917874396135,
  "Internet": 0.043478260869565216,
  "London": 0.00966183574879227,
  "Meet": 0.004830917874396135,
  "Mission": 0.004830917874396135,
  "New": 0.028985507246376812,
  "Online": 0.004830917874396135,
  "Particip": 0.004830917874396135,
  "Privaci": 0.004830917874396135,
  "Quick": 0.00966183574879227,
  "RFC": 0.00966183574879227,
  "Run": 0.004830917874396135,
  "Search": 0.033816425120772944,
  "Secretariat": 0.004830917874396135,
  "Standard": 0.004830917874396135,
  "Statement": 0.00966183574879227,
  "Support": 0.004830917874396135,
  "The": 0.033816425120772944,
  "Thing": 0.014492753623188406,
  "Tool": 0.00966183574879227,
  "Topic": 0.014492753623188406,
  "Trust": 0.004830917874396135,
  "WG": 0.00966183574879227,
  "Websit": 0.004830917874396135,
  "Who": 0.004830917874396135,
  "Work": 0.004830917874396135,
  "abil": 0.004830917874396135,
  "applic": 0.004830917874396135,
  "archiv": 0.00966183574879227,
  "blog": 0.00966183574879227,
  "broad": 0.004830917874396135,
  "capabl": 0.004830917874396135,
  "chair": 0.00966183574879227,
  "code": 0.004830917874396135,
  "complex": 0.004830917874396135,
  "compris": 0.004830917874396135,
  "connect": 0.00966183574879227,
  "cut": 0.004830917874396135,
  "data": 0.00966183574879227,
  "develop": 0.004830917874396135,
  "devic": 0.004830917874396135,
  "discuss": 0.004830917874396135,
  "divid": 0.004830917874396135,
  "easier": 0.004830917874396135,
  "effici": 0.004830917874396135,
  "electron": 0.004830917874396135,
  "embed": 0.004830917874396135,
  "enabl": 0.004830917874396135,
  "event": 0.004830917874396135,
  "evolut": 0.004830917874396135,
  "exchang": 0.004830917874396135,
  "focu": 0.004830917874396135,
  "foundat": 0.004830917874396135,
  "group": 0.00966183574879227,
  "growth": 0.004830917874396135,
  "guid": 0.004830917874396135,
  "help": 0.004830917874396135,
  "improv": 0.004830917874396135,
  "individu": 0.004830917874396135,
  "interest": 0.014492753623188406,
  "larger": 0.004830917874396135,
  "link": 0.00966183574879227,
  "list": 0.014492753623188406,
  "manag": 0.014492753623188406,
  "manufactur": 0.004830917874396135,
  "network": 0.024154589371980676,
  "number": 0.004830917874396135,
  "object": 0.00966183574879227,
  "oper": 0.00966183574879227,
  "physic": 0.004830917874396135,
  "polici": 0.004830917874396135,
  "popular": 0.004830917874396135,
  "principl": 0.004830917874396135,
  "process": 0.004830917874396135,
  "properti": 0.004830917874396135,
  "provid": 0.014492753623188406,
  "rang": 0.004830917874396135,
  "relat": 0.004830917874396135,
  "resourc": 0.00966183574879227,
  "right": 0.004830917874396135,
  "search": 0.00966183574879227,
  "send": 0.004830917874396135,
  "sensor": 0.004830917874396135,
  "softwar": 0.004830917874396135,
  "standard": 0.00966183574879227,
  "technolog": 0.01932367149758454,
  "thing": 0.004830917874396135,
  "tool": 0.004830917874396135,
  "topic": 0.004830917874396135,
  "transport": 0.014492753623188406,
  "work": 0.01932367149758454
}