{
  "101": 0.004454342984409799,
  "A": 0.0066815144766146995,
  "AMS": 0.0022271714922048997,
  "About": 0.004454342984409799,
  "After": 0.011135857461024499,
  "Area": 0.0022271714922048997,
  "As": 0.0022271714922048997,
  "Asked": 0.011135857461024499,
  "Autom": 0.0022271714922048997,
  "Blog": 0.004454342984409799,
  "Chair": 0.0022271714922048997,
  "Commun": 0.0022271714922048997,
  "Contact": 0.004454342984409799,
  "Datatrack": 0.004454342984409799,
  "Draft": 0.0022271714922048997,
  "Dure": 0.0022271714922048997,
  "Each": 0.0022271714922048997,
  "Editor": 0.0022271714922048997,
  "Email": 0.0066815144766146995,
  "Frequent": 0.011135857461024499,
  "Go": 0.0022271714922048997,
  "Group": 0.0022271714922048997,
  "Hide": 0.0022271714922048997,
  "How": 0.0066815144766146995,
  "I": 0.0022271714922048997,
  "IAB": 0.004454342984409799,
  "IANA": 0.0022271714922048997,
  "IAOC": 0.0022271714922048997,
  "IESG": 0.0066815144766146995,
  "IETF": 0.06904231625835189,
  "IRTF": 0.0022271714922048997,
  "ISOC": 0.0022271714922048997,
  "Idealli": 0.0022271714922048997,
  "In": 0.004454342984409799,
  "Info": 0.0022271714922048997,
  "Intellectu": 0.0022271714922048997,
  "Internet": 0.0066815144766146995,
  "Is": 0.0022271714922048997,
  "Kei": 0.0022271714922048997,
  "London": 0.004454342984409799,
  "Meet": 0.0022271714922048997,
  "Mentor": 0.024498886414253896,
  "Mission": 0.0022271714922048997,
  "New": 0.011135857461024499,
  "Once": 0.0022271714922048997,
  "Online": 0.0022271714922048997,
  "Particip": 0.013363028953229399,
  "Privaci": 0.0022271714922048997,
  "Program": 0.017817371937639197,
  "Question": 0.011135857461024499,
  "Quick": 0.004454342984409799,
  "RFC": 0.004454342984409799,
  "Run": 0.0022271714922048997,
  "Search": 0.015590200445434299,
  "Secretariat": 0.0022271714922048997,
  "Standard": 0.0022271714922048997,
  "Statement": 0.004454342984409799,
  "Support": 0.0022271714922048997,
  "The": 0.022271714922048998,
  "Thing": 0.0022271714922048997,
  "Tool": 0.004454342984409799,
  "Topic": 0.0022271714922048997,
  "Trust": 0.0022271714922048997,
  "Useful": 0.0022271714922048997,
  "WG": 0.0066815144766146995,
  "Websit": 0.0022271714922048997,
  "What": 0.008908685968819599,
  "While": 0.0022271714922048997,
  "Who": 0.0022271714922048997,
  "Work": 0.0022271714922048997,
  "activ": 0.0022271714922048997,
  "advic": 0.0022271714922048997,
  "advisor": 0.0022271714922048997,
  "aid": 0.004454342984409799,
  "allow": 0.0022271714922048997,
  "archiv": 0.004454342984409799,
  "area": 0.008908685968819599,
  "assess": 0.0022271714922048997,
  "assist": 0.004454342984409799,
  "base": 0.004454342984409799,
  "better": 0.0022271714922048997,
  "biggest": 0.0022271714922048997,
  "blog": 0.004454342984409799,
  "chair": 0.004454342984409799,
  "characterist": 0.0022271714922048997,
  "coach": 0.0022271714922048997,
  "code": 0.0022271714922048997,
  "collect": 0.0022271714922048997,
  "combin": 0.0022271714922048997,
  "common": 0.0022271714922048997,
  "commun": 0.0066815144766146995,
  "construct": 0.0022271714922048997,
  "contact": 0.0066815144766146995,
  "contribut": 0.0022271714922048997,
  "coordin": 0.008908685968819599,
  "decid": 0.0022271714922048997,
  "determin": 0.004454342984409799,
  "develop": 0.004454342984409799,
  "discuss": 0.0022271714922048997,
  "driven": 0.0022271714922048997,
  "effect": 0.0022271714922048997,
  "event": 0.004454342984409799,
  "expect": 0.0022271714922048997,
  "experienc": 0.004454342984409799,
  "expertis": 0.0022271714922048997,
  "face": 0.004454342984409799,
  "flexibl": 0.0022271714922048997,
  "focus": 0.0022271714922048997,
  "function": 0.0022271714922048997,
  "goal": 0.0022271714922048997,
  "good": 0.0022271714922048997,
  "group": 0.004454342984409799,
  "guid": 0.0022271714922048997,
  "guidanc": 0.004454342984409799,
  "help": 0.0022271714922048997,
  "hold": 0.0022271714922048997,
  "identifi": 0.004454342984409799,
  "initi": 0.0022271714922048997,
  "integr": 0.004454342984409799,
  "interact": 0.004454342984409799,
  "interest": 0.008908685968819599,
  "introductori": 0.0022271714922048997,
  "issu": 0.0022271714922048997,
  "kei": 0.0022271714922048997,
  "kind": 0.0022271714922048997,
  "knowledg": 0.0022271714922048997,
  "learn": 0.0022271714922048997,
  "link": 0.004454342984409799,
  "list": 0.0066815144766146995,
  "listen": 0.0022271714922048997,
  "mail": 0.0022271714922048997,
  "manag": 0.0022271714922048997,
  "match": 0.017817371937639197,
  "meet": 0.004454342984409799,
  "member": 0.0022271714922048997,
  "mentor": 0.08685968819599109,
  "need": 0.004454342984409799,
  "network": 0.0022271714922048997,
  "newcom": 0.013363028953229399,
  "open": 0.0022271714922048997,
  "opportun": 0.0022271714922048997,
  "order": 0.0066815144766146995,
  "pair": 0.004454342984409799,
  "particip": 0.0467706013363029,
  "peopl": 0.0022271714922048997,
  "person": 0.0022271714922048997,
  "perspect": 0.0022271714922048997,
  "plai": 0.0022271714922048997,
  "polici": 0.0022271714922048997,
  "pool": 0.0022271714922048997,
  "posit": 0.0022271714922048997,
  "principl": 0.0022271714922048997,
  "proactiv": 0.0022271714922048997,
  "process": 0.0066815144766146995,
  "program": 0.013363028953229399,
  "progress": 0.0022271714922048997,
  "properti": 0.0022271714922048997,
  "provid": 0.0066815144766146995,
  "question": 0.004454342984409799,
  "questionnair": 0.0022271714922048997,
  "registr": 0.0022271714922048997,
  "relationship": 0.0066815144766146995,
  "request": 0.0066815144766146995,
  "resourc": 0.004454342984409799,
  "restrict": 0.0022271714922048997,
  "right": 0.0022271714922048997,
  "role": 0.004454342984409799,
  "schedul": 0.0022271714922048997,
  "search": 0.004454342984409799,
  "select": 0.004454342984409799,
  "send": 0.0022271714922048997,
  "skill": 0.004454342984409799,
  "small": 0.0022271714922048997,
  "speed": 0.0022271714922048997,
  "standard": 0.0066815144766146995,
  "take": 0.0022271714922048997,
  "teacher": 0.0022271714922048997,
  "technolog": 0.0022271714922048997,
  "time": 0.004454342984409799,
  "tool": 0.0022271714922048997,
  "transport": 0.0022271714922048997,
  "turn": 0.0022271714922048997,
  "understand": 0.0022271714922048997,
  "unrespons": 0.0022271714922048997,
  "vari": 0.0022271714922048997,
  "view": 0.0022271714922048997,
  "volunt": 0.0066815144766146995,
  "well": 0.0022271714922048997,
  "will": 0.024498886414253896,
  "wisdom": 0.0022271714922048997,
  "work": 0.008908685968819599
}