{
  "1": 0.003289473684210526,
  "101": 0.006578947368421052,
  "2": 0.003289473684210526,
  "87": 0.006578947368421052,
  "92": 0.003289473684210526,
  "94": 0.003289473684210526,
  "AMS": 0.003289473684210526,
  "About": 0.006578947368421052,
  "Another": 0.003289473684210526,
  "Area": 0.003289473684210526,
  "Autom": 0.003289473684210526,
  "Blog": 0.006578947368421052,
  "Commun": 0.003289473684210526,
  "Contact": 0.006578947368421052,
  "Creat": 0.019736842105263157,
  "Datatrack": 0.006578947368421052,
  "Design": 0.003289473684210526,
  "Document": 0.003289473684210526,
  "Draft": 0.03289473684210526,
  "Ds": 0.01644736842105263,
  "Editor": 0.006578947368421052,
  "Email": 0.009868421052631578,
  "For": 0.003289473684210526,
  "Go": 0.003289473684210526,
  "Group": 0.006578947368421052,
  "Hide": 0.003289473684210526,
  "How": 0.003289473684210526,
  "I": 0.01644736842105263,
  "IAB": 0.003289473684210526,
  "IANA": 0.003289473684210526,
  "IAOC": 0.003289473684210526,
  "IESG": 0.006578947368421052,
  "IETF": 0.049342105263157895,
  "IRTF": 0.003289473684210526,
  "ISOC": 0.003289473684210526,
  "In": 0.003289473684210526,
  "Info": 0.003289473684210526,
  "Intellectu": 0.003289473684210526,
  "Internet": 0.04276315789473684,
  "Kei": 0.003289473684210526,
  "London": 0.006578947368421052,
  "Meet": 0.003289473684210526,
  "Mission": 0.003289473684210526,
  "NROFF": 0.003289473684210526,
  "New": 0.01644736842105263,
  "NroffEdit": 0.006578947368421052,
  "Online": 0.003289473684210526,
  "Other": 0.003289473684210526,
  "Part": 0.006578947368421052,
  "Particip": 0.006578947368421052,
  "Present": 0.003289473684210526,
  "Privaci": 0.006578947368421052,
  "Process": 0.006578947368421052,
  "Protocol": 0.003289473684210526,
  "Quick": 0.006578947368421052,
  "RFC": 0.039473684210526314,
  "Run": 0.003289473684210526,
  "Search": 0.023026315789473683,
  "Secretariat": 0.003289473684210526,
  "Slide": 0.003289473684210526,
  "Standard": 0.003289473684210526,
  "Statement": 0.006578947368421052,
  "Support": 0.003289473684210526,
  "The": 0.006578947368421052,
  "Thi": 0.003289473684210526,
  "Thing": 0.003289473684210526,
  "Tool": 0.019736842105263157,
  "Topic": 0.003289473684210526,
  "Trust": 0.003289473684210526,
  "Tutori": 0.003289473684210526,
  "Using": 0.003289473684210526,
  "Video": 0.003289473684210526,
  "WG": 0.006578947368421052,
  "WYSIWYG": 0.003289473684210526,
  "Websit": 0.003289473684210526,
  "Who": 0.003289473684210526,
  "Work": 0.006578947368421052,
  "Write": 0.006578947368421052,
  "XML": 0.006578947368421052,
  "YAML": 0.006578947368421052,
  "accept": 0.003289473684210526,
  "allow": 0.003289473684210526,
  "andÂ": 0.003289473684210526,
  "appear": 0.003289473684210526,
  "archiv": 0.006578947368421052,
  "author": 0.003289473684210526,
  "automat": 0.003289473684210526,
  "bit": 0.006578947368421052,
  "blog": 0.006578947368421052,
  "boilerpl": 0.003289473684210526,
  "chair": 0.006578947368421052,
  "chore": 0.003289473684210526,
  "citat": 0.003289473684210526,
  "code": 0.003289473684210526,
  "collabor": 0.003289473684210526,
  "command": 0.003289473684210526,
  "contributor": 0.003289473684210526,
  "control": 0.003289473684210526,
  "convert": 0.003289473684210526,
  "cover": 0.006578947368421052,
  "creat": 0.003289473684210526,
  "creation": 0.003289473684210526,
  "demonstr": 0.003289473684210526,
  "discuss": 0.003289473684210526,
  "document": 0.006578947368421052,
  "draft": 0.003289473684210526,
  "edit": 0.003289473684210526,
  "editor": 0.006578947368421052,
  "emerg": 0.003289473684210526,
  "essenti": 0.003289473684210526,
  "event": 0.003289473684210526,
  "examin": 0.003289473684210526,
  "final": 0.003289473684210526,
  "form": 0.003289473684210526,
  "format": 0.006578947368421052,
  "gener": 0.003289473684210526,
  "group": 0.003289473684210526,
  "includ": 0.003289473684210526,
  "instruct": 0.003289473684210526,
  "interest": 0.003289473684210526,
  "introduct": 0.006578947368421052,
  "leadership": 0.003289473684210526,
  "librari": 0.003289473684210526,
  "link": 0.006578947368421052,
  "list": 0.009868421052631578,
  "manag": 0.003289473684210526,
  "manual": 0.006578947368421052,
  "markdown": 0.009868421052631578,
  "minim": 0.003289473684210526,
  "network": 0.003289473684210526,
  "novic": 0.003289473684210526,
  "nroff": 0.003289473684210526,
  "number": 0.003289473684210526,
  "optim": 0.003289473684210526,
  "orient": 0.006578947368421052,
  "pain": 0.003289473684210526,
  "perform": 0.003289473684210526,
  "polici": 0.003289473684210526,
  "popular": 0.006578947368421052,
  "principl": 0.003289473684210526,
  "process": 0.009868421052631578,
  "produc": 0.006578947368421052,
  "properti": 0.003289473684210526,
  "quick": 0.003289473684210526,
  "reduc": 0.003289473684210526,
  "refer": 0.003289473684210526,
  "reliev": 0.003289473684210526,
  "resourc": 0.006578947368421052,
  "right": 0.003289473684210526,
  "search": 0.006578947368421052,
  "seri": 0.003289473684210526,
  "shepherd": 0.003289473684210526,
  "skill": 0.003289473684210526,
  "standard": 0.003289473684210526,
  "technolog": 0.003289473684210526,
  "templat": 0.003289473684210526,
  "tool": 0.019736842105263157,
  "train": 0.006578947368421052,
  "transport": 0.003289473684210526,
  "tutori": 0.019736842105263157,
  "usag": 0.003289473684210526,
  "wai": 0.003289473684210526,
  "well": 0.003289473684210526,
  "work": 0.009868421052631578,
  "workflow": 0.003289473684210526,
  "write": 0.003289473684210526,
  "xml2rfc": 0.009868421052631578,
  "Â": 0.003289473684210526
}