{
  "1": 0.004962779156327543,
  "101": 0.004962779156327543,
  "5378": 0.004962779156327543,
  "A": 0.004962779156327543,
  "AD": 0.0024813895781637717,
  "AMS": 0.0024813895781637717,
  "About": 0.0024813895781637717,
  "Any": 0.0024813895781637717,
  "Area": 0.007444168734491315,
  "Autom": 0.0024813895781637717,
  "Bibliographi": 0.0024813895781637717,
  "Blog": 0.004962779156327543,
  "Close": 0.0024813895781637717,
  "Commun": 0.004962779156327543,
  "Complet": 0.0024813895781637717,
  "Contact": 0.004962779156327543,
  "Contribut": 0.009925558312655087,
  "Contributor": 0.0024813895781637717,
  "Datatrack": 0.004962779156327543,
  "Director": 0.004962779156327543,
  "Draft": 0.0024813895781637717,
  "Editor": 0.0024813895781637717,
  "Email": 0.01240694789081886,
  "Exist": 0.0024813895781637717,
  "Go": 0.0024813895781637717,
  "Group": 0.01488833746898263,
  "Guidelin": 0.004962779156327543,
  "Hide": 0.0024813895781637717,
  "How": 0.004962779156327543,
  "IAB": 0.0024813895781637717,
  "IANA": 0.004962779156327543,
  "IAOC": 0.0024813895781637717,
  "IESG": 0.007444168734491315,
  "IETF": 0.04714640198511166,
  "IRTF": 0.004962779156327543,
  "ISOC": 0.0024813895781637717,
  "In": 0.004962779156327543,
  "Info": 0.0024813895781637717,
  "Intellectu": 0.0024813895781637717,
  "Internet": 0.009925558312655087,
  "Kei": 0.0024813895781637717,
  "List": 0.01488833746898263,
  "London": 0.004962779156327543,
  "Mailman": 0.007444168734491315,
  "Meet": 0.0024813895781637717,
  "Mission": 0.0024813895781637717,
  "NOT": 0.0024813895781637717,
  "NOTE": 0.0024813895781637717,
  "New": 0.01240694789081886,
  "Non": 0.009925558312655087,
  "Note": 0.0024813895781637717,
  "Online": 0.0024813895781637717,
  "Particip": 0.0024813895781637717,
  "Privaci": 0.0024813895781637717,
  "Provid": 0.0024813895781637717,
  "Quick": 0.004962779156327543,
  "RFC": 0.009925558312655087,
  "Research": 0.0024813895781637717,
  "Review": 0.0024813895781637717,
  "Right": 0.0024813895781637717,
  "Run": 0.0024813895781637717,
  "SHOULD": 0.004962779156327543,
  "Search": 0.017369727047146403,
  "Secretariat": 0.007444168734491315,
  "Section": 0.0024813895781637717,
  "Standard": 0.0024813895781637717,
  "Statement": 0.004962779156327543,
  "Support": 0.0024813895781637717,
  "The": 0.02977667493796526,
  "These": 0.004962779156327543,
  "Thi": 0.007444168734491315,
  "Thing": 0.0024813895781637717,
  "To": 0.0024813895781637717,
  "Tool": 0.004962779156327543,
  "Topic": 0.0024813895781637717,
  "Trust": 0.004962779156327543,
  "URL": 0.007444168734491315,
  "WELL": 0.0024813895781637717,
  "WG": 0.01488833746898263,
  "Websit": 0.0024813895781637717,
  "When": 0.0024813895781637717,
  "Who": 0.0024813895781637717,
  "Work": 0.017369727047146403,
  "activ": 0.0024813895781637717,
  "ad": 0.0024813895781637717,
  "address": 0.007444168734491315,
  "administr": 0.0024813895781637717,
  "announc": 0.0024813895781637717,
  "appropri": 0.0024813895781637717,
  "approv": 0.007444168734491315,
  "arch": 0.0024813895781637717,
  "archiv": 0.01240694789081886,
  "assist": 0.0024813895781637717,
  "author": 0.0024813895781637717,
  "belong": 0.0024813895781637717,
  "blog": 0.004962779156327543,
  "break": 0.0024813895781637717,
  "carefulli": 0.0024813895781637717,
  "chair": 0.004962779156327543,
  "choos": 0.0024813895781637717,
  "code": 0.0024813895781637717,
  "commun": 0.0024813895781637717,
  "conclud": 0.0024813895781637717,
  "consid": 0.0024813895781637717,
  "contact": 0.0024813895781637717,
  "creat": 0.007444168734491315,
  "data": 0.0024813895781637717,
  "defin": 0.0024813895781637717,
  "delet": 0.0024813895781637717,
  "descript": 0.0024813895781637717,
  "design": 0.0024813895781637717,
  "detail": 0.004962779156327543,
  "director": 0.0024813895781637717,
  "discuss": 0.004962779156327543,
  "easi": 0.0024813895781637717,
  "email": 0.022332506203473945,
  "encount": 0.0024813895781637717,
  "ensur": 0.0024813895781637717,
  "es": 0.0024813895781637717,
  "event": 0.0024813895781637717,
  "exist": 0.0024813895781637717,
  "expect": 0.0024813895781637717,
  "explan": 0.0024813895781637717,
  "form": 0.0024813895781637717,
  "forward": 0.0024813895781637717,
  "group": 0.017369727047146403,
  "guidelin": 0.007444168734491315,
  "html": 0.0024813895781637717,
  "http": 0.007444168734491315,
  "ietf": 0.007444168734491315,
  "import": 0.0024813895781637717,
  "includ": 0.004962779156327543,
  "instruct": 0.0024813895781637717,
  "intend": 0.0024813895781637717,
  "intent": 0.0024813895781637717,
  "interest": 0.0024813895781637717,
  "irtf": 0.0024813895781637717,
  "issu": 0.0024813895781637717,
  "link": 0.004962779156327543,
  "list": 0.0967741935483871,
  "loss": 0.0024813895781637717,
  "mail": 0.004962779156327543,
  "mailarch": 0.0024813895781637717,
  "mailman": 0.0024813895781637717,
  "maintain": 0.004962779156327543,
  "manag": 0.004962779156327543,
  "memo": 0.0024813895781637717,
  "migrat": 0.0024813895781637717,
  "network": 0.0024813895781637717,
  "normal": 0.0024813895781637717,
  "occasion": 0.0024813895781637717,
  "order": 0.0024813895781637717,
  "org": 0.009925558312655087,
  "particip": 0.0024813895781637717,
  "passiv": 0.004962779156327543,
  "permit": 0.0024813895781637717,
  "polici": 0.007444168734491315,
  "principl": 0.0024813895781637717,
  "procedur": 0.0024813895781637717,
  "process": 0.004962779156327543,
  "prohibit": 0.0024813895781637717,
  "properti": 0.0024813895781637717,
  "provid": 0.004962779156327543,
  "purpos": 0.0024813895781637717,
  "reason": 0.0024813895781637717,
  "remain": 0.0024813895781637717,
  "renam": 0.007444168734491315,
  "request": 0.007444168734491315,
  "resourc": 0.004962779156327543,
  "result": 0.0024813895781637717,
  "retain": 0.0024813895781637717,
  "right": 0.009925558312655087,
  "search": 0.004962779156327543,
  "send": 0.0024813895781637717,
  "set": 0.0024813895781637717,
  "shutdown": 0.0024813895781637717,
  "standard": 0.0024813895781637717,
  "statement": 0.0024813895781637717,
  "submitt": 0.0024813895781637717,
  "subscrib": 0.004962779156327543,
  "subtask": 0.0024813895781637717,
  "summari": 0.0024813895781637717,
  "support": 0.0024813895781637717,
  "tabl": 0.0024813895781637717,
  "technolog": 0.0024813895781637717,
  "thecommun": 0.0024813895781637717,
  "tool": 0.0024813895781637717,
  "transport": 0.0024813895781637717,
  "type": 0.004962779156327543,
  "updat": 0.004962779156327543,
  "wg": 0.0024813895781637717,
  "work": 0.01488833746898263
}