{
  "101": 0.007246376811594203,
  "A": 0.0036231884057971015,
  "AMS": 0.0036231884057971015,
  "About": 0.0036231884057971015,
  "Area": 0.014492753623188406,
  "Autom": 0.007246376811594203,
  "Blog": 0.007246376811594203,
  "Chair": 0.0036231884057971015,
  "Commun": 0.0036231884057971015,
  "Contact": 0.007246376811594203,
  "Datatrack": 0.007246376811594203,
  "Director": 0.010869565217391304,
  "Draft": 0.0036231884057971015,
  "Due": 0.0036231884057971015,
  "Editor": 0.0036231884057971015,
  "Email": 0.010869565217391304,
  "Go": 0.0036231884057971015,
  "Group": 0.0036231884057971015,
  "Hide": 0.0036231884057971015,
  "How": 0.0036231884057971015,
  "IAB": 0.0036231884057971015,
  "IANA": 0.0036231884057971015,
  "IAOC": 0.0036231884057971015,
  "IESG": 0.007246376811594203,
  "IETF": 0.06159420289855073,
  "IRTF": 0.0036231884057971015,
  "ISOC": 0.0036231884057971015,
  "In": 0.0036231884057971015,
  "Intellectu": 0.0036231884057971015,
  "Internet": 0.036231884057971016,
  "IoT": 0.043478260869565216,
  "It": 0.0036231884057971015,
  "Journal": 0.0036231884057971015,
  "London": 0.007246376811594203,
  "Meet": 0.0036231884057971015,
  "Mission": 0.0036231884057971015,
  "New": 0.021739130434782608,
  "Online": 0.0036231884057971015,
  "Particip": 0.0036231884057971015,
  "Privaci": 0.0036231884057971015,
  "Quick": 0.007246376811594203,
  "RFC": 0.007246376811594203,
  "Run": 0.0036231884057971015,
  "SDO": 0.0036231884057971015,
  "Search": 0.025362318840579712,
  "Secretariat": 0.0036231884057971015,
  "Sever": 0.0036231884057971015,
  "Standard": 0.0036231884057971015,
  "Statement": 0.007246376811594203,
  "Support": 0.0036231884057971015,
  "The": 0.025362318840579712,
  "These": 0.0036231884057971015,
  "Thing": 0.018115942028985508,
  "Tool": 0.007246376811594203,
  "Topic": 0.010869565217391304,
  "Trust": 0.0036231884057971015,
  "WG": 0.007246376811594203,
  "Websit": 0.0036231884057971015,
  "Who": 0.0036231884057971015,
  "Work": 0.0036231884057971015,
  "activ": 0.0036231884057971015,
  "advisori": 0.0036231884057971015,
  "allianc": 0.007246376811594203,
  "archiv": 0.007246376811594203,
  "area": 0.0036231884057971015,
  "articl": 0.0036231884057971015,
  "blog": 0.007246376811594203,
  "build": 0.0036231884057971015,
  "built": 0.0036231884057971015,
  "capabl": 0.007246376811594203,
  "chair": 0.007246376811594203,
  "code": 0.0036231884057971015,
  "commonli": 0.0036231884057971015,
  "commun": 0.007246376811594203,
  "compani": 0.0036231884057971015,
  "comput": 0.0036231884057971015,
  "connect": 0.014492753623188406,
  "constrain": 0.0036231884057971015,
  "coordin": 0.007246376811594203,
  "data": 0.0036231884057971015,
  "develop": 0.014492753623188406,
  "devic": 0.010869565217391304,
  "directli": 0.0036231884057971015,
  "director": 0.0036231884057971015,
  "discuss": 0.0036231884057971015,
  "distribut": 0.0036231884057971015,
  "electron": 0.0036231884057971015,
  "embed": 0.0036231884057971015,
  "emerg": 0.0036231884057971015,
  "enabl": 0.0036231884057971015,
  "event": 0.0036231884057971015,
  "exchang": 0.0036231884057971015,
  "expect": 0.0036231884057971015,
  "expert": 0.0036231884057971015,
  "group": 0.014492753623188406,
  "grow": 0.0036231884057971015,
  "human": 0.0036231884057971015,
  "increas": 0.0036231884057971015,
  "industri": 0.0036231884057971015,
  "interest": 0.010869565217391304,
  "interoper": 0.0036231884057971015,
  "involv": 0.0036231884057971015,
  "jointli": 0.0036231884057971015,
  "link": 0.007246376811594203,
  "list": 0.010869565217391304,
  "machin": 0.007246376811594203,
  "main": 0.0036231884057971015,
  "manag": 0.007246376811594203,
  "manufactur": 0.0036231884057971015,
  "multipl": 0.0036231884057971015,
  "natur": 0.0036231884057971015,
  "network": 0.010869565217391304,
  "number": 0.0036231884057971015,
  "object": 0.007246376811594203,
  "oper": 0.0036231884057971015,
  "organ": 0.010869565217391304,
  "overview": 0.0036231884057971015,
  "physic": 0.0036231884057971015,
  "polici": 0.0036231884057971015,
  "principl": 0.0036231884057971015,
  "process": 0.0036231884057971015,
  "properti": 0.0036231884057971015,
  "protocol": 0.010869565217391304,
  "provid": 0.0036231884057971015,
  "purpos": 0.0036231884057971015,
  "rapidli": 0.0036231884057971015,
  "refer": 0.0036231884057971015,
  "relev": 0.0036231884057971015,
  "resourc": 0.007246376811594203,
  "right": 0.0036231884057971015,
  "search": 0.007246376811594203,
  "select": 0.0036231884057971015,
  "sensor": 0.0036231884057971015,
  "servic": 0.0036231884057971015,
  "softwar": 0.0036231884057971015,
  "span": 0.0036231884057971015,
  "standard": 0.014492753623188406,
  "system": 0.0036231884057971015,
  "technolog": 0.014492753623188406,
  "thing": 0.007246376811594203,
  "tool": 0.0036231884057971015,
  "top": 0.0036231884057971015,
  "transport": 0.007246376811594203,
  "underwai": 0.0036231884057971015,
  "user": 0.0036231884057971015,
  "usher": 0.0036231884057971015,
  "varieti": 0.0036231884057971015,
  "visibl": 0.007246376811594203,
  "well": 0.0036231884057971015,
  "will": 0.0036231884057971015,
  "work": 0.018115942028985508
}