{
  "101": 0.00546448087431694,
  "15": 0.00273224043715847,
  "16": 0.00273224043715847,
  "4o6": 0.00273224043715847,
  "99": 0.00273224043715847,
  "AMS": 0.00273224043715847,
  "About": 0.00273224043715847,
  "Addition": 0.00546448087431694,
  "Area": 0.00273224043715847,
  "At": 0.00273224043715847,
  "Attende": 0.00273224043715847,
  "Autom": 0.00273224043715847,
  "Barri": 0.00273224043715847,
  "Befor": 0.00273224043715847,
  "Berlin": 0.00273224043715847,
  "Blog": 0.00546448087431694,
  "By": 0.00273224043715847,
  "Chair": 0.00273224043715847,
  "Champion": 0.00819672131147541,
  "Charl": 0.00273224043715847,
  "Chicago": 0.00273224043715847,
  "Cisco": 0.00273224043715847,
  "Co": 0.00273224043715847,
  "Commun": 0.00273224043715847,
  "Contact": 0.00546448087431694,
  "DHCP": 0.00273224043715847,
  "Datatrack": 0.00546448087431694,
  "Don": 0.00273224043715847,
  "Draft": 0.00273224043715847,
  "Eckel": 0.00273224043715847,
  "Editor": 0.00273224043715847,
  "Email": 0.00819672131147541,
  "Engineer": 0.00273224043715847,
  "Forc": 0.00273224043715847,
  "Go": 0.00273224043715847,
  "Group": 0.00273224043715847,
  "HERE": 0.00546448087431694,
  "Hack": 0.00273224043715847,
  "Hackathon": 0.060109289617486336,
  "Hide": 0.00273224043715847,
  "Hilton": 0.00273224043715847,
  "How": 0.00546448087431694,
  "Huawei": 0.00273224043715847,
  "I2RS": 0.00273224043715847,
  "IAB": 0.00273224043715847,
  "IANA": 0.00273224043715847,
  "IAOC": 0.00273224043715847,
  "ICE": 0.00273224043715847,
  "IESG": 0.00546448087431694,
  "IETF": 0.06830601092896176,
  "IRTF": 0.00273224043715847,
  "ISOC": 0.00273224043715847,
  "If": 0.00546448087431694,
  "In": 0.00273224043715847,
  "Info": 0.00273224043715847,
  "Intellectu": 0.00273224043715847,
  "Internet": 0.01092896174863388,
  "Juli": 0.00546448087431694,
  "Keep": 0.00273224043715847,
  "Kei": 0.00273224043715847,
  "Leiba": 0.00273224043715847,
  "London": 0.00819672131147541,
  "Make": 0.00273224043715847,
  "Meet": 0.00546448087431694,
  "Mission": 0.00273224043715847,
  "NETVC": 0.00273224043715847,
  "New": 0.01366120218579235,
  "Note": 0.00273224043715847,
  "Online": 0.00273224043715847,
  "Particip": 0.00273224043715847,
  "Pragu": 0.01366120218579235,
  "Prepar": 0.00273224043715847,
  "Privaci": 0.00273224043715847,
  "Quick": 0.00546448087431694,
  "RFC": 0.00546448087431694,
  "Read": 0.00273224043715847,
  "Recruit": 0.00273224043715847,
  "Room": 0.00273224043715847,
  "Run": 0.00546448087431694,
  "SFC": 0.00273224043715847,
  "Saturdai": 0.00273224043715847,
  "Search": 0.01912568306010929,
  "Secretariat": 0.00273224043715847,
  "Send": 0.00273224043715847,
  "Seoul": 0.00273224043715847,
  "Share": 0.00273224043715847,
  "Sign": 0.00546448087431694,
  "Signup": 0.00273224043715847,
  "Singapor": 0.00273224043715847,
  "Standard": 0.00273224043715847,
  "Statement": 0.00546448087431694,
  "Sundai": 0.00273224043715847,
  "Support": 0.00546448087431694,
  "TBD": 0.00273224043715847,
  "Task": 0.00273224043715847,
  "Technolog": 0.00546448087431694,
  "The": 0.01092896174863388,
  "Then": 0.00273224043715847,
  "Thing": 0.00273224043715847,
  "To": 0.00273224043715847,
  "Tool": 0.00546448087431694,
  "Topic": 0.00273224043715847,
  "Trust": 0.00273224043715847,
  "View": 0.00273224043715847,
  "WG": 0.00546448087431694,
  "Websit": 0.00273224043715847,
  "When": 0.00273224043715847,
  "Where": 0.00273224043715847,
  "Who": 0.00273224043715847,
  "Wiki": 0.00273224043715847,
  "Work": 0.00273224043715847,
  "You": 0.00273224043715847,
  "account": 0.00273224043715847,
  "add": 0.00819672131147541,
  "answer": 0.00273224043715847,
  "archiv": 0.00546448087431694,
  "associ": 0.00273224043715847,
  "attend": 0.00273224043715847,
  "attende": 0.00273224043715847,
  "blog": 0.00546448087431694,
  "bottom": 0.00546448087431694,
  "button": 0.00546448087431694,
  "chair": 0.00546448087431694,
  "champion": 0.00546448087431694,
  "choos": 0.00546448087431694,
  "click": 0.00546448087431694,
  "code": 0.00819672131147541,
  "collabor": 0.00273224043715847,
  "content": 0.00273224043715847,
  "contribut": 0.00273224043715847,
  "copiou": 0.00273224043715847,
  "corner": 0.00546448087431694,
  "detail": 0.00273224043715847,
  "develop": 0.00546448087431694,
  "discuss": 0.00546448087431694,
  "email": 0.00273224043715847,
  "encourag": 0.00273224043715847,
  "event": 0.00273224043715847,
  "exist": 0.00273224043715847,
  "familiar": 0.00273224043715847,
  "find": 0.00273224043715847,
  "free": 0.00546448087431694,
  "gener": 0.00273224043715847,
  "group": 0.00546448087431694,
  "hackathon": 0.01366120218579235,
  "happen": 0.00273224043715847,
  "help": 0.00546448087431694,
  "hold": 0.00273224043715847,
  "http": 0.00273224043715847,
  "idea": 0.00546448087431694,
  "ietf": 0.00819672131147541,
  "implement": 0.00273224043715847,
  "includ": 0.00273224043715847,
  "individu": 0.00273224043715847,
  "interest": 0.00819672131147541,
  "introduc": 0.00273224043715847,
  "link": 0.00546448087431694,
  "list": 0.0273224043715847,
  "listinfo": 0.00273224043715847,
  "login": 0.00819672131147541,
  "mail": 0.00819672131147541,
  "mailman": 0.00273224043715847,
  "manag": 0.00273224043715847,
  "materi": 0.00273224043715847,
  "network": 0.00273224043715847,
  "open": 0.00546448087431694,
  "org": 0.00819672131147541,
  "organ": 0.00273224043715847,
  "overview": 0.00273224043715847,
  "particip": 0.00273224043715847,
  "password": 0.00546448087431694,
  "peopl": 0.00273224043715847,
  "plan": 0.00273224043715847,
  "polici": 0.00273224043715847,
  "potenti": 0.00546448087431694,
  "practic": 0.00273224043715847,
  "prefer": 0.00273224043715847,
  "prepar": 0.00273224043715847,
  "present": 0.00273224043715847,
  "principl": 0.00273224043715847,
  "process": 0.00273224043715847,
  "project": 0.00546448087431694,
  "properti": 0.00273224043715847,
  "public": 0.00273224043715847,
  "question": 0.00273224043715847,
  "regist": 0.00273224043715847,
  "request": 0.00273224043715847,
  "requir": 0.00273224043715847,
  "resourc": 0.00546448087431694,
  "right": 0.00273224043715847,
  "run": 0.00273224043715847,
  "sampl": 0.00273224043715847,
  "search": 0.00546448087431694,
  "send": 0.00546448087431694,
  "sign": 0.00273224043715847,
  "solut": 0.00273224043715847,
  "sourc": 0.00273224043715847,
  "standard": 0.00546448087431694,
  "subscrib": 0.00273224043715847,
  "t": 0.00273224043715847,
  "technolog": 0.02459016393442623,
  "thing": 0.00273224043715847,
  "time": 0.00546448087431694,
  "tool": 0.00273224043715847,
  "transport": 0.00273224043715847,
  "upcom": 0.00273224043715847,
  "util": 0.00273224043715847,
  "volunt": 0.00273224043715847,
  "wiki": 0.00546448087431694,
  "will": 0.00273224043715847,
  "work": 0.01092896174863388
}