{
  "101": 0.010471204188481676,
  "90": 0.005235602094240838,
  "AMS": 0.005235602094240838,
  "About": 0.010471204188481676,
  "Applicat": 0.005235602094240838,
  "Area": 0.06806282722513089,
  "Autom": 0.005235602094240838,
  "Blog": 0.010471204188481676,
  "Commun": 0.005235602094240838,
  "Contact": 0.010471204188481676,
  "Datatrack": 0.010471204188481676,
  "Draft": 0.005235602094240838,
  "Editor": 0.005235602094240838,
  "Email": 0.015706806282722512,
  "Go": 0.005235602094240838,
  "Group": 0.010471204188481676,
  "Hide": 0.005235602094240838,
  "How": 0.005235602094240838,
  "IAB": 0.005235602094240838,
  "IANA": 0.005235602094240838,
  "IAOC": 0.005235602094240838,
  "IESG": 0.010471204188481676,
  "IETF": 0.06806282722513089,
  "IRTF": 0.005235602094240838,
  "ISOC": 0.005235602094240838,
  "In": 0.005235602094240838,
  "Info": 0.005235602094240838,
  "Intellectu": 0.005235602094240838,
  "Internet": 0.020942408376963352,
  "Introduct": 0.005235602094240838,
  "Kei": 0.005235602094240838,
  "London": 0.010471204188481676,
  "Manag": 0.02617801047120419,
  "Meet": 0.005235602094240838,
  "Mission": 0.005235602094240838,
  "New": 0.02617801047120419,
  "OPS": 0.005235602094240838,
  "Online": 0.005235602094240838,
  "Operat": 0.02617801047120419,
  "Particip": 0.010471204188481676,
  "Privaci": 0.005235602094240838,
  "Quick": 0.010471204188481676,
  "RFC": 0.010471204188481676,
  "Real": 0.005235602094240838,
  "Rout": 0.005235602094240838,
  "Run": 0.005235602094240838,
  "Search": 0.03664921465968586,
  "Secretariat": 0.005235602094240838,
  "Secur": 0.005235602094240838,
  "Slide": 0.005235602094240838,
  "Standard": 0.005235602094240838,
  "Statement": 0.010471204188481676,
  "Support": 0.005235602094240838,
  "The": 0.010471204188481676,
  "Thi": 0.005235602094240838,
  "Thing": 0.005235602094240838,
  "Time": 0.005235602094240838,
  "Tool": 0.010471204188481676,
  "Topic": 0.005235602094240838,
  "Transport": 0.005235602094240838,
  "Trust": 0.005235602094240838,
  "Tutori": 0.005235602094240838,
  "Video": 0.005235602094240838,
  "WG": 0.010471204188481676,
  "Websit": 0.005235602094240838,
  "Who": 0.005235602094240838,
  "Work": 0.010471204188481676,
  "archiv": 0.010471204188481676,
  "area": 0.010471204188481676,
  "blog": 0.010471204188481676,
  "chair": 0.010471204188481676,
  "code": 0.005235602094240838,
  "current": 0.005235602094240838,
  "describ": 0.010471204188481676,
  "discuss": 0.005235602094240838,
  "event": 0.005235602094240838,
  "extern": 0.005235602094240838,
  "group": 0.010471204188481676,
  "high": 0.005235602094240838,
  "interest": 0.005235602094240838,
  "introduc": 0.005235602094240838,
  "introduct": 0.041884816753926704,
  "level": 0.005235602094240838,
  "link": 0.010471204188481676,
  "list": 0.015706806282722512,
  "manag": 0.010471204188481676,
  "network": 0.005235602094240838,
  "overview": 0.015706806282722512,
  "polici": 0.005235602094240838,
  "present": 0.010471204188481676,
  "principl": 0.005235602094240838,
  "process": 0.005235602094240838,
  "properti": 0.005235602094240838,
  "protocol": 0.005235602094240838,
  "relat": 0.005235602094240838,
  "resourc": 0.010471204188481676,
  "right": 0.005235602094240838,
  "scope": 0.005235602094240838,
  "search": 0.010471204188481676,
  "standard": 0.005235602094240838,
  "technolog": 0.005235602094240838,
  "tool": 0.005235602094240838,
  "transport": 0.005235602094240838,
  "tutori": 0.010471204188481676,
  "work": 0.005235602094240838
}