{
  "00": 0.0024691358024691358,
  "1": 0.012345679012345678,
  "101": 0.0049382716049382715,
  "2": 0.0024691358024691358,
  "200": 0.0024691358024691358,
  "3": 0.0049382716049382715,
  "30": 0.0024691358024691358,
  "3G": 0.0024691358024691358,
  "6": 0.0024691358024691358,
  "60": 0.0024691358024691358,
  "87": 0.0024691358024691358,
  "94": 0.024691358024691357,
  "AMS": 0.0024691358024691358,
  "About": 0.0024691358024691358,
  "Agenda": 0.0024691358024691358,
  "Area": 0.0024691358024691358,
  "Attende": 0.0024691358024691358,
  "Autom": 0.0024691358024691358,
  "Blog": 0.0049382716049382715,
  "Chapter": 0.009876543209876543,
  "Commun": 0.0024691358024691358,
  "Contact": 0.0049382716049382715,
  "Dai": 0.009876543209876543,
  "Datatrack": 0.0049382716049382715,
  "Draft": 0.0024691358024691358,
  "Editor": 0.0024691358024691358,
  "Email": 0.007407407407407408,
  "Engineer": 0.0049382716049382715,
  "Experienc": 0.0024691358024691358,
  "Forc": 0.0024691358024691358,
  "Get": 0.0024691358024691358,
  "Go": 0.0024691358024691358,
  "Group": 0.0049382716049382715,
  "Guest": 0.024691358024691357,
  "Hide": 0.0024691358024691358,
  "How": 0.0049382716049382715,
  "IAB": 0.0024691358024691358,
  "IANA": 0.0024691358024691358,
  "IAOC": 0.0024691358024691358,
  "ID": 0.0024691358024691358,
  "IESG": 0.0049382716049382715,
  "IETF": 0.05925925925925926,
  "IP": 0.0024691358024691358,
  "IPv6": 0.0024691358024691358,
  "IRTF": 0.0024691358024691358,
  "ISOC": 0.007407407407407408,
  "If": 0.0024691358024691358,
  "In": 0.0024691358024691358,
  "Info": 0.0024691358024691358,
  "Instructor": 0.0024691358024691358,
  "Intellectu": 0.0024691358024691358,
  "Interest": 0.0024691358024691358,
  "Internet": 0.03209876543209877,
  "It": 0.0024691358024691358,
  "Join": 0.0024691358024691358,
  "Kei": 0.0024691358024691358,
  "Lead": 0.0024691358024691358,
  "List": 0.0024691358024691358,
  "Local": 0.0024691358024691358,
  "London": 0.0049382716049382715,
  "Meet": 0.009876543209876543,
  "Member": 0.0024691358024691358,
  "Mission": 0.0024691358024691358,
  "New": 0.012345679012345678,
  "Newcom": 0.0024691358024691358,
  "Note": 0.0024691358024691358,
  "Novemb": 0.007407407407407408,
  "Online": 0.0024691358024691358,
  "PM": 0.0024691358024691358,
  "Pacifico": 0.0049382716049382715,
  "Particip": 0.0024691358024691358,
  "Pass": 0.009876543209876543,
  "Past": 0.0024691358024691358,
  "Pick": 0.0024691358024691358,
  "Privaci": 0.0024691358024691358,
  "Professor": 0.0024691358024691358,
  "Quick": 0.0049382716049382715,
  "RFC": 0.0049382716049382715,
  "Regist": 0.0024691358024691358,
  "Registr": 0.0049382716049382715,
  "Run": 0.0024691358024691358,
  "Search": 0.01728395061728395,
  "Secretariat": 0.0024691358024691358,
  "See": 0.0024691358024691358,
  "Send": 0.0024691358024691358,
  "Societi": 0.0049382716049382715,
  "Standard": 0.0049382716049382715,
  "Statement": 0.0049382716049382715,
  "Student": 0.0049382716049382715,
  "Subscrib": 0.0024691358024691358,
  "Sundai": 0.0049382716049382715,
  "Support": 0.0024691358024691358,
  "TCP": 0.0024691358024691358,
  "Tabl": 0.0024691358024691358,
  "Task": 0.0024691358024691358,
  "The": 0.019753086419753086,
  "Thing": 0.0024691358024691358,
  "To": 0.0049382716049382715,
  "Tool": 0.0049382716049382715,
  "Topic": 0.0024691358024691358,
  "Train": 0.0024691358024691358,
  "Trust": 0.0024691358024691358,
  "Tuesdai": 0.0049382716049382715,
  "Univers": 0.0024691358024691358,
  "VoIP": 0.0024691358024691358,
  "WG": 0.0049382716049382715,
  "We": 0.0024691358024691358,
  "Websit": 0.0024691358024691358,
  "Who": 0.0024691358024691358,
  "Work": 0.0049382716049382715,
  "Yokohama": 0.012345679012345678,
  "You": 0.0024691358024691358,
  "agenda": 0.0024691358024691358,
  "architectur": 0.0024691358024691358,
  "archiv": 0.0049382716049382715,
  "attend": 0.0049382716049382715,
  "attende": 0.0024691358024691358,
  "basi": 0.0024691358024691358,
  "better": 0.0024691358024691358,
  "blog": 0.0049382716049382715,
  "chair": 0.0049382716049382715,
  "check": 0.0024691358024691358,
  "code": 0.0049382716049382715,
  "commun": 0.0049382716049382715,
  "complimentari": 0.0024691358024691358,
  "concern": 0.0024691358024691358,
  "consensu": 0.0024691358024691358,
  "conven": 0.0024691358024691358,
  "convers": 0.0024691358024691358,
  "corpor": 0.0024691358024691358,
  "countri": 0.0024691358024691358,
  "dai": 0.009876543209876543,
  "datatrack": 0.0024691358024691358,
  "decis": 0.0024691358024691358,
  "develop": 0.0049382716049382715,
  "discuss": 0.0024691358024691358,
  "don": 0.0024691358024691358,
  "email": 0.0024691358024691358,
  "endeavor": 0.0024691358024691358,
  "engin": 0.0024691358024691358,
  "event": 0.007407407407407408,
  "evolut": 0.0024691358024691358,
  "expect": 0.0024691358024691358,
  "face": 0.0049382716049382715,
  "forward": 0.0024691358024691358,
  "govern": 0.0024691358024691358,
  "great": 0.0024691358024691358,
  "group": 0.0049382716049382715,
  "hand": 0.0024691358024691358,
  "held": 0.0024691358024691358,
  "html": 0.009876543209876543,
  "http": 0.009876543209876543,
  "iad": 0.0024691358024691358,
  "ietf": 0.012345679012345678,
  "includ": 0.0024691358024691358,
  "indic": 0.0024691358024691358,
  "individu": 0.0024691358024691358,
  "instant": 0.0024691358024691358,
  "instructor": 0.0049382716049382715,
  "interest": 0.0049382716049382715,
  "intern": 0.0024691358024691358,
  "invit": 0.0024691358024691358,
  "lead": 0.0049382716049382715,
  "learn": 0.0024691358024691358,
  "link": 0.0049382716049382715,
  "list": 0.007407407407407408,
  "local": 0.0024691358024691358,
  "mail": 0.0024691358024691358,
  "manag": 0.0024691358024691358,
  "meet": 0.01728395061728395,
  "member": 0.007407407407407408,
  "messag": 0.0024691358024691358,
  "network": 0.0049382716049382715,
  "newcom": 0.0024691358024691358,
  "ongo": 0.0024691358024691358,
  "onlin": 0.0024691358024691358,
  "open": 0.0049382716049382715,
  "oper": 0.0024691358024691358,
  "opportun": 0.0024691358024691358,
  "org": 0.012345679012345678,
  "organ": 0.0024691358024691358,
  "pai": 0.0024691358024691358,
  "particip": 0.007407407407407408,
  "peopl": 0.0024691358024691358,
  "polici": 0.0024691358024691358,
  "premier": 0.0024691358024691358,
  "principl": 0.0024691358024691358,
  "process": 0.007407407407407408,
  "progress": 0.0024691358024691358,
  "properti": 0.0024691358024691358,
  "provid": 0.0024691358024691358,
  "receiv": 0.0024691358024691358,
  "regist": 0.0024691358024691358,
  "request": 0.0024691358024691358,
  "research": 0.0024691358024691358,
  "resourc": 0.0049382716049382715,
  "respons": 0.0024691358024691358,
  "right": 0.0024691358024691358,
  "rough": 0.0024691358024691358,
  "run": 0.0024691358024691358,
  "schedul": 0.0049382716049382715,
  "search": 0.0049382716049382715,
  "session": 0.0024691358024691358,
  "smooth": 0.0024691358024691358,
  "standard": 0.012345679012345678,
  "student": 0.0049382716049382715,
  "subject": 0.0024691358024691358,
  "t": 0.0024691358024691358,
  "tag": 0.0024691358024691358,
  "technolog": 0.0024691358024691358,
  "three": 0.0024691358024691358,
  "time": 0.0024691358024691358,
  "tip": 0.0024691358024691358,
  "tool": 0.0024691358024691358,
  "transport": 0.0024691358024691358,
  "tutori": 0.0024691358024691358,
  "uniqu": 0.0024691358024691358,
  "volunt": 0.0049382716049382715,
  "welcom": 0.0024691358024691358,
  "will": 0.0049382716049382715,
  "work": 0.012345679012345678,
  "worldwid": 0.0024691358024691358,
  "year": 0.0024691358024691358
}