{
  "101": 0.012903225806451613,
  "98": 0.025806451612903226,
  "AMS": 0.0064516129032258064,
  "About": 0.0064516129032258064,
  "Area": 0.0064516129032258064,
  "Autom": 0.0064516129032258064,
  "Blog": 0.012903225806451613,
  "Chicago": 0.012903225806451613,
  "Commun": 0.0064516129032258064,
  "Contact": 0.01935483870967742,
  "Datatrack": 0.012903225806451613,
  "Draft": 0.0064516129032258064,
  "Editor": 0.0064516129032258064,
  "Email": 0.01935483870967742,
  "Go": 0.0064516129032258064,
  "Group": 0.0064516129032258064,
  "Hide": 0.0064516129032258064,
  "How": 0.012903225806451613,
  "IAB": 0.0064516129032258064,
  "IANA": 0.0064516129032258064,
  "IAOC": 0.0064516129032258064,
  "IESG": 0.012903225806451613,
  "IETF": 0.09032258064516129,
  "IRTF": 0.0064516129032258064,
  "ISOC": 0.0064516129032258064,
  "In": 0.012903225806451613,
  "Informat": 0.0064516129032258064,
  "Intellectu": 0.0064516129032258064,
  "Internet": 0.01935483870967742,
  "Local": 0.0064516129032258064,
  "London": 0.012903225806451613,
  "Meet": 0.01935483870967742,
  "Mission": 0.0064516129032258064,
  "New": 0.03225806451612903,
  "Online": 0.0064516129032258064,
  "Particip": 0.0064516129032258064,
  "Past": 0.0064516129032258064,
  "Privaci": 0.0064516129032258064,
  "Quick": 0.012903225806451613,
  "RFC": 0.012903225806451613,
  "Run": 0.0064516129032258064,
  "Search": 0.04516129032258064,
  "Secretariat": 0.0064516129032258064,
  "Standard": 0.0064516129032258064,
  "Statement": 0.012903225806451613,
  "Support": 0.0064516129032258064,
  "The": 0.012903225806451613,
  "Thing": 0.0064516129032258064,
  "Tool": 0.012903225806451613,
  "Topic": 0.0064516129032258064,
  "Trust": 0.0064516129032258064,
  "WG": 0.012903225806451613,
  "We": 0.0064516129032258064,
  "Websit": 0.0064516129032258064,
  "Who": 0.0064516129032258064,
  "Work": 0.0064516129032258064,
  "address": 0.0064516129032258064,
  "archiv": 0.012903225806451613,
  "blog": 0.012903225806451613,
  "card": 0.0064516129032258064,
  "chair": 0.012903225806451613,
  "code": 0.0064516129032258064,
  "contact": 0.01935483870967742,
  "creat": 0.0064516129032258064,
  "depth": 0.0064516129032258064,
  "discuss": 0.0064516129032258064,
  "downloadedÂ": 0.0064516129032258064,
  "event": 0.012903225806451613,
  "file": 0.0064516129032258064,
  "group": 0.0064516129032258064,
  "interest": 0.0064516129032258064,
  "kei": 0.0064516129032258064,
  "link": 0.012903225806451613,
  "list": 0.01935483870967742,
  "local": 0.012903225806451613,
  "manag": 0.0064516129032258064,
  "meet": 0.0064516129032258064,
  "network": 0.0064516129032258064,
  "number": 0.0064516129032258064,
  "phone": 0.0064516129032258064,
  "polici": 0.0064516129032258064,
  "principl": 0.0064516129032258064,
  "process": 0.0064516129032258064,
  "properti": 0.0064516129032258064,
  "resourc": 0.012903225806451613,
  "right": 0.0064516129032258064,
  "search": 0.012903225806451613,
  "standard": 0.0064516129032258064,
  "technolog": 0.0064516129032258064,
  "tool": 0.0064516129032258064,
  "transport": 0.0064516129032258064,
  "vcf": 0.0064516129032258064,
  "week": 0.0064516129032258064,
  "work": 0.012903225806451613
}