{
  "101": 0.00980392156862745,
  "95": 0.004901960784313725,
  "AMS": 0.004901960784313725,
  "ART": 0.004901960784313725,
  "About": 0.00980392156862745,
  "Applicat": 0.024509803921568627,
  "Area": 0.06372549019607843,
  "Autom": 0.004901960784313725,
  "Blog": 0.00980392156862745,
  "Commun": 0.004901960784313725,
  "Contact": 0.00980392156862745,
  "Datatrack": 0.00980392156862745,
  "Draft": 0.004901960784313725,
  "Editor": 0.004901960784313725,
  "Email": 0.014705882352941176,
  "Go": 0.004901960784313725,
  "Group": 0.004901960784313725,
  "Hide": 0.004901960784313725,
  "How": 0.004901960784313725,
  "IAB": 0.004901960784313725,
  "IANA": 0.004901960784313725,
  "IAOC": 0.004901960784313725,
  "IESG": 0.00980392156862745,
  "IETF": 0.06372549019607843,
  "IRTF": 0.004901960784313725,
  "ISOC": 0.004901960784313725,
  "In": 0.004901960784313725,
  "Info": 0.004901960784313725,
  "Intellectu": 0.004901960784313725,
  "Internet": 0.0196078431372549,
  "Introduct": 0.004901960784313725,
  "Kei": 0.004901960784313725,
  "London": 0.00980392156862745,
  "Manag": 0.004901960784313725,
  "Meet": 0.004901960784313725,
  "Mission": 0.004901960784313725,
  "New": 0.024509803921568627,
  "Online": 0.004901960784313725,
  "Operat": 0.004901960784313725,
  "Particip": 0.00980392156862745,
  "Privaci": 0.004901960784313725,
  "Quick": 0.00980392156862745,
  "RFC": 0.00980392156862745,
  "Real": 0.024509803921568627,
  "Rout": 0.004901960784313725,
  "Run": 0.004901960784313725,
  "Search": 0.03431372549019608,
  "Secretariat": 0.004901960784313725,
  "Secur": 0.004901960784313725,
  "Slide": 0.004901960784313725,
  "Standard": 0.004901960784313725,
  "Statement": 0.00980392156862745,
  "Support": 0.004901960784313725,
  "The": 0.00980392156862745,
  "Thi": 0.004901960784313725,
  "Thing": 0.004901960784313725,
  "Time": 0.024509803921568627,
  "Tool": 0.00980392156862745,
  "Topic": 0.004901960784313725,
  "Transport": 0.004901960784313725,
  "Trust": 0.004901960784313725,
  "Tutori": 0.004901960784313725,
  "Video": 0.004901960784313725,
  "WG": 0.00980392156862745,
  "Web": 0.004901960784313725,
  "Websit": 0.004901960784313725,
  "Who": 0.004901960784313725,
  "Work": 0.004901960784313725,
  "archiv": 0.00980392156862745,
  "area": 0.014705882352941176,
  "blog": 0.00980392156862745,
  "calendar": 0.004901960784313725,
  "chair": 0.00980392156862745,
  "code": 0.004901960784313725,
  "concentr": 0.004901960784313725,
  "core": 0.004901960784313725,
  "cover": 0.00980392156862745,
  "discuss": 0.00980392156862745,
  "email": 0.004901960784313725,
  "emerg": 0.004901960784313725,
  "event": 0.004901960784313725,
  "group": 0.00980392156862745,
  "high": 0.004901960784313725,
  "includ": 0.004901960784313725,
  "instant": 0.004901960784313725,
  "interest": 0.004901960784313725,
  "introduct": 0.0392156862745098,
  "kei": 0.004901960784313725,
  "level": 0.004901960784313725,
  "link": 0.00980392156862745,
  "list": 0.014705882352941176,
  "main": 0.004901960784313725,
  "manag": 0.004901960784313725,
  "messag": 0.004901960784313725,
  "network": 0.004901960784313725,
  "overview": 0.014705882352941176,
  "polici": 0.004901960784313725,
  "present": 0.004901960784313725,
  "principl": 0.004901960784313725,
  "process": 0.004901960784313725,
  "properti": 0.004901960784313725,
  "protocol": 0.004901960784313725,
  "resourc": 0.00980392156862745,
  "right": 0.004901960784313725,
  "search": 0.00980392156862745,
  "standard": 0.004901960784313725,
  "technolog": 0.004901960784313725,
  "tool": 0.004901960784313725,
  "transport": 0.004901960784313725,
  "tutori": 0.014705882352941176,
  "video": 0.004901960784313725,
  "voic": 0.004901960784313725,
  "work": 0.014705882352941176
}